backbone,rep,method,kind,skin,dgroup,n_pos,sens,auroc_vs_benign,subset,n,auroc
resnet50_frozen,0,source,stratum,light,KC,16,0.6875,0.53369140625,,,
resnet50_frozen,0,source,stratum,light,MEL,2,0.5,0.3046875,,,
resnet50_frozen,0,source,stratum,light,OTH,2,1.0,0.3515625,,,
resnet50_frozen,0,source,stratum,mid,KC,24,0.7916666666666666,0.5357587064676617,,,
resnet50_frozen,0,source,stratum,mid,MEL,4,0.75,0.5727611940298507,,,
resnet50_frozen,0,source,stratum,mid,LYM,1,1.0,0.4477611940298507,,,
resnet50_frozen,0,source,stratum,mid,OTH,1,1.0,0.5522388059701493,,,
resnet50_frozen,0,source,stratum,dark,KC,4,1.0,0.734375,,,
resnet50_frozen,0,source,stratum,dark,MEL,4,0.75,0.5859375,,,
resnet50_frozen,0,source,stratum,dark,LYM,11,0.9090909090909091,0.6775568181818181,,,
resnet50_frozen,0,source,overall,light,,20,0.7,,all,84.0,0.49257812500000003
resnet50_frozen,0,source,overall,mid,,30,0.8,,all,97.0,0.5383084577114428
resnet50_frozen,0,source,overall,dark,,19,0.8947368421052632,,all,83.0,0.6702302631578947
resnet50_frozen,0,source,overall,light,,20,0.7,,noLYM,84.0,0.49257812500000003
resnet50_frozen,0,source,overall,mid,,29,0.7931034482758621,,noLYM,96.0,0.541430777148739
resnet50_frozen,0,source,overall,dark,,8,0.875,,noLYM,72.0,0.66015625
resnet50_frozen,0,simple,stratum,light,KC,16,0.0625,0.6611328125,,,
resnet50_frozen,0,simple,stratum,light,MEL,2,0.0,0.0546875,,,
resnet50_frozen,0,simple,stratum,light,OTH,2,0.0,0.65625,,,
resnet50_frozen,0,simple,stratum,mid,KC,24,0.08333333333333333,0.7064676616915423,,,
resnet50_frozen,0,simple,stratum,mid,MEL,4,0.0,0.48880597014925375,,,
resnet50_frozen,0,simple,stratum,mid,LYM,1,0.0,0.417910447761194,,,
resnet50_frozen,0,simple,stratum,mid,OTH,1,0.0,0.14925373134328357,,,
resnet50_frozen,0,simple,stratum,dark,KC,4,0.0,0.23828125,,,
resnet50_frozen,0,simple,stratum,dark,MEL,4,0.0,0.31640625,,,
resnet50_frozen,0,simple,stratum,dark,LYM,11,0.18181818181818182,0.9119318181818181,,,
resnet50_frozen,0,simple,overall,light,,20,0.05,,all,84.0,0.6
resnet50_frozen,0,simple,overall,mid,,30,0.06666666666666667,,all,97.0,0.6492537313432836
resnet50_frozen,0,simple,overall,dark,,19,0.10526315789473684,,all,83.0,0.644736842105263
resnet50_frozen,0,simple,overall,light,,20,0.05,,noLYM,84.0,0.6
resnet50_frozen,0,simple,overall,mid,,29,0.06896551724137931,,noLYM,96.0,0.6572310859495625
resnet50_frozen,0,simple,overall,dark,,8,0.0,,noLYM,72.0,0.27734375
resnet50_frozen,0,fair,stratum,light,KC,16,0.0625,0.677734375,,,
resnet50_frozen,0,fair,stratum,light,MEL,2,0.0,0.078125,,,
resnet50_frozen,0,fair,stratum,light,OTH,2,0.0,0.7421875,,,
resnet50_frozen,0,fair,stratum,mid,KC,24,0.125,0.7350746268656717,,,
resnet50_frozen,0,fair,stratum,mid,MEL,4,0.0,0.4925373134328358,,,
resnet50_frozen,0,fair,stratum,mid,LYM,1,0.0,0.4477611940298507,,,
resnet50_frozen,0,fair,stratum,mid,OTH,1,0.0,0.11940298507462688,,,
resnet50_frozen,0,fair,stratum,dark,KC,4,0.0,0.27734375,,,
resnet50_frozen,0,fair,stratum,dark,MEL,4,0.0,0.34765625,,,
resnet50_frozen,0,fair,stratum,dark,LYM,11,0.36363636363636365,0.9460227272727273,,,
resnet50_frozen,0,fair,overall,light,,20,0.05,,all,84.0,0.62421875
resnet50_frozen,0,fair,overall,mid,,30,0.1,,all,97.0,0.672636815920398
resnet50_frozen,0,fair,overall,dark,,19,0.21052631578947367,,all,83.0,0.6792763157894737
resnet50_frozen,0,fair,overall,light,,20,0.05,,noLYM,84.0,0.62421875
resnet50_frozen,0,fair,overall,mid,,29,0.10344827586206896,,noLYM,96.0,0.6803911477097272
resnet50_frozen,0,fair,overall,dark,,8,0.0,,noLYM,72.0,0.3125
resnet50_frozen,1,source,stratum,light,KC,15,0.6,0.396875,,,
resnet50_frozen,1,source,stratum,light,MEL,3,0.6666666666666666,0.35937499999999994,,,
resnet50_frozen,1,source,stratum,light,OTH,2,0.5,0.4375,,,
resnet50_frozen,1,source,stratum,mid,KC,17,0.6470588235294118,0.5610184372256366,,,
resnet50_frozen,1,source,stratum,mid,MEL,6,0.8333333333333334,0.6082089552238806,,,
resnet50_frozen,1,source,stratum,mid,LYM,4,0.75,0.5503731343283582,,,
resnet50_frozen,1,source,stratum,mid,OTH,3,0.3333333333333333,0.33333333333333337,,,
resnet50_frozen,1,source,stratum,dark,KC,2,1.0,0.70703125,,,
resnet50_frozen,1,source,stratum,dark,MEL,3,0.6666666666666666,0.6145833333333334,,,
resnet50_frozen,1,source,stratum,dark,LYM,13,0.6923076923076923,0.5817307692307692,,,
resnet50_frozen,1,source,stratum,dark,OTH,1,1.0,0.65625,,,
resnet50_frozen,1,source,overall,light,,20,0.6,,all,84.0,0.3953125
resnet50_frozen,1,source,overall,mid,,30,0.6666666666666666,,all,97.0,0.5462686567164179
resnet50_frozen,1,source,overall,dark,,19,0.7368421052631579,,all,83.0,0.6040296052631579
resnet50_frozen,1,source,overall,light,,20,0.6,,noLYM,84.0,0.3953125
resnet50_frozen,1,source,overall,mid,,26,0.6538461538461539,,noLYM,93.0,0.5456371986222732
resnet50_frozen,1,source,overall,dark,,6,0.8333333333333334,,noLYM,70.0,0.65234375
resnet50_frozen,1,simple,stratum,light,KC,15,0.2,0.8135416666666667,,,
resnet50_frozen,1,simple,stratum,light,MEL,3,0.3333333333333333,0.546875,,,
resnet50_frozen,1,simple,stratum,light,OTH,2,0.0,0.359375,,,
resnet50_frozen,1,simple,stratum,mid,KC,17,0.0,0.7708516242317822,,,
resnet50_frozen,1,simple,stratum,mid,MEL,6,0.16666666666666666,0.5870646766169154,,,
resnet50_frozen,1,simple,stratum,mid,LYM,4,0.0,0.75,,,
resnet50_frozen,1,simple,stratum,mid,OTH,3,0.0,0.4825870646766169,,,
resnet50_frozen,1,simple,stratum,dark,KC,2,0.0,0.53125,,,
resnet50_frozen,1,simple,stratum,dark,MEL,3,0.0,0.6927083333333333,,,
resnet50_frozen,1,simple,stratum,dark,LYM,13,0.23076923076923078,0.7512019230769231,,,
resnet50_frozen,1,simple,stratum,dark,OTH,1,0.0,0.90625,,,
resnet50_frozen,1,simple,overall,light,,20,0.2,,all,84.0,0.7281249999999999
resnet50_frozen,1,simple,overall,mid,,30,0.03333333333333333,,all,97.0,0.7024875621890547
resnet50_frozen,1,simple,overall,dark,,19,0.15789473684210525,,all,83.0,0.7269736842105264
resnet50_frozen,1,simple,overall,light,,20,0.2,,noLYM,84.0,0.7281249999999999
resnet50_frozen,1,simple,overall,mid,,26,0.038461538461538464,,noLYM,93.0,0.6951779563719862
resnet50_frozen,1,simple,overall,dark,,6,0.0,,noLYM,70.0,0.6744791666666666
resnet50_frozen,1,fair,stratum,light,KC,15,0.2,0.8447916666666667,,,
resnet50_frozen,1,fair,stratum,light,MEL,3,0.3333333333333333,0.578125,,,
resnet50_frozen,1,fair,stratum,light,OTH,2,0.0,0.4453125,,,
resnet50_frozen,1,fair,stratum,mid,KC,17,0.058823529411764705,0.7647058823529412,,,
resnet50_frozen,1,fair,stratum,mid,MEL,6,0.16666666666666666,0.5820895522388059,,,
resnet50_frozen,1,fair,stratum,mid,LYM,4,0.0,0.8022388059701493,,,
resnet50_frozen,1,fair,stratum,mid,OTH,3,0.3333333333333333,0.5124378109452736,,,
resnet50_frozen,1,fair,stratum,dark,KC,2,0.0,0.578125,,,
resnet50_frozen,1,fair,stratum,dark,MEL,3,0.0,0.625,,,
resnet50_frozen,1,fair,stratum,dark,LYM,13,0.3076923076923077,0.7896634615384615,,,
resnet50_frozen,1,fair,stratum,dark,OTH,1,0.0,0.953125,,,
resnet50_frozen,1,fair,overall,light,,20,0.2,,all,84.0,0.76484375
resnet50_frozen,1,fair,overall,mid,,30,0.1,,all,97.0,0.7079601990049751
resnet50_frozen,1,fair,overall,dark,,19,0.21052631578947367,,all,83.0,0.7500000000000001
resnet50_frozen,1,fair,overall,light,,20,0.2,,noLYM,84.0,0.76484375
resnet50_frozen,1,fair,overall,mid,,26,0.11538461538461539,,noLYM,93.0,0.69345579793341
resnet50_frozen,1,fair,overall,dark,,6,0.0,,noLYM,70.0,0.6640625
resnet50_frozen,2,source,stratum,light,KC,12,0.75,0.5169270833333334,,,
resnet50_frozen,2,source,stratum,light,MEL,4,0.75,0.33984375,,,
resnet50_frozen,2,source,stratum,light,LYM,2,1.0,0.5234375,,,
resnet50_frozen,2,source,stratum,light,OTH,2,1.0,0.75,,,
resnet50_frozen,2,source,stratum,mid,KC,25,0.8,0.5585074626865671,,,
resnet50_frozen,2,source,stratum,mid,MEL,3,1.0,0.6840796019900497,,,
resnet50_frozen,2,source,stratum,mid,LYM,1,1.0,0.34328358208955223,,,
resnet50_frozen,2,source,stratum,mid,OTH,1,1.0,0.5074626865671642,,,
resnet50_frozen,2,source,stratum,dark,KC,4,1.0,0.69921875,,,
resnet50_frozen,2,source,stratum,dark,MEL,4,0.5,0.46875,,,
resnet50_frozen,2,source,stratum,dark,LYM,9,0.7777777777777778,0.71875,,,
resnet50_frozen,2,source,stratum,dark,OTH,2,1.0,0.8203125,,,
resnet50_frozen,2,source,overall,light,,20,0.8,,all,84.0,0.50546875
resnet50_frozen,2,source,overall,mid,,30,0.8333333333333334,,all,97.0,0.5621890547263682
resnet50_frozen,2,source,overall,dark,,19,0.7894736842105263,,all,83.0,0.6726973684210527
resnet50_frozen,2,source,overall,light,,18,0.7777777777777778,,noLYM,82.0,0.5034722222222222
resnet50_frozen,2,source,overall,mid,,29,0.8275862068965517,,noLYM,96.0,0.5697375193000515
resnet50_frozen,2,source,overall,dark,,10,0.8,,noLYM,74.0,0.63125
resnet50_frozen,2,simple,stratum,light,KC,12,0.0,0.7434895833333334,,,
resnet50_frozen,2,simple,stratum,light,MEL,4,0.25,0.59765625,,,
resnet50_frozen,2,simple,stratum,light,LYM,2,0.0,0.5859375,,,
resnet50_frozen,2,simple,stratum,light,OTH,2,0.0,0.46875,,,
resnet50_frozen,2,simple,stratum,mid,KC,25,0.04,0.7104477611940299,,,
resnet50_frozen,2,simple,stratum,mid,MEL,3,0.0,0.2736318407960199,,,
resnet50_frozen,2,simple,stratum,mid,LYM,1,0.0,0.791044776119403,,,
resnet50_frozen,2,simple,stratum,mid,OTH,1,0.0,0.11940298507462688,,,
resnet50_frozen,2,simple,stratum,dark,KC,4,0.0,0.67578125,,,
resnet50_frozen,2,simple,stratum,dark,MEL,4,0.0,0.5,,,
resnet50_frozen,2,simple,stratum,dark,LYM,9,0.3333333333333333,0.8333333333333333,,,
resnet50_frozen,2,simple,stratum,dark,OTH,2,0.0,0.3984375,,,
resnet50_frozen,2,simple,overall,light,,20,0.05,,all,84.0,0.6710937499999999
resnet50_frozen,2,simple,overall,mid,,30,0.03333333333333333,,all,97.0,0.6497512437810946
resnet50_frozen,2,simple,overall,dark,,19,0.15789473684210525,,all,83.0,0.6842105263157895
resnet50_frozen,2,simple,overall,light,,18,0.05555555555555555,,noLYM,82.0,0.6805555555555555
resnet50_frozen,2,simple,overall,mid,,29,0.034482758620689655,,noLYM,96.0,0.6448790530108081
resnet50_frozen,2,simple,overall,dark,,10,0.0,,noLYM,74.0,0.55
resnet50_frozen,2,fair,stratum,light,KC,12,0.08333333333333333,0.7786458333333333,,,
resnet50_frozen,2,fair,stratum,light,MEL,4,0.0,0.57421875,,,
resnet50_frozen,2,fair,stratum,light,LYM,2,0.0,0.7578125,,,
resnet50_frozen,2,fair,stratum,light,OTH,2,0.0,0.421875,,,
resnet50_frozen,2,fair,stratum,mid,KC,25,0.08,0.7289552238805971,,,
resnet50_frozen,2,fair,stratum,mid,MEL,3,0.0,0.2835820895522388,,,
resnet50_frozen,2,fair,stratum,mid,LYM,1,0.0,0.791044776119403,,,
resnet50_frozen,2,fair,stratum,mid,OTH,1,0.0,0.13432835820895528,,,
resnet50_frozen,2,fair,stratum,dark,KC,4,0.25,0.69921875,,,
resnet50_frozen,2,fair,stratum,dark,MEL,4,0.0,0.4609375,,,
resnet50_frozen,2,fair,stratum,dark,LYM,9,0.4444444444444444,0.8645833333333333,,,
resnet50_frozen,2,fair,stratum,dark,OTH,2,0.0,0.5,,,
resnet50_frozen,2,fair,overall,light,,20,0.05,,all,84.0,0.7
resnet50_frozen,2,fair,overall,mid,,30,0.06666666666666667,,all,97.0,0.6666666666666667
resnet50_frozen,2,fair,overall,dark,,19,0.2631578947368421,,all,83.0,0.7064144736842105
resnet50_frozen,2,fair,overall,light,,18,0.05555555555555555,,noLYM,82.0,0.693576388888889
resnet50_frozen,2,fair,overall,mid,,29,0.06896551724137931,,noLYM,96.0,0.6623777663407103
resnet50_frozen,2,fair,overall,dark,,10,0.1,,noLYM,74.0,0.5640625
resnet50_frozen,3,source,stratum,light,KC,14,0.5714285714285714,0.4352678571428571,,,
resnet50_frozen,3,source,stratum,light,MEL,3,0.6666666666666666,0.5833333333333333,,,
resnet50_frozen,3,source,stratum,light,LYM,2,1.0,0.7734375,,,
resnet50_frozen,3,source,stratum,light,OTH,1,1.0,0.75,,,
resnet50_frozen,3,source,stratum,mid,KC,28,0.8214285714285714,0.6311300639658849,,,
resnet50_frozen,3,source,stratum,mid,MEL,1,1.0,0.9626865671641791,,,
resnet50_frozen,3,source,stratum,mid,LYM,1,0.0,0.17910447761194026,,,
resnet50_frozen,3,source,stratum,dark,KC,3,1.0,0.671875,,,
resnet50_frozen,3,source,stratum,dark,MEL,3,0.3333333333333333,0.18229166666666666,,,
resnet50_frozen,3,source,stratum,dark,LYM,11,0.8181818181818182,0.5525568181818181,,,
resnet50_frozen,3,source,stratum,dark,OTH,2,1.0,0.671875,,,
resnet50_frozen,3,source,overall,light,,20,0.65,,all,84.0,0.50703125
resnet50_frozen,3,source,overall,mid,,30,0.8,,all,97.0,0.6271144278606966
resnet50_frozen,3,source,overall,dark,,19,0.7894736842105263,,all,83.0,0.5254934210526315
resnet50_frozen,3,source,overall,light,,18,0.6111111111111112,,noLYM,82.0,0.4774305555555556
resnet50_frozen,3,source,overall,mid,,29,0.8275862068965517,,noLYM,96.0,0.6425630468347916
resnet50_frozen,3,source,overall,dark,,8,0.75,,noLYM,72.0,0.48828125
resnet50_frozen,3,simple,stratum,light,KC,14,0.14285714285714285,0.7645089285714285,,,
resnet50_frozen,3,simple,stratum,light,MEL,3,0.0,0.671875,,,
resnet50_frozen,3,simple,stratum,light,LYM,2,0.0,0.84375,,,
resnet50_frozen,3,simple,stratum,light,OTH,1,0.0,0.90625,,,
resnet50_frozen,3,simple,stratum,mid,KC,28,0.03571428571428571,0.667910447761194,,,
resnet50_frozen,3,simple,stratum,mid,MEL,1,0.0,0.014925373134328401,,,
resnet50_frozen,3,simple,stratum,mid,LYM,1,0.0,0.5970149253731343,,,
resnet50_frozen,3,simple,stratum,dark,KC,3,0.3333333333333333,0.5572916666666666,,,
resnet50_frozen,3,simple,stratum,dark,MEL,3,0.0,0.6302083333333334,,,
resnet50_frozen,3,simple,stratum,dark,LYM,11,0.45454545454545453,0.8267045454545454,,,
resnet50_frozen,3,simple,stratum,dark,OTH,2,0.0,0.7265625,,,
resnet50_frozen,3,simple,overall,light,,20,0.1,,all,84.0,0.7656250000000001
resnet50_frozen,3,simple,overall,mid,,30,0.03333333333333333,,all,97.0,0.6437810945273632
resnet50_frozen,3,simple,overall,dark,,19,0.3157894736842105,,all,83.0,0.7425986842105263
resnet50_frozen,3,simple,overall,light,,18,0.1111111111111111,,noLYM,82.0,0.7569444444444444
resnet50_frozen,3,simple,overall,mid,,29,0.034482758620689655,,noLYM,96.0,0.6453937210499228
resnet50_frozen,3,simple,overall,dark,,8,0.125,,noLYM,72.0,0.626953125
resnet50_frozen,3,fair,stratum,light,KC,14,0.2857142857142857,0.7366071428571429,,,
resnet50_frozen,3,fair,stratum,light,MEL,3,0.3333333333333333,0.6666666666666666,,,
resnet50_frozen,3,fair,stratum,light,LYM,2,0.0,0.84375,,,
resnet50_frozen,3,fair,stratum,light,OTH,1,0.0,0.765625,,,
resnet50_frozen,3,fair,stratum,mid,KC,28,0.07142857142857142,0.7030916844349681,,,
resnet50_frozen,3,fair,stratum,mid,MEL,1,0.0,0.014925373134328401,,,
resnet50_frozen,3,fair,stratum,mid,LYM,1,0.0,0.7164179104477613,,,
resnet50_frozen,3,fair,stratum,dark,KC,3,0.3333333333333333,0.5364583333333333,,,
resnet50_frozen,3,fair,stratum,dark,MEL,3,0.0,0.5729166666666666,,,
resnet50_frozen,3,fair,stratum,dark,LYM,11,0.45454545454545453,0.8252840909090908,,,
resnet50_frozen,3,fair,stratum,dark,OTH,2,0.0,0.71875,,,
resnet50_frozen,3,fair,overall,light,,20,0.25,,all,84.0,0.73828125
resnet50_frozen,3,fair,overall,mid,,30,0.06666666666666667,,all,97.0,0.6805970149253731
resnet50_frozen,3,fair,overall,dark,,19,0.3157894736842105,,all,83.0,0.7286184210526316
resnet50_frozen,3,fair,overall,light,,18,0.2777777777777778,,noLYM,82.0,0.7265625
resnet50_frozen,3,fair,overall,mid,,29,0.06896551724137931,,noLYM,96.0,0.6793618116314978
resnet50_frozen,3,fair,overall,dark,,8,0.125,,noLYM,72.0,0.595703125
resnet50_frozen,4,source,stratum,light,KC,13,0.6153846153846154,0.43990384615384615,,,
resnet50_frozen,4,source,stratum,light,MEL,5,0.6,0.421875,,,
resnet50_frozen,4,source,stratum,light,LYM,1,1.0,0.703125,,,
resnet50_frozen,4,source,stratum,light,OTH,1,1.0,0.703125,,,
resnet50_frozen,4,source,stratum,mid,KC,25,0.68,0.5850746268656717,,,
resnet50_frozen,4,source,stratum,mid,MEL,3,1.0,0.6766169154228856,,,
resnet50_frozen,4,source,stratum,mid,LYM,1,1.0,0.3731343283582089,,,
resnet50_frozen,4,source,stratum,mid,OTH,1,0.0,0.20895522388059706,,,
resnet50_frozen,4,source,stratum,dark,KC,4,1.0,0.73046875,,,
resnet50_frozen,4,source,stratum,dark,MEL,2,1.0,0.6953125,,,
resnet50_frozen,4,source,stratum,dark,LYM,12,0.6666666666666666,0.5690104166666667,,,
resnet50_frozen,4,source,stratum,dark,OTH,1,1.0,0.890625,,,
resnet50_frozen,4,source,overall,light,,20,0.65,,all,84.0,0.46171875
resnet50_frozen,4,source,overall,mid,,30,0.7,,all,97.0,0.5746268656716418
resnet50_frozen,4,source,overall,dark,,19,0.7894736842105263,,all,83.0,0.6332236842105263
resnet50_frozen,4,source,overall,light,,19,0.631578947368421,,noLYM,83.0,0.44901315789473684
resnet50_frozen,4,source,overall,mid,,29,0.6896551724137931,,noLYM,96.0,0.5815748841996912
resnet50_frozen,4,source,overall,dark,,7,1.0,,noLYM,71.0,0.7433035714285714
resnet50_frozen,4,simple,stratum,light,KC,13,0.07692307692307693,0.8185096153846154,,,
resnet50_frozen,4,simple,stratum,light,MEL,5,0.0,0.5187499999999999,,,
resnet50_frozen,4,simple,stratum,light,LYM,1,0.0,0.6875,,,
resnet50_frozen,4,simple,stratum,light,OTH,1,0.0,0.75,,,
resnet50_frozen,4,simple,stratum,mid,KC,25,0.08,0.813134328358209,,,
resnet50_frozen,4,simple,stratum,mid,MEL,3,0.0,0.26865671641791045,,,
resnet50_frozen,4,simple,stratum,mid,LYM,1,0.0,0.4626865671641791,,,
resnet50_frozen,4,simple,stratum,mid,OTH,1,1.0,1.0,,,
resnet50_frozen,4,simple,stratum,dark,KC,4,0.25,0.70703125,,,
resnet50_frozen,4,simple,stratum,dark,MEL,2,0.0,0.7578125,,,
resnet50_frozen,4,simple,stratum,dark,LYM,12,0.0,0.7330729166666667,,,
resnet50_frozen,4,simple,stratum,dark,OTH,1,0.0,0.765625,,,
resnet50_frozen,4,simple,overall,light,,20,0.05,,all,84.0,0.7335937499999999
resnet50_frozen,4,simple,overall,mid,,30,0.1,,all,97.0,0.7532338308457712
resnet50_frozen,4,simple,overall,dark,,19,0.05263157894736842,,all,83.0,0.731907894736842
resnet50_frozen,4,simple,overall,light,,19,0.05263157894736842,,noLYM,83.0,0.7360197368421053
resnet50_frozen,4,simple,overall,mid,,29,0.10344827586206896,,noLYM,96.0,0.7632527020072053
resnet50_frozen,4,simple,overall,dark,,7,0.14285714285714285,,noLYM,71.0,0.7299107142857143
resnet50_frozen,4,fair,stratum,light,KC,13,0.3076923076923077,0.8100961538461539,,,
resnet50_frozen,4,fair,stratum,light,MEL,5,0.0,0.53125,,,
resnet50_frozen,4,fair,stratum,light,LYM,1,0.0,0.65625,,,
resnet50_frozen,4,fair,stratum,light,OTH,1,0.0,0.703125,,,
resnet50_frozen,4,fair,stratum,mid,KC,25,0.08,0.8346268656716418,,,
resnet50_frozen,4,fair,stratum,mid,MEL,3,0.0,0.28358208955223885,,,
resnet50_frozen,4,fair,stratum,mid,LYM,1,0.0,0.5970149253731343,,,
resnet50_frozen,4,fair,stratum,mid,OTH,1,1.0,1.0,,,
resnet50_frozen,4,fair,stratum,dark,KC,4,0.25,0.6796875,,,
resnet50_frozen,4,fair,stratum,dark,MEL,2,0.0,0.53125,,,
resnet50_frozen,4,fair,stratum,dark,LYM,12,0.16666666666666666,0.7578125,,,
resnet50_frozen,4,fair,stratum,dark,OTH,1,0.0,0.578125,,,
resnet50_frozen,4,fair,overall,light,,20,0.2,,all,84.0,0.7273437500000001
resnet50_frozen,4,fair,overall,mid,,30,0.1,,all,97.0,0.7771144278606965
resnet50_frozen,4,fair,overall,dark,,19,0.15789473684210525,,all,83.0,0.7080592105263157
resnet50_frozen,4,fair,overall,light,,19,0.21052631578947367,,noLYM,83.0,0.7310855263157895
resnet50_frozen,4,fair,overall,mid,,29,0.10344827586206896,,noLYM,96.0,0.7833247555326814
resnet50_frozen,4,fair,overall,dark,,7,0.14285714285714285,,noLYM,71.0,0.6227678571428572
resnet50_frozen,5,source,stratum,light,KC,14,0.7142857142857143,0.4575892857142857,,,
resnet50_frozen,5,source,stratum,light,MEL,3,0.6666666666666666,0.2864583333333333,,,
resnet50_frozen,5,source,stratum,light,LYM,1,1.0,0.6875,,,
resnet50_frozen,5,source,stratum,light,OTH,2,1.0,0.7109375,,,
resnet50_frozen,5,source,stratum,mid,KC,26,0.8461538461538461,0.6079219288174512,,,
resnet50_frozen,5,source,stratum,mid,MEL,3,1.0,0.7263681592039801,,,
resnet50_frozen,5,source,stratum,mid,LYM,1,1.0,0.6417910447761195,,,
resnet50_frozen,5,source,stratum,dark,KC,3,1.0,0.7916666666666666,,,
resnet50_frozen,5,source,stratum,dark,MEL,5,0.6,0.515625,,,
resnet50_frozen,5,source,stratum,dark,LYM,10,0.8,0.61171875,,,
resnet50_frozen,5,source,stratum,dark,OTH,1,1.0,0.65625,,,
resnet50_frozen,5,source,overall,light,,20,0.75,,all,84.0,0.46875
resnet50_frozen,5,source,overall,mid,,30,0.8666666666666667,,all,97.0,0.6208955223880597
resnet50_frozen,5,source,overall,dark,,19,0.7894736842105263,,all,83.0,0.6171875
resnet50_frozen,5,source,overall,light,,19,0.7368421052631579,,noLYM,83.0,0.45723684210526316
resnet50_frozen,5,source,overall,mid,,29,0.8620689655172413,,noLYM,96.0,0.6201749871332991
resnet50_frozen,5,source,overall,dark,,9,0.7777777777777778,,noLYM,73.0,0.6232638888888888
resnet50_frozen,5,simple,stratum,light,KC,14,0.07142857142857142,0.7555803571428572,,,
resnet50_frozen,5,simple,stratum,light,MEL,3,0.0,0.5729166666666666,,,
resnet50_frozen,5,simple,stratum,light,LYM,1,0.0,0.578125,,,
resnet50_frozen,5,simple,stratum,light,OTH,2,0.0,0.5,,,
resnet50_frozen,5,simple,stratum,mid,KC,26,0.11538461538461539,0.7158438576349024,,,
resnet50_frozen,5,simple,stratum,mid,MEL,3,0.0,0.31840796019900497,,,
resnet50_frozen,5,simple,stratum,mid,LYM,1,0.0,0.9104477611940298,,,
resnet50_frozen,5,simple,stratum,dark,KC,3,0.3333333333333333,0.609375,,,
resnet50_frozen,5,simple,stratum,dark,MEL,5,0.0,0.578125,,,
resnet50_frozen,5,simple,stratum,dark,LYM,10,0.3,0.84375,,,
resnet50_frozen,5,simple,stratum,dark,OTH,1,0.0,0.8125,,,
resnet50_frozen,5,simple,overall,light,,20,0.05,,all,84.0,0.69375
resnet50_frozen,5,simple,overall,mid,,30,0.1,,all,97.0,0.6825870646766169
resnet50_frozen,5,simple,overall,dark,,19,0.21052631578947367,,all,83.0,0.7351973684210527
resnet50_frozen,5,simple,overall,light,,19,0.05263157894736842,,noLYM,83.0,0.6998355263157894
resnet50_frozen,5,simple,overall,mid,,29,0.10344827586206896,,noLYM,96.0,0.6747297992794647
resnet50_frozen,5,simple,overall,dark,,9,0.1111111111111111,,noLYM,73.0,0.6145833333333333
resnet50_frozen,5,fair,stratum,light,KC,14,0.2857142857142857,0.7611607142857142,,,
resnet50_frozen,5,fair,stratum,light,MEL,3,0.0,0.5833333333333333,,,
resnet50_frozen,5,fair,stratum,light,LYM,1,0.0,0.546875,,,
resnet50_frozen,5,fair,stratum,light,OTH,2,0.0,0.484375,,,
resnet50_frozen,5,fair,stratum,mid,KC,26,0.15384615384615385,0.7531572904707233,,,
resnet50_frozen,5,fair,stratum,mid,MEL,3,0.0,0.32835820895522383,,,
resnet50_frozen,5,fair,stratum,mid,LYM,1,0.0,0.9850746268656716,,,
resnet50_frozen,5,fair,stratum,dark,KC,3,0.3333333333333333,0.6145833333333334,,,
resnet50_frozen,5,fair,stratum,dark,MEL,5,0.0,0.5125,,,
resnet50_frozen,5,fair,stratum,dark,LYM,10,0.4,0.8609375,,,
resnet50_frozen,5,fair,stratum,dark,OTH,1,0.0,0.875,,,
resnet50_frozen,5,fair,overall,light,,20,0.2,,all,84.0,0.69609375
resnet50_frozen,5,fair,overall,mid,,30,0.13333333333333333,,all,97.0,0.718407960199005
resnet50_frozen,5,fair,overall,dark,,19,0.2631578947368421,,all,83.0,0.7310855263157895
resnet50_frozen,5,fair,overall,light,,19,0.21052631578947367,,noLYM,83.0,0.7039473684210525
resnet50_frozen,5,fair,overall,mid,,29,0.13793103448275862,,noLYM,96.0,0.7092125579001545
resnet50_frozen,5,fair,overall,dark,,9,0.1111111111111111,,noLYM,73.0,0.5868055555555556
resnet50_frozen,6,source,stratum,light,KC,16,0.625,0.486328125,,,
resnet50_frozen,6,source,stratum,light,MEL,2,0.5,0.5546875,,,
resnet50_frozen,6,source,stratum,light,LYM,1,1.0,0.796875,,,
resnet50_frozen,6,source,stratum,light,OTH,1,1.0,0.796875,,,
resnet50_frozen,6,source,stratum,mid,KC,23,0.782608695652174,0.5564568462037638,,,
resnet50_frozen,6,source,stratum,mid,MEL,3,0.6666666666666666,0.5223880597014925,,,
resnet50_frozen,6,source,stratum,mid,LYM,3,1.0,0.6318407960199004,,,
resnet50_frozen,6,source,stratum,mid,OTH,1,0.0,0.26865671641791045,,,
resnet50_frozen,6,source,stratum,dark,KC,2,1.0,0.6015625,,,
resnet50_frozen,6,source,stratum,dark,MEL,5,0.4,0.3171875,,,
resnet50_frozen,6,source,stratum,dark,LYM,11,0.7272727272727273,0.6115056818181819,,,
resnet50_frozen,6,source,stratum,dark,OTH,1,1.0,0.8671875,,,
resnet50_frozen,6,source,overall,light,,20,0.65,,all,84.0,0.5242187500000001
resnet50_frozen,6,source,overall,mid,,30,0.7666666666666667,,all,97.0,0.5509950248756219
resnet50_frozen,6,source,overall,dark,,19,0.6842105263157895,,all,83.0,0.5464638157894737
resnet50_frozen,6,source,overall,light,,19,0.631578947368421,,noLYM,83.0,0.5098684210526315
resnet50_frozen,6,source,overall,mid,,27,0.7407407407407407,,noLYM,94.0,0.5420121614151465
resnet50_frozen,6,source,overall,dark,,8,0.625,,noLYM,72.0,0.45703125
resnet50_frozen,6,simple,stratum,light,KC,16,0.125,0.70703125,,,
resnet50_frozen,6,simple,stratum,light,MEL,2,0.0,0.3125,,,
resnet50_frozen,6,simple,stratum,light,LYM,1,0.0,0.625,,,
resnet50_frozen,6,simple,stratum,light,OTH,1,0.0,0.65625,,,
resnet50_frozen,6,simple,stratum,mid,KC,23,0.0,0.6956521739130435,,,
resnet50_frozen,6,simple,stratum,mid,MEL,3,0.0,0.5223880597014925,,,
resnet50_frozen,6,simple,stratum,mid,LYM,3,0.0,0.6268656716417911,,,
resnet50_frozen,6,simple,stratum,mid,OTH,1,1.0,1.0,,,
resnet50_frozen,6,simple,stratum,dark,KC,2,0.5,0.75,,,
resnet50_frozen,6,simple,stratum,dark,MEL,5,0.0,0.496875,,,
resnet50_frozen,6,simple,stratum,dark,LYM,11,0.18181818181818182,0.8181818181818182,,,
resnet50_frozen,6,simple,stratum,dark,OTH,1,0.0,0.765625,,,
resnet50_frozen,6,simple,overall,light,,20,0.1,,all,84.0,0.6609375
resnet50_frozen,6,simple,overall,mid,,30,0.03333333333333333,,all,97.0,0.681592039800995
resnet50_frozen,6,simple,overall,dark,,19,0.15789473684210525,,all,83.0,0.7236842105263157
resnet50_frozen,6,simple,overall,light,,19,0.10526315789473684,,noLYM,83.0,0.662828947368421
resnet50_frozen,6,simple,overall,mid,,27,0.037037037037037035,,noLYM,94.0,0.6876727473742399
resnet50_frozen,6,simple,overall,dark,,8,0.125,,noLYM,72.0,0.59375
resnet50_frozen,6,fair,stratum,light,KC,16,0.125,0.6875,,,
resnet50_frozen,6,fair,stratum,light,MEL,2,0.0,0.3359375,,,
resnet50_frozen,6,fair,stratum,light,LYM,1,0.0,0.625,,,
resnet50_frozen,6,fair,stratum,light,OTH,1,0.0,0.625,,,
resnet50_frozen,6,fair,stratum,mid,KC,23,0.043478260869565216,0.735885788449059,,,
resnet50_frozen,6,fair,stratum,mid,MEL,3,0.0,0.5074626865671641,,,
resnet50_frozen,6,fair,stratum,mid,LYM,3,0.0,0.6815920398009949,,,
resnet50_frozen,6,fair,stratum,mid,OTH,1,1.0,1.0,,,
resnet50_frozen,6,fair,stratum,dark,KC,2,0.5,0.8515625,,,
resnet50_frozen,6,fair,stratum,dark,MEL,5,0.0,0.384375,,,
resnet50_frozen,6,fair,stratum,dark,LYM,11,0.2727272727272727,0.8465909090909091,,,
resnet50_frozen,6,fair,stratum,dark,OTH,1,0.0,0.78125,,,
resnet50_frozen,6,fair,overall,light,,20,0.1,,all,84.0,0.6460937500000001
resnet50_frozen,6,fair,overall,mid,,30,0.06666666666666667,,all,97.0,0.7164179104477612
resnet50_frozen,6,fair,overall,dark,,19,0.21052631578947367,,all,83.0,0.7220394736842105
resnet50_frozen,6,fair,overall,light,,19,0.10526315789473684,,noLYM,83.0,0.647203947368421
resnet50_frozen,6,fair,overall,mid,,27,0.07407407407407407,,noLYM,94.0,0.7202874516307353
resnet50_frozen,6,fair,overall,dark,,8,0.125,,noLYM,72.0,0.55078125
resnet50_frozen,7,source,stratum,light,KC,12,0.75,0.5221354166666667,,,
resnet50_frozen,7,source,stratum,light,MEL,4,0.25,0.2265625,,,
resnet50_frozen,7,source,stratum,light,LYM,2,1.0,0.5546875,,,
resnet50_frozen,7,source,stratum,light,OTH,2,1.0,0.59375,,,
resnet50_frozen,7,source,stratum,mid,KC,20,0.7,0.5955223880597015,,,
resnet50_frozen,7,source,stratum,mid,MEL,4,1.0,0.7033582089552239,,,
resnet50_frozen,7,source,stratum,mid,LYM,4,1.0,0.6138059701492538,,,
resnet50_frozen,7,source,stratum,mid,OTH,2,0.5,0.4104477611940298,,,
resnet50_frozen,7,source,stratum,dark,KC,3,1.0,0.6927083333333333,,,
resnet50_frozen,7,source,stratum,dark,MEL,4,0.5,0.3203125,,,
resnet50_frozen,7,source,stratum,dark,LYM,11,0.6363636363636364,0.4815340909090909,,,
resnet50_frozen,7,source,stratum,dark,OTH,1,1.0,0.59375,,,
resnet50_frozen,7,source,overall,light,,20,0.7,,all,84.0,0.4734375
resnet50_frozen,7,source,overall,mid,,30,0.7666666666666667,,all,97.0,0.6000000000000001
resnet50_frozen,7,source,overall,dark,,19,0.6842105263157895,,all,83.0,0.48684210526315785
resnet50_frozen,7,source,overall,light,,18,0.6666666666666666,,noLYM,82.0,0.4644097222222222
resnet50_frozen,7,source,overall,mid,,26,0.7307692307692307,,noLYM,93.0,0.5978760045924225
resnet50_frozen,7,source,overall,dark,,8,0.75,,noLYM,72.0,0.494140625
resnet50_frozen,7,simple,stratum,light,KC,12,0.5,0.7421875,,,
resnet50_frozen,7,simple,stratum,light,MEL,4,0.0,0.5546875,,,
resnet50_frozen,7,simple,stratum,light,LYM,2,0.0,0.421875,,,
resnet50_frozen,7,simple,stratum,light,OTH,2,0.0,0.78125,,,
resnet50_frozen,7,simple,stratum,mid,KC,20,0.1,0.7753731343283583,,,
resnet50_frozen,7,simple,stratum,mid,MEL,4,0.0,0.5186567164179104,,,
resnet50_frozen,7,simple,stratum,mid,LYM,4,0.0,0.8582089552238806,,,
resnet50_frozen,7,simple,stratum,mid,OTH,2,0.0,0.664179104477612,,,
resnet50_frozen,7,simple,stratum,dark,KC,3,0.0,0.8645833333333334,,,
resnet50_frozen,7,simple,stratum,dark,MEL,4,0.0,0.45703125,,,
resnet50_frozen,7,simple,stratum,dark,LYM,11,0.09090909090909091,0.75,,,
resnet50_frozen,7,simple,stratum,dark,OTH,1,0.0,0.75,,,
resnet50_frozen,7,simple,overall,light,,20,0.3,,all,84.0,0.6765625
resnet50_frozen,7,simple,overall,mid,,30,0.06666666666666667,,all,97.0,0.744776119402985
resnet50_frozen,7,simple,overall,dark,,19,0.05263157894736842,,all,83.0,0.7064144736842104
resnet50_frozen,7,simple,overall,light,,18,0.3333333333333333,,noLYM,82.0,0.7048611111111112
resnet50_frozen,7,simple,overall,mid,,26,0.07692307692307693,,noLYM,93.0,0.7273249138920781
resnet50_frozen,7,simple,overall,dark,,8,0.0,,noLYM,72.0,0.646484375
resnet50_frozen,7,fair,stratum,light,KC,12,0.4166666666666667,0.7330729166666667,,,
resnet50_frozen,7,fair,stratum,light,MEL,4,0.0,0.61328125,,,
resnet50_frozen,7,fair,stratum,light,LYM,2,0.0,0.515625,,,
resnet50_frozen,7,fair,stratum,light,OTH,2,0.0,0.765625,,,
resnet50_frozen,7,fair,stratum,mid,KC,20,0.2,0.7955223880597015,,,
resnet50_frozen,7,fair,stratum,mid,MEL,4,0.0,0.4776119402985074,,,
resnet50_frozen,7,fair,stratum,mid,LYM,4,0.25,0.873134328358209,,,
resnet50_frozen,7,fair,stratum,mid,OTH,2,0.0,0.664179104477612,,,
resnet50_frozen,7,fair,stratum,dark,KC,3,0.0,0.890625,,,
resnet50_frozen,7,fair,stratum,dark,MEL,4,0.0,0.45703125,,,
resnet50_frozen,7,fair,stratum,dark,LYM,11,0.45454545454545453,0.7940340909090908,,,
resnet50_frozen,7,fair,stratum,dark,OTH,1,0.0,0.765625,,,
resnet50_frozen,7,fair,overall,light,,20,0.25,,all,84.0,0.690625
resnet50_frozen,7,fair,overall,mid,,30,0.16666666666666666,,all,97.0,0.754726368159204
resnet50_frozen,7,fair,overall,dark,,19,0.2631578947368421,,all,83.0,0.7368421052631579
resnet50_frozen,7,fair,overall,light,,18,0.2777777777777778,,noLYM,82.0,0.7100694444444444
resnet50_frozen,7,fair,overall,mid,,26,0.15384615384615385,,noLYM,93.0,0.7365097588978187
resnet50_frozen,7,fair,overall,dark,,8,0.0,,noLYM,72.0,0.658203125
resnet50_frozen,8,source,stratum,light,KC,14,0.7142857142857143,0.4464285714285715,,,
resnet50_frozen,8,source,stratum,light,MEL,2,0.5,0.3359375,,,
resnet50_frozen,8,source,stratum,light,LYM,1,1.0,0.75,,,
resnet50_frozen,8,source,stratum,light,OTH,3,1.0,0.4375,,,
resnet50_frozen,8,source,stratum,mid,KC,26,0.8076923076923077,0.5780711825487945,,,
resnet50_frozen,8,source,stratum,mid,MEL,2,0.5,0.5223880597014925,,,
resnet50_frozen,8,source,stratum,mid,LYM,2,1.0,0.664179104477612,,,
resnet50_frozen,8,source,stratum,dark,KC,4,1.0,0.833984375,,,
resnet50_frozen,8,source,stratum,dark,MEL,3,0.3333333333333333,0.2864583333333333,,,
resnet50_frozen,8,source,stratum,dark,LYM,10,0.6,0.56640625,,,
resnet50_frozen,8,source,stratum,dark,OTH,2,1.0,0.80078125,,,
resnet50_frozen,8,source,overall,light,,20,0.75,,all,84.0,0.44921875
resnet50_frozen,8,source,overall,mid,,30,0.8,,all,97.0,0.5800995024875621
resnet50_frozen,8,source,overall,dark,,19,0.6842105263157895,,all,83.0,0.6032072368421052
resnet50_frozen,8,source,overall,light,,19,0.7368421052631579,,noLYM,83.0,0.43338815789473684
resnet50_frozen,8,source,overall,mid,,28,0.7857142857142857,,noLYM,95.0,0.5740938166311301
resnet50_frozen,8,source,overall,dark,,9,0.7777777777777778,,noLYM,73.0,0.6440972222222222
resnet50_frozen,8,simple,stratum,light,KC,14,0.0,0.7064732142857143,,,
resnet50_frozen,8,simple,stratum,light,MEL,2,0.0,0.734375,,,
resnet50_frozen,8,simple,stratum,light,LYM,1,0.0,0.328125,,,
resnet50_frozen,8,simple,stratum,light,OTH,3,0.0,0.32291666666666663,,,
resnet50_frozen,8,simple,stratum,mid,KC,26,0.038461538461538464,0.6469575200918485,,,
resnet50_frozen,8,simple,stratum,mid,MEL,2,0.0,0.5074626865671641,,,
resnet50_frozen,8,simple,stratum,mid,LYM,2,0.0,0.6044776119402985,,,
resnet50_frozen,8,simple,stratum,dark,KC,4,0.25,0.703125,,,
resnet50_frozen,8,simple,stratum,dark,MEL,3,0.0,0.5989583333333333,,,
resnet50_frozen,8,simple,stratum,dark,LYM,10,0.0,0.6109374999999999,,,
resnet50_frozen,8,simple,stratum,dark,OTH,2,0.0,0.828125,,,
resnet50_frozen,8,simple,overall,light,,20,0.0,,all,84.0,0.6328125
resnet50_frozen,8,simple,overall,mid,,30,0.03333333333333333,,all,97.0,0.6348258706467662
resnet50_frozen,8,simple,overall,dark,,19,0.05263157894736842,,all,83.0,0.6513157894736842
resnet50_frozen,8,simple,overall,light,,19,0.0,,noLYM,83.0,0.6488486842105263
resnet50_frozen,8,simple,overall,mid,,28,0.03571428571428571,,noLYM,95.0,0.6369936034115138
resnet50_frozen,8,simple,overall,dark,,9,0.1111111111111111,,noLYM,73.0,0.6961805555555556
resnet50_frozen,8,fair,stratum,light,KC,14,0.07142857142857142,0.7310267857142856,,,
resnet50_frozen,8,fair,stratum,light,MEL,2,0.0,0.6953125,,,
resnet50_frozen,8,fair,stratum,light,LYM,1,0.0,0.203125,,,
resnet50_frozen,8,fair,stratum,light,OTH,3,0.0,0.4322916666666667,,,
resnet50_frozen,8,fair,stratum,mid,KC,26,0.07692307692307693,0.6848450057405281,,,
resnet50_frozen,8,fair,stratum,mid,MEL,2,0.0,0.5149253731343284,,,
resnet50_frozen,8,fair,stratum,mid,LYM,2,0.0,0.5895522388059702,,,
resnet50_frozen,8,fair,stratum,dark,KC,4,0.25,0.71484375,,,
resnet50_frozen,8,fair,stratum,dark,MEL,3,0.0,0.5572916666666666,,,
resnet50_frozen,8,fair,stratum,dark,LYM,10,0.2,0.6234375,,,
resnet50_frozen,8,fair,stratum,dark,OTH,2,0.0,0.8203125,,,
resnet50_frozen,8,fair,overall,light,,20,0.05,,all,84.0,0.65625
resnet50_frozen,8,fair,overall,mid,,30,0.06666666666666667,,all,97.0,0.6671641791044777
resnet50_frozen,8,fair,overall,dark,,19,0.15789473684210525,,all,83.0,0.6529605263157895
resnet50_frozen,8,fair,overall,light,,19,0.05263157894736842,,noLYM,83.0,0.6800986842105263
resnet50_frozen,8,fair,overall,mid,,28,0.07142857142857142,,noLYM,95.0,0.6727078891257995
resnet50_frozen,8,fair,overall,dark,,9,0.1111111111111111,,noLYM,73.0,0.6857638888888888
resnet50_frozen,9,source,stratum,light,KC,16,0.625,0.4248046875,,,
resnet50_frozen,9,source,stratum,light,MEL,1,0.0,0.0,,,
resnet50_frozen,9,source,stratum,light,LYM,1,1.0,0.296875,,,
resnet50_frozen,9,source,stratum,light,OTH,2,1.0,0.6796875,,,
resnet50_frozen,9,source,stratum,mid,KC,23,0.782608695652174,0.5405580791693706,,,
resnet50_frozen,9,source,stratum,mid,MEL,4,1.0,0.6380597014925373,,,
resnet50_frozen,9,source,stratum,mid,LYM,2,0.5,0.291044776119403,,,
resnet50_frozen,9,source,stratum,mid,OTH,1,0.0,0.14925373134328357,,,
resnet50_frozen,9,source,stratum,dark,KC,2,1.0,0.5859375,,,
resnet50_frozen,9,source,stratum,dark,MEL,5,0.6,0.515625,,,
resnet50_frozen,9,source,stratum,dark,LYM,9,0.8888888888888888,0.5885416666666667,,,
resnet50_frozen,9,source,stratum,dark,OTH,3,1.0,0.6927083333333334,,,
resnet50_frozen,9,source,overall,light,,20,0.65,,all,84.0,0.42265624999999996
resnet50_frozen,9,source,overall,mid,,30,0.7666666666666667,,all,97.0,0.5238805970149254
resnet50_frozen,9,source,overall,dark,,19,0.8421052631578947,,all,83.0,0.5855263157894737
resnet50_frozen,9,source,overall,light,,19,0.631578947368421,,noLYM,83.0,0.4292763157894737
resnet50_frozen,9,source,overall,mid,,28,0.7857142857142857,,noLYM,95.0,0.5405117270788913
resnet50_frozen,9,source,overall,dark,,10,0.8,,noLYM,74.0,0.5828125
resnet50_frozen,9,simple,stratum,light,KC,16,0.3125,0.732421875,,,
resnet50_frozen,9,simple,stratum,light,MEL,1,0.0,0.90625,,,
resnet50_frozen,9,simple,stratum,light,LYM,1,0.0,0.8125,,,
resnet50_frozen,9,simple,stratum,light,OTH,2,0.0,0.1953125,,,
resnet50_frozen,9,simple,stratum,mid,KC,23,0.21739130434782608,0.7741726151849448,,,
resnet50_frozen,9,simple,stratum,mid,MEL,4,0.0,0.39179104477611937,,,
resnet50_frozen,9,simple,stratum,mid,LYM,2,0.0,0.7761194029850746,,,
resnet50_frozen,9,simple,stratum,mid,OTH,1,1.0,0.9850746268656716,,,
resnet50_frozen,9,simple,stratum,dark,KC,2,0.5,0.515625,,,
resnet50_frozen,9,simple,stratum,dark,MEL,5,0.0,0.684375,,,
resnet50_frozen,9,simple,stratum,dark,LYM,9,0.2222222222222222,0.7690972222222222,,,
resnet50_frozen,9,simple,stratum,dark,OTH,3,0.0,0.6510416666666666,,,
resnet50_frozen,9,simple,overall,light,,20,0.25,,all,84.0,0.69140625
resnet50_frozen,9,simple,overall,mid,,30,0.2,,all,97.0,0.7303482587064677
resnet50_frozen,9,simple,overall,dark,,19,0.15789473684210525,,all,83.0,0.7014802631578947
resnet50_frozen,9,simple,overall,light,,19,0.2631578947368421,,noLYM,83.0,0.685032894736842
resnet50_frozen,9,simple,overall,mid,,28,0.21428571428571427,,noLYM,95.0,0.7270788912579957
resnet50_frozen,9,simple,overall,dark,,10,0.1,,noLYM,74.0,0.6406249999999999
resnet50_frozen,9,fair,stratum,light,KC,16,0.3125,0.7119140625,,,
resnet50_frozen,9,fair,stratum,light,MEL,1,0.0,0.875,,,
resnet50_frozen,9,fair,stratum,light,LYM,1,0.0,0.84375,,,
resnet50_frozen,9,fair,stratum,light,OTH,2,0.0,0.140625,,,
resnet50_frozen,9,fair,stratum,mid,KC,23,0.2608695652173913,0.7793640493186244,,,
resnet50_frozen,9,fair,stratum,mid,MEL,4,0.0,0.39925373134328357,,,
resnet50_frozen,9,fair,stratum,mid,LYM,2,0.0,0.8283582089552239,,,
resnet50_frozen,9,fair,stratum,mid,OTH,1,1.0,0.9850746268656716,,,
resnet50_frozen,9,fair,stratum,dark,KC,2,0.5,0.5,,,
resnet50_frozen,9,fair,stratum,dark,MEL,5,0.0,0.65,,,
resnet50_frozen,9,fair,stratum,dark,LYM,9,0.3333333333333333,0.7604166666666666,,,
resnet50_frozen,9,fair,stratum,dark,OTH,3,0.0,0.7239583333333334,,,
resnet50_frozen,9,fair,overall,light,,20,0.25,,all,84.0,0.66953125
resnet50_frozen,9,fair,overall,mid,,30,0.23333333333333334,,all,97.0,0.7388059701492538
resnet50_frozen,9,fair,overall,dark,,19,0.21052631578947367,,all,83.0,0.6981907894736842
resnet50_frozen,9,fair,overall,light,,19,0.2631578947368421,,noLYM,83.0,0.6603618421052632
resnet50_frozen,9,fair,overall,mid,,28,0.25,,noLYM,95.0,0.7324093816631131
resnet50_frozen,9,fair,overall,dark,,10,0.1,,noLYM,74.0,0.6421875
resnet50_frozen,10,source,stratum,light,KC,16,0.6875,0.486328125,,,
resnet50_frozen,10,source,stratum,light,MEL,2,0.5,0.484375,,,
resnet50_frozen,10,source,stratum,light,LYM,1,1.0,0.21875,,,
resnet50_frozen,10,source,stratum,light,OTH,1,1.0,0.6875,,,
resnet50_frozen,10,source,stratum,mid,KC,21,0.8095238095238095,0.584221748400853,,,
resnet50_frozen,10,source,stratum,mid,MEL,3,0.6666666666666666,0.472636815920398,,,
resnet50_frozen,10,source,stratum,mid,LYM,3,0.6666666666666666,0.6019900497512438,,,
resnet50_frozen,10,source,stratum,mid,OTH,3,0.6666666666666666,0.3582089552238806,,,
resnet50_frozen,10,source,stratum,dark,KC,5,1.0,0.746875,,,
resnet50_frozen,10,source,stratum,dark,MEL,2,0.5,0.5,,,
resnet50_frozen,10,source,stratum,dark,LYM,11,0.8181818181818182,0.609375,,,
resnet50_frozen,10,source,stratum,dark,OTH,1,1.0,0.734375,,,
resnet50_frozen,10,source,overall,light,,20,0.7,,all,84.0,0.4828125
resnet50_frozen,10,source,overall,mid,,30,0.7666666666666667,,all,97.0,0.5522388059701493
resnet50_frozen,10,source,overall,dark,,19,0.8421052631578947,,all,83.0,0.6406249999999999
resnet50_frozen,10,source,overall,light,,19,0.6842105263157895,,noLYM,83.0,0.49671052631578944
resnet50_frozen,10,source,overall,mid,,27,0.7777777777777778,,noLYM,94.0,0.5467108899944721
resnet50_frozen,10,source,overall,dark,,8,0.875,,noLYM,72.0,0.68359375
resnet50_frozen,10,simple,stratum,light,KC,16,0.125,0.7177734375,,,
resnet50_frozen,10,simple,stratum,light,MEL,2,0.0,0.4140625,,,
resnet50_frozen,10,simple,stratum,light,LYM,1,1.0,0.90625,,,
resnet50_frozen,10,simple,stratum,light,OTH,1,0.0,0.65625,,,
resnet50_frozen,10,simple,stratum,mid,KC,21,0.14285714285714285,0.7732764747690121,,,
resnet50_frozen,10,simple,stratum,mid,MEL,3,0.0,0.6019900497512438,,,
resnet50_frozen,10,simple,stratum,mid,LYM,3,0.0,0.8159203980099503,,,
resnet50_frozen,10,simple,stratum,mid,OTH,3,0.3333333333333333,0.5870646766169154,,,
resnet50_frozen,10,simple,stratum,dark,KC,5,0.2,0.6062500000000001,,,
resnet50_frozen,10,simple,stratum,dark,MEL,2,0.0,0.6875,,,
resnet50_frozen,10,simple,stratum,dark,LYM,11,0.18181818181818182,0.7542613636363636,,,
resnet50_frozen,10,simple,stratum,dark,OTH,1,0.0,0.71875,,,
resnet50_frozen,10,simple,overall,light,,20,0.15,,all,84.0,0.69375
resnet50_frozen,10,simple,overall,mid,,30,0.13333333333333333,,all,97.0,0.7417910447761193
resnet50_frozen,10,simple,overall,dark,,19,0.15789473684210525,,all,83.0,0.7064144736842105
resnet50_frozen,10,simple,overall,light,,19,0.10526315789473684,,noLYM,83.0,0.6825657894736842
resnet50_frozen,10,simple,overall,mid,,27,0.14814814814814814,,noLYM,94.0,0.7335544499723604
resnet50_frozen,10,simple,overall,dark,,8,0.125,,noLYM,72.0,0.640625
resnet50_frozen,10,fair,stratum,light,KC,16,0.1875,0.7392578125,,,
resnet50_frozen,10,fair,stratum,light,MEL,2,0.0,0.421875,,,
resnet50_frozen,10,fair,stratum,light,LYM,1,1.0,0.921875,,,
resnet50_frozen,10,fair,stratum,light,OTH,1,0.0,0.578125,,,
resnet50_frozen,10,fair,stratum,mid,KC,21,0.14285714285714285,0.8002842928216062,,,
resnet50_frozen,10,fair,stratum,mid,MEL,3,0.0,0.6368159203980099,,,
resnet50_frozen,10,fair,stratum,mid,LYM,3,0.3333333333333333,0.8507462686567164,,,
resnet50_frozen,10,fair,stratum,mid,OTH,3,0.3333333333333333,0.6069651741293532,,,
resnet50_frozen,10,fair,stratum,dark,KC,5,0.4,0.64375,,,
resnet50_frozen,10,fair,stratum,dark,MEL,2,0.0,0.7578125,,,
resnet50_frozen,10,fair,stratum,dark,LYM,11,0.18181818181818182,0.7599431818181819,,,
resnet50_frozen,10,fair,stratum,dark,OTH,1,0.0,0.703125,,,
resnet50_frozen,10,fair,overall,light,,20,0.2,,all,84.0,0.70859375
resnet50_frozen,10,fair,overall,mid,,30,0.16666666666666666,,all,97.0,0.7696517412935323
resnet50_frozen,10,fair,overall,dark,,19,0.21052631578947367,,all,83.0,0.7261513157894737
resnet50_frozen,10,fair,overall,light,,19,0.15789473684210525,,noLYM,83.0,0.6973684210526315
resnet50_frozen,10,fair,overall,mid,,27,0.14814814814814814,,noLYM,94.0,0.7606412382531785
resnet50_frozen,10,fair,overall,dark,,8,0.25,,noLYM,72.0,0.6796875
resnet50_frozen,11,source,stratum,light,KC,15,0.4666666666666667,0.40625000000000006,,,
resnet50_frozen,11,source,stratum,light,MEL,2,1.0,0.703125,,,
resnet50_frozen,11,source,stratum,light,LYM,1,1.0,0.71875,,,
resnet50_frozen,11,source,stratum,light,OTH,2,1.0,0.4609375,,,
resnet50_frozen,11,source,stratum,mid,KC,21,0.8571428571428571,0.644633972992182,,,
resnet50_frozen,11,source,stratum,mid,MEL,4,0.75,0.4962686567164179,,,
resnet50_frozen,11,source,stratum,mid,LYM,2,1.0,0.6828358208955224,,,
resnet50_frozen,11,source,stratum,mid,OTH,3,0.3333333333333333,0.32835820895522383,,,
resnet50_frozen,11,source,stratum,dark,KC,4,1.0,0.796875,,,
resnet50_frozen,11,source,stratum,dark,MEL,4,0.5,0.453125,,,
resnet50_frozen,11,source,stratum,dark,LYM,10,0.8,0.60625,,,
resnet50_frozen,11,source,stratum,dark,OTH,1,1.0,0.671875,,,
resnet50_frozen,11,source,overall,light,,20,0.6,,all,84.0,0.45703125
resnet50_frozen,11,source,overall,mid,,30,0.8,,all,97.0,0.595771144278607
resnet50_frozen,11,source,overall,dark,,19,0.7894736842105263,,all,83.0,0.6175986842105263
resnet50_frozen,11,source,overall,light,,19,0.5789473684210527,,noLYM,83.0,0.4432565789473684
resnet50_frozen,11,source,overall,mid,,28,0.7857142857142857,,noLYM,95.0,0.5895522388059701
resnet50_frozen,11,source,overall,dark,,9,0.7777777777777778,,noLYM,73.0,0.6302083333333334
resnet50_frozen,11,simple,stratum,light,KC,15,0.06666666666666667,0.5854166666666667,,,
resnet50_frozen,11,simple,stratum,light,MEL,2,0.0,0.234375,,,
resnet50_frozen,11,simple,stratum,light,LYM,1,0.0,0.25,,,
resnet50_frozen,11,simple,stratum,light,OTH,2,0.0,0.2734375,,,
resnet50_frozen,11,simple,stratum,mid,KC,21,0.047619047619047616,0.7256574271499645,,,
resnet50_frozen,11,simple,stratum,mid,MEL,4,0.0,0.6716417910447761,,,
resnet50_frozen,11,simple,stratum,mid,LYM,2,0.0,0.6567164179104478,,,
resnet50_frozen,11,simple,stratum,mid,OTH,3,0.0,0.48756218905472637,,,
resnet50_frozen,11,simple,stratum,dark,KC,4,0.25,0.8046875,,,
resnet50_frozen,11,simple,stratum,dark,MEL,4,0.0,0.6796875,,,
resnet50_frozen,11,simple,stratum,dark,LYM,10,0.1,0.7406249999999999,,,
resnet50_frozen,11,simple,stratum,dark,OTH,1,0.0,0.984375,,,
resnet50_frozen,11,simple,overall,light,,20,0.05,,all,84.0,0.5023437500000001
resnet50_frozen,11,simple,overall,mid,,30,0.03333333333333333,,all,97.0,0.6900497512437811
resnet50_frozen,11,simple,overall,dark,,19,0.10526315789473684,,all,83.0,0.754111842105263
resnet50_frozen,11,simple,overall,light,,19,0.05263157894736842,,noLYM,83.0,0.515625
resnet50_frozen,11,simple,overall,mid,,28,0.03571428571428571,,noLYM,95.0,0.6924307036247335
resnet50_frozen,11,simple,overall,dark,,9,0.1111111111111111,,noLYM,73.0,0.7690972222222222
resnet50_frozen,11,fair,stratum,light,KC,15,0.2,0.60625,,,
resnet50_frozen,11,fair,stratum,light,MEL,2,0.0,0.1796875,,,
resnet50_frozen,11,fair,stratum,light,LYM,1,0.0,0.359375,,,
resnet50_frozen,11,fair,stratum,light,OTH,2,0.0,0.28125,,,
resnet50_frozen,11,fair,stratum,mid,KC,21,0.09523809523809523,0.7242359630419332,,,
resnet50_frozen,11,fair,stratum,mid,MEL,4,0.0,0.6865671641791045,,,
resnet50_frozen,11,fair,stratum,mid,LYM,2,0.0,0.6417910447761195,,,
resnet50_frozen,11,fair,stratum,mid,OTH,3,0.0,0.48756218905472637,,,
resnet50_frozen,11,fair,stratum,dark,KC,4,0.25,0.7421875,,,
resnet50_frozen,11,fair,stratum,dark,MEL,4,0.0,0.66796875,,,
resnet50_frozen,11,fair,stratum,dark,LYM,10,0.1,0.7562500000000001,,,
resnet50_frozen,11,fair,stratum,dark,OTH,1,0.0,0.984375,,,
resnet50_frozen,11,fair,overall,light,,20,0.15,,all,84.0,0.51875
resnet50_frozen,11,fair,overall,mid,,30,0.06666666666666667,,all,97.0,0.6900497512437811
resnet50_frozen,11,fair,overall,dark,,19,0.10526315789473684,,all,83.0,0.7467105263157894
resnet50_frozen,11,fair,overall,light,,19,0.15789473684210525,,noLYM,83.0,0.5271381578947367
resnet50_frozen,11,fair,overall,mid,,28,0.07142857142857142,,noLYM,95.0,0.6934968017057569
resnet50_frozen,11,fair,overall,dark,,9,0.1111111111111111,,noLYM,73.0,0.7361111111111112
resnet50_frozen,12,source,stratum,light,KC,14,0.7857142857142857,0.5044642857142857,,,
resnet50_frozen,12,source,stratum,light,MEL,3,0.6666666666666666,0.4479166666666667,,,
resnet50_frozen,12,source,stratum,light,LYM,1,1.0,0.796875,,,
resnet50_frozen,12,source,stratum,light,OTH,2,1.0,0.78125,,,
resnet50_frozen,12,source,stratum,mid,KC,24,0.875,0.6564054726368159,,,
resnet50_frozen,12,source,stratum,mid,MEL,1,1.0,0.4776119402985075,,,
resnet50_frozen,12,source,stratum,mid,LYM,3,1.0,0.6840796019900497,,,
resnet50_frozen,12,source,stratum,mid,OTH,2,0.5,0.4253731343283582,,,
resnet50_frozen,12,source,stratum,dark,KC,3,1.0,0.7057291666666666,,,
resnet50_frozen,12,source,stratum,dark,MEL,3,1.0,0.8802083333333334,,,
resnet50_frozen,12,source,stratum,dark,LYM,12,0.8333333333333334,0.5989583333333333,,,
resnet50_frozen,12,source,stratum,dark,OTH,1,1.0,0.71875,,,
resnet50_frozen,12,source,overall,light,,20,0.8,,all,84.0,0.53828125
resnet50_frozen,12,source,overall,mid,,30,0.8666666666666667,,all,97.0,0.6378109452736317
resnet50_frozen,12,source,overall,dark,,19,0.8947368421052632,,all,83.0,0.666529605263158
resnet50_frozen,12,source,overall,light,,19,0.7894736842105263,,noLYM,83.0,0.524671052631579
resnet50_frozen,12,source,overall,mid,,27,0.8518518518518519,,noLYM,94.0,0.632669983416252
resnet50_frozen,12,source,overall,dark,,7,1.0,,noLYM,71.0,0.7823660714285714
resnet50_frozen,12,simple,stratum,light,KC,14,0.07142857142857142,0.7622767857142857,,,
resnet50_frozen,12,simple,stratum,light,MEL,3,0.3333333333333333,0.7239583333333333,,,
resnet50_frozen,12,simple,stratum,light,LYM,1,0.0,0.109375,,,
resnet50_frozen,12,simple,stratum,light,OTH,2,0.0,0.453125,,,
resnet50_frozen,12,simple,stratum,mid,KC,24,0.08333333333333333,0.707089552238806,,,
resnet50_frozen,12,simple,stratum,mid,MEL,1,0.0,0.6716417910447761,,,
resnet50_frozen,12,simple,stratum,mid,LYM,3,0.0,0.8756218905472637,,,
resnet50_frozen,12,simple,stratum,mid,OTH,2,0.0,0.6268656716417911,,,
resnet50_frozen,12,simple,stratum,dark,KC,3,0.0,0.4739583333333333,,,
resnet50_frozen,12,simple,stratum,dark,MEL,3,0.0,0.5520833333333334,,,
resnet50_frozen,12,simple,stratum,dark,LYM,12,0.08333333333333333,0.6627604166666666,,,
resnet50_frozen,12,simple,stratum,dark,OTH,1,0.0,0.578125,,,
resnet50_frozen,12,simple,overall,light,,20,0.1,,all,84.0,0.6929687500000001
resnet50_frozen,12,simple,overall,mid,,30,0.06666666666666667,,all,97.0,0.7174129353233831
resnet50_frozen,12,simple,overall,dark,,19,0.05263157894736842,,all,83.0,0.6110197368421052
resnet50_frozen,12,simple,overall,light,,19,0.10526315789473684,,noLYM,83.0,0.7236842105263157
resnet50_frozen,12,simple,overall,mid,,27,0.07407407407407407,,noLYM,94.0,0.6998341625207297
resnet50_frozen,12,simple,overall,dark,,7,0.0,,noLYM,71.0,0.5223214285714286
resnet50_frozen,12,fair,stratum,light,KC,14,0.14285714285714285,0.7790178571428571,,,
resnet50_frozen,12,fair,stratum,light,MEL,3,0.3333333333333333,0.734375,,,
resnet50_frozen,12,fair,stratum,light,LYM,1,0.0,0.234375,,,
resnet50_frozen,12,fair,stratum,light,OTH,2,0.0,0.4375,,,
resnet50_frozen,12,fair,stratum,mid,KC,24,0.125,0.7195273631840795,,,
resnet50_frozen,12,fair,stratum,mid,MEL,1,0.0,0.5970149253731343,,,
resnet50_frozen,12,fair,stratum,mid,LYM,3,0.0,0.8208955223880596,,,
resnet50_frozen,12,fair,stratum,mid,OTH,2,0.0,0.6119402985074627,,,
resnet50_frozen,12,fair,stratum,dark,KC,3,0.0,0.4583333333333333,,,
resnet50_frozen,12,fair,stratum,dark,MEL,3,0.0,0.5104166666666666,,,
resnet50_frozen,12,fair,stratum,dark,LYM,12,0.16666666666666666,0.67578125,,,
resnet50_frozen,12,fair,stratum,dark,OTH,1,0.0,0.625,,,
resnet50_frozen,12,fair,overall,light,,20,0.15,,all,84.0,0.7109375
resnet50_frozen,12,fair,overall,mid,,30,0.1,,all,97.0,0.718407960199005
resnet50_frozen,12,fair,overall,dark,,19,0.10526315789473684,,all,83.0,0.6126644736842105
resnet50_frozen,12,fair,overall,light,,19,0.15789473684210525,,noLYM,83.0,0.7360197368421052
resnet50_frozen,12,fair,overall,mid,,27,0.1111111111111111,,noLYM,94.0,0.70702045328911
resnet50_frozen,12,fair,overall,dark,,7,0.0,,noLYM,71.0,0.5044642857142857
resnet50_frozen,13,source,stratum,light,KC,10,0.9,0.46562499999999996,,,
resnet50_frozen,13,source,stratum,light,MEL,5,0.6,0.34375,,,
resnet50_frozen,13,source,stratum,light,LYM,1,1.0,0.6875,,,
resnet50_frozen,13,source,stratum,light,OTH,4,1.0,0.46484375,,,
resnet50_frozen,13,source,stratum,mid,KC,19,0.8947368421052632,0.638648860958366,,,
resnet50_frozen,13,source,stratum,mid,MEL,5,1.0,0.6343283582089552,,,
resnet50_frozen,13,source,stratum,mid,LYM,4,0.75,0.5167910447761195,,,
resnet50_frozen,13,source,stratum,mid,OTH,2,0.5,0.25373134328358204,,,
resnet50_frozen,13,source,stratum,dark,KC,4,1.0,0.70703125,,,
resnet50_frozen,13,source,stratum,dark,MEL,3,1.0,0.734375,,,
resnet50_frozen,13,source,stratum,dark,LYM,12,0.9166666666666666,0.6276041666666666,,,
resnet50_frozen,13,source,overall,light,,20,0.85,,all,84.0,0.44609374999999996
resnet50_frozen,13,source,overall,mid,,30,0.8666666666666667,,all,97.0,0.5960199004975124
resnet50_frozen,13,source,overall,dark,,19,0.9473684210526315,,all,83.0,0.6611842105263158
resnet50_frozen,13,source,overall,light,,19,0.8421052631578947,,noLYM,83.0,0.4333881578947367
resnet50_frozen,13,source,overall,mid,,26,0.8846153846153846,,noLYM,93.0,0.6082089552238806
resnet50_frozen,13,source,overall,dark,,7,1.0,,noLYM,71.0,0.71875
resnet50_frozen,13,simple,stratum,light,KC,10,0.2,0.7718750000000001,,,
resnet50_frozen,13,simple,stratum,light,MEL,5,0.0,0.4375,,,
resnet50_frozen,13,simple,stratum,light,LYM,1,0.0,0.46875,,,
resnet50_frozen,13,simple,stratum,light,OTH,4,0.0,0.6328125,,,
resnet50_frozen,13,simple,stratum,mid,KC,19,0.10526315789473684,0.7698350353495679,,,
resnet50_frozen,13,simple,stratum,mid,MEL,5,0.0,0.4865671641791045,,,
resnet50_frozen,13,simple,stratum,mid,LYM,4,0.0,0.7014925373134329,,,
resnet50_frozen,13,simple,stratum,mid,OTH,2,0.0,0.873134328358209,,,
resnet50_frozen,13,simple,stratum,dark,KC,4,0.25,0.74609375,,,
resnet50_frozen,13,simple,stratum,dark,MEL,3,0.0,0.41666666666666663,,,
resnet50_frozen,13,simple,stratum,dark,LYM,12,0.25,0.87890625,,,
resnet50_frozen,13,simple,overall,light,,20,0.1,,all,84.0,0.6453125000000001
resnet50_frozen,13,simple,overall,mid,,30,0.06666666666666667,,all,97.0,0.7203980099502488
resnet50_frozen,13,simple,overall,dark,,19,0.21052631578947367,,all,83.0,0.7779605263157895
resnet50_frozen,13,simple,overall,light,,19,0.10526315789473684,,noLYM,83.0,0.6546052631578948
resnet50_frozen,13,simple,overall,mid,,26,0.07692307692307693,,noLYM,93.0,0.7233065442020666
resnet50_frozen,13,simple,overall,dark,,7,0.14285714285714285,,noLYM,71.0,0.6049107142857142
resnet50_frozen,13,fair,stratum,light,KC,10,0.3,0.8,,,
resnet50_frozen,13,fair,stratum,light,MEL,5,0.0,0.45625000000000004,,,
resnet50_frozen,13,fair,stratum,light,LYM,1,0.0,0.71875,,,
resnet50_frozen,13,fair,stratum,light,OTH,4,0.0,0.59765625,,,
resnet50_frozen,13,fair,stratum,mid,KC,19,0.10526315789473684,0.798114689709348,,,
resnet50_frozen,13,fair,stratum,mid,MEL,5,0.0,0.48358208955223886,,,
resnet50_frozen,13,fair,stratum,mid,LYM,4,0.0,0.7425373134328358,,,
resnet50_frozen,13,fair,stratum,mid,OTH,2,0.0,0.8805970149253731,,,
resnet50_frozen,13,fair,stratum,dark,KC,4,0.25,0.8046875,,,
resnet50_frozen,13,fair,stratum,dark,MEL,3,0.0,0.35416666666666663,,,
resnet50_frozen,13,fair,stratum,dark,LYM,12,0.4166666666666667,0.8763020833333333,,,
resnet50_frozen,13,fair,overall,light,,20,0.15,,all,84.0,0.6695312499999999
resnet50_frozen,13,fair,overall,mid,,30,0.06666666666666667,,all,97.0,0.7437810945273632
resnet50_frozen,13,fair,overall,dark,,19,0.3157894736842105,,all,83.0,0.7787828947368421
resnet50_frozen,13,fair,overall,light,,19,0.15789473684210525,,noLYM,83.0,0.6669407894736842
resnet50_frozen,13,fair,overall,mid,,26,0.07692307692307693,,noLYM,93.0,0.7439724454649828
resnet50_frozen,13,fair,overall,dark,,7,0.14285714285714285,,noLYM,71.0,0.6116071428571428
resnet50_frozen,14,source,stratum,light,KC,15,0.8666666666666667,0.47187500000000004,,,
resnet50_frozen,14,source,stratum,light,MEL,4,0.75,0.51171875,,,
resnet50_frozen,14,source,stratum,light,LYM,1,1.0,0.78125,,,
resnet50_frozen,14,source,stratum,mid,KC,27,0.8148148148148148,0.5925925925925926,,,
resnet50_frozen,14,source,stratum,mid,MEL,2,0.5,0.4029850746268657,,,
resnet50_frozen,14,source,stratum,mid,LYM,1,1.0,0.5522388059701493,,,
resnet50_frozen,14,source,stratum,dark,KC,2,1.0,0.734375,,,
resnet50_frozen,14,source,stratum,dark,MEL,2,0.5,0.3046875,,,
resnet50_frozen,14,source,stratum,dark,LYM,13,1.0,0.6586538461538461,,,
resnet50_frozen,14,source,stratum,dark,OTH,2,1.0,0.796875,,,
resnet50_frozen,14,source,overall,light,,20,0.85,,all,84.0,0.4953125
resnet50_frozen,14,source,overall,mid,,30,0.8,,all,97.0,0.5786069651741295
resnet50_frozen,14,source,overall,dark,,19,0.9473684210526315,,all,83.0,0.6439144736842105
resnet50_frozen,14,source,overall,light,,19,0.8421052631578947,,noLYM,83.0,0.48026315789473684
resnet50_frozen,14,source,overall,mid,,29,0.7931034482758621,,noLYM,96.0,0.5795162120432321
resnet50_frozen,14,source,overall,dark,,6,0.8333333333333334,,noLYM,70.0,0.6119791666666667
resnet50_frozen,14,simple,stratum,light,KC,15,0.13333333333333333,0.6656249999999999,,,
resnet50_frozen,14,simple,stratum,light,MEL,4,0.25,0.5,,,
resnet50_frozen,14,simple,stratum,light,LYM,1,0.0,0.421875,,,
resnet50_frozen,14,simple,stratum,mid,KC,27,0.1111111111111111,0.7037037037037037,,,
resnet50_frozen,14,simple,stratum,mid,MEL,2,0.0,0.6492537313432836,,,
resnet50_frozen,14,simple,stratum,mid,LYM,1,0.0,0.9552238805970149,,,
resnet50_frozen,14,simple,stratum,dark,KC,2,0.0,0.1484375,,,
resnet50_frozen,14,simple,stratum,dark,MEL,2,0.0,0.203125,,,
resnet50_frozen,14,simple,stratum,dark,LYM,13,0.23076923076923078,0.8329326923076923,,,
resnet50_frozen,14,simple,stratum,dark,OTH,2,0.0,0.6875,,,
resnet50_frozen,14,simple,overall,light,,20,0.15,,all,84.0,0.6203125
resnet50_frozen,14,simple,overall,mid,,30,0.1,,all,97.0,0.7084577114427861
resnet50_frozen,14,simple,overall,dark,,19,0.15789473684210525,,all,83.0,0.6792763157894737
resnet50_frozen,14,simple,overall,light,,19,0.15789473684210525,,noLYM,83.0,0.6307565789473684
resnet50_frozen,14,simple,overall,mid,,29,0.10344827586206896,,noLYM,96.0,0.6999485331960885
resnet50_frozen,14,simple,overall,dark,,6,0.0,,noLYM,70.0,0.34635416666666663
resnet50_frozen,14,fair,stratum,light,KC,15,0.13333333333333333,0.6770833333333333,,,
resnet50_frozen,14,fair,stratum,light,MEL,4,0.25,0.47265625,,,
resnet50_frozen,14,fair,stratum,light,LYM,1,0.0,0.4375,,,
resnet50_frozen,14,fair,stratum,mid,KC,27,0.1111111111111111,0.7307904919845217,,,
resnet50_frozen,14,fair,stratum,mid,MEL,2,0.0,0.5746268656716418,,,
resnet50_frozen,14,fair,stratum,mid,LYM,1,0.0,0.9850746268656716,,,
resnet50_frozen,14,fair,stratum,dark,KC,2,0.0,0.2734375,,,
resnet50_frozen,14,fair,stratum,dark,MEL,2,0.0,0.1171875,,,
resnet50_frozen,14,fair,stratum,dark,LYM,13,0.46153846153846156,0.8882211538461539,,,
resnet50_frozen,14,fair,stratum,dark,OTH,2,0.0,0.7421875,,,
resnet50_frozen,14,fair,overall,light,,20,0.15,,all,84.0,0.62421875
resnet50_frozen,14,fair,overall,mid,,30,0.1,,all,97.0,0.7288557213930348
resnet50_frozen,14,fair,overall,dark,,19,0.3157894736842105,,all,83.0,0.7269736842105262
resnet50_frozen,14,fair,overall,light,,19,0.15789473684210525,,noLYM,83.0,0.6340460526315789
resnet50_frozen,14,fair,overall,mid,,29,0.10344827586206896,,noLYM,96.0,0.7200205867215645
resnet50_frozen,14,fair,overall,dark,,6,0.0,,noLYM,70.0,0.37760416666666663
resnet50_frozen,15,source,stratum,light,KC,14,0.7857142857142857,0.46205357142857145,,,
resnet50_frozen,15,source,stratum,light,MEL,4,0.25,0.26171875,,,
resnet50_frozen,15,source,stratum,light,LYM,1,1.0,0.28125,,,
resnet50_frozen,15,source,stratum,light,OTH,1,1.0,0.71875,,,
resnet50_frozen,15,source,stratum,mid,KC,22,0.7727272727272727,0.5932835820895523,,,
resnet50_frozen,15,source,stratum,mid,MEL,2,1.0,0.5373134328358209,,,
resnet50_frozen,15,source,stratum,mid,LYM,4,0.75,0.4944029850746269,,,
resnet50_frozen,15,source,stratum,mid,OTH,2,1.0,0.3880597014925373,,,
resnet50_frozen,15,source,stratum,dark,KC,4,1.0,0.71484375,,,
resnet50_frozen,15,source,stratum,dark,MEL,3,0.6666666666666666,0.48177083333333326,,,
resnet50_frozen,15,source,stratum,dark,LYM,10,0.7,0.52578125,,,
resnet50_frozen,15,source,stratum,dark,OTH,2,1.0,0.625,,,
resnet50_frozen,15,source,overall,light,,20,0.7,,all,84.0,0.42578125000000006
resnet50_frozen,15,source,overall,mid,,30,0.8,,all,97.0,0.5626865671641791
resnet50_frozen,15,source,overall,dark,,19,0.7894736842105263,,all,83.0,0.569078947368421
resnet50_frozen,15,source,overall,light,,19,0.6842105263157895,,noLYM,83.0,0.43338815789473684
resnet50_frozen,15,source,overall,mid,,26,0.8076923076923077,,noLYM,93.0,0.5731917336394948
resnet50_frozen,15,source,overall,dark,,9,0.8888888888888888,,noLYM,73.0,0.6171875
resnet50_frozen,15,simple,stratum,light,KC,14,0.21428571428571427,0.8080357142857142,,,
resnet50_frozen,15,simple,stratum,light,MEL,4,0.0,0.3828125,,,
resnet50_frozen,15,simple,stratum,light,LYM,1,0.0,0.890625,,,
resnet50_frozen,15,simple,stratum,light,OTH,1,0.0,0.109375,,,
resnet50_frozen,15,simple,stratum,mid,KC,22,0.18181818181818182,0.7795115332428765,,,
resnet50_frozen,15,simple,stratum,mid,MEL,2,0.0,0.3059701492537314,,,
resnet50_frozen,15,simple,stratum,mid,LYM,4,0.0,0.5708955223880596,,,
resnet50_frozen,15,simple,stratum,mid,OTH,2,0.0,0.5970149253731344,,,
resnet50_frozen,15,simple,stratum,dark,KC,4,0.0,0.52734375,,,
resnet50_frozen,15,simple,stratum,dark,MEL,3,0.0,0.6666666666666667,,,
resnet50_frozen,15,simple,stratum,dark,LYM,10,0.0,0.7281249999999999,,,
resnet50_frozen,15,simple,stratum,dark,OTH,2,0.0,0.78125,,,
resnet50_frozen,15,simple,overall,light,,20,0.15,,all,84.0,0.6921875
resnet50_frozen,15,simple,overall,mid,,30,0.13333333333333333,,all,97.0,0.7079601990049752
resnet50_frozen,15,simple,overall,dark,,19,0.0,,all,83.0,0.6817434210526315
resnet50_frozen,15,simple,overall,light,,19,0.15789473684210525,,noLYM,83.0,0.6817434210526315
resnet50_frozen,15,simple,overall,mid,,26,0.15384615384615385,,noLYM,93.0,0.7290470723306544
resnet50_frozen,15,simple,overall,dark,,9,0.0,,noLYM,73.0,0.6302083333333333
resnet50_frozen,15,fair,stratum,light,KC,14,0.35714285714285715,0.8180803571428572,,,
resnet50_frozen,15,fair,stratum,light,MEL,4,0.0,0.35546875,,,
resnet50_frozen,15,fair,stratum,light,LYM,1,0.0,0.921875,,,
resnet50_frozen,15,fair,stratum,light,OTH,1,0.0,0.09375,,,
resnet50_frozen,15,fair,stratum,mid,KC,22,0.18181818181818182,0.7862957937584804,,,
resnet50_frozen,15,fair,stratum,mid,MEL,2,0.0,0.34328358208955223,,,
resnet50_frozen,15,fair,stratum,mid,LYM,4,0.0,0.6417910447761195,,,
resnet50_frozen,15,fair,stratum,mid,OTH,2,0.0,0.6343283582089552,,,
resnet50_frozen,15,fair,stratum,dark,KC,4,0.0,0.515625,,,
resnet50_frozen,15,fair,stratum,dark,MEL,3,0.0,0.609375,,,
resnet50_frozen,15,fair,stratum,dark,LYM,10,0.0,0.734375,,,
resnet50_frozen,15,fair,stratum,dark,OTH,2,0.0,0.8203125,,,
resnet50_frozen,15,fair,overall,light,,20,0.25,,all,84.0,0.69453125
resnet50_frozen,15,fair,overall,mid,,30,0.13333333333333333,,all,97.0,0.727363184079602
resnet50_frozen,15,fair,overall,dark,,19,0.0,,all,83.0,0.6776315789473685
resnet50_frozen,15,fair,overall,light,,19,0.2631578947368421,,noLYM,83.0,0.6825657894736841
resnet50_frozen,15,fair,overall,mid,,26,0.15384615384615385,,noLYM,93.0,0.7405281285878301
resnet50_frozen,15,fair,overall,dark,,9,0.0,,noLYM,73.0,0.6145833333333334
resnet50_frozen,16,source,stratum,light,KC,14,0.7142857142857143,0.4280133928571429,,,
resnet50_frozen,16,source,stratum,light,MEL,3,0.6666666666666666,0.26041666666666663,,,
resnet50_frozen,16,source,stratum,light,LYM,2,1.0,0.4921875,,,
resnet50_frozen,16,source,stratum,light,OTH,1,1.0,0.703125,,,
resnet50_frozen,16,source,stratum,mid,KC,23,0.8695652173913043,0.5762491888384166,,,
resnet50_frozen,16,source,stratum,mid,MEL,3,0.6666666666666666,0.45273631840796014,,,
resnet50_frozen,16,source,stratum,mid,LYM,3,0.6666666666666666,0.3034825870646766,,,
resnet50_frozen,16,source,stratum,mid,OTH,1,1.0,0.5970149253731343,,,
resnet50_frozen,16,source,stratum,dark,KC,5,1.0,0.621875,,,
resnet50_frozen,16,source,stratum,dark,MEL,3,0.3333333333333333,0.19791666666666666,,,
resnet50_frozen,16,source,stratum,dark,LYM,8,0.875,0.515625,,,
resnet50_frozen,16,source,stratum,dark,OTH,3,1.0,0.71875,,,
resnet50_frozen,16,source,overall,light,,20,0.75,,all,84.0,0.423046875
resnet50_frozen,16,source,overall,mid,,30,0.8333333333333334,,all,97.0,0.5373134328358209
resnet50_frozen,16,source,overall,dark,,19,0.8421052631578947,,all,83.0,0.5254934210526316
resnet50_frozen,16,source,overall,light,,18,0.7222222222222222,,noLYM,82.0,0.41536458333333337
resnet50_frozen,16,source,overall,mid,,27,0.8518518518518519,,noLYM,94.0,0.5632946379215036
resnet50_frozen,16,source,overall,dark,,11,0.8181818181818182,,noLYM,75.0,0.5326704545454546
resnet50_frozen,16,simple,stratum,light,KC,14,0.07142857142857142,0.7924107142857142,,,
resnet50_frozen,16,simple,stratum,light,MEL,3,0.0,0.8385416666666666,,,
resnet50_frozen,16,simple,stratum,light,LYM,2,0.0,0.484375,,,
resnet50_frozen,16,simple,stratum,light,OTH,1,0.0,0.796875,,,
resnet50_frozen,16,simple,stratum,mid,KC,23,0.0,0.6748864373783258,,,
resnet50_frozen,16,simple,stratum,mid,MEL,3,0.0,0.472636815920398,,,
resnet50_frozen,16,simple,stratum,mid,LYM,3,0.0,0.6069651741293532,,,
resnet50_frozen,16,simple,stratum,mid,OTH,1,0.0,0.582089552238806,,,
resnet50_frozen,16,simple,stratum,dark,KC,5,0.0,0.484375,,,
resnet50_frozen,16,simple,stratum,dark,MEL,3,0.0,0.21875,,,
resnet50_frozen,16,simple,stratum,dark,LYM,8,0.125,0.70703125,,,
resnet50_frozen,16,simple,stratum,dark,OTH,3,0.3333333333333333,0.796875,,,
resnet50_frozen,16,simple,overall,light,,20,0.05,,all,84.0,0.76875
resnet50_frozen,16,simple,overall,mid,,30,0.0,,all,97.0,0.6447761194029851
resnet50_frozen,16,simple,overall,dark,,19,0.10526315789473684,,all,83.0,0.5855263157894737
resnet50_frozen,16,simple,overall,light,,18,0.05555555555555555,,noLYM,82.0,0.8003472222222222
resnet50_frozen,16,simple,overall,mid,,27,0.0,,noLYM,94.0,0.6489773355444997
resnet50_frozen,16,simple,overall,dark,,11,0.09090909090909091,,noLYM,75.0,0.49715909090909094
resnet50_frozen,16,fair,stratum,light,KC,14,0.14285714285714285,0.8136160714285714,,,
resnet50_frozen,16,fair,stratum,light,MEL,3,0.0,0.8385416666666666,,,
resnet50_frozen,16,fair,stratum,light,LYM,2,0.0,0.484375,,,
resnet50_frozen,16,fair,stratum,light,OTH,1,0.0,0.828125,,,
resnet50_frozen,16,fair,stratum,mid,KC,23,0.0,0.6930564568462038,,,
resnet50_frozen,16,fair,stratum,mid,MEL,3,0.0,0.49751243781094523,,,
resnet50_frozen,16,fair,stratum,mid,LYM,3,0.0,0.6766169154228856,,,
resnet50_frozen,16,fair,stratum,mid,OTH,1,0.0,0.5970149253731343,,,
resnet50_frozen,16,fair,stratum,dark,KC,5,0.0,0.465625,,,
resnet50_frozen,16,fair,stratum,dark,MEL,3,0.0,0.171875,,,
resnet50_frozen,16,fair,stratum,dark,LYM,8,0.125,0.712890625,,,
resnet50_frozen,16,fair,stratum,dark,OTH,3,0.0,0.7916666666666666,,,
resnet50_frozen,16,fair,overall,light,,20,0.1,,all,84.0,0.7851562499999999
resnet50_frozen,16,fair,overall,mid,,30,0.0,,all,97.0,0.6686567164179105
resnet50_frozen,16,fair,overall,dark,,19,0.05263157894736842,,all,83.0,0.5748355263157894
resnet50_frozen,16,fair,overall,light,,18,0.1111111111111111,,noLYM,82.0,0.8185763888888888
resnet50_frozen,16,fair,overall,mid,,27,0.0,,noLYM,94.0,0.6677722498618021
resnet50_frozen,16,fair,overall,dark,,11,0.0,,noLYM,75.0,0.4744318181818181
resnet50_frozen,17,source,stratum,light,KC,14,0.7142857142857143,0.5256696428571429,,,
resnet50_frozen,17,source,stratum,light,MEL,4,0.5,0.35546875,,,
resnet50_frozen,17,source,stratum,light,OTH,2,1.0,0.65625,,,
resnet50_frozen,17,source,stratum,mid,KC,23,0.8695652173913043,0.6057754704737184,,,
resnet50_frozen,17,source,stratum,mid,MEL,4,0.75,0.47947761194029853,,,
resnet50_frozen,17,source,stratum,mid,LYM,2,1.0,0.5597014925373135,,,
resnet50_frozen,17,source,stratum,mid,OTH,1,1.0,0.19402985074626866,,,
resnet50_frozen,17,source,stratum,dark,KC,4,1.0,0.69921875,,,
resnet50_frozen,17,source,stratum,dark,MEL,4,0.75,0.6640625,,,
resnet50_frozen,17,source,stratum,dark,LYM,9,0.6666666666666666,0.5138888888888888,,,
resnet50_frozen,17,source,stratum,dark,OTH,2,1.0,0.7109375,,,
resnet50_frozen,17,source,overall,light,,20,0.7,,all,84.0,0.5046875
resnet50_frozen,17,source,overall,mid,,30,0.8666666666666667,,all,97.0,0.572139303482587
resnet50_frozen,17,source,overall,dark,,19,0.7894736842105263,,all,83.0,0.6052631578947368
resnet50_frozen,17,source,overall,light,,20,0.7,,noLYM,84.0,0.5046875
resnet50_frozen,17,source,overall,mid,,28,0.8571428571428571,,noLYM,95.0,0.5730277185501066
resnet50_frozen,17,source,overall,dark,,10,0.9,,noLYM,74.0,0.6875
resnet50_frozen,17,simple,stratum,light,KC,14,0.14285714285714285,0.7633928571428571,,,
resnet50_frozen,17,simple,stratum,light,MEL,4,0.0,0.6640625,,,
resnet50_frozen,17,simple,stratum,light,OTH,2,0.0,0.578125,,,
resnet50_frozen,17,simple,stratum,mid,KC,23,0.043478260869565216,0.6670992861778067,,,
resnet50_frozen,17,simple,stratum,mid,MEL,4,0.0,0.541044776119403,,,
resnet50_frozen,17,simple,stratum,mid,LYM,2,0.0,0.6716417910447761,,,
resnet50_frozen,17,simple,stratum,mid,OTH,1,0.0,0.20895522388059706,,,
resnet50_frozen,17,simple,stratum,dark,KC,4,0.0,0.63671875,,,
resnet50_frozen,17,simple,stratum,dark,MEL,4,0.0,0.703125,,,
resnet50_frozen,17,simple,stratum,dark,LYM,9,0.4444444444444444,0.8402777777777777,,,
resnet50_frozen,17,simple,stratum,dark,OTH,2,0.0,0.4296875,,,
resnet50_frozen,17,simple,overall,light,,20,0.1,,all,84.0,0.725
resnet50_frozen,17,simple,overall,mid,,30,0.03333333333333333,,all,97.0,0.635323383084577
resnet50_frozen,17,simple,overall,dark,,19,0.21052631578947367,,all,83.0,0.7253289473684211
resnet50_frozen,17,simple,overall,light,,20,0.1,,noLYM,84.0,0.725
resnet50_frozen,17,simple,overall,mid,,28,0.03571428571428571,,noLYM,95.0,0.6327292110874201
resnet50_frozen,17,simple,overall,dark,,10,0.0,,noLYM,74.0,0.6218750000000001
resnet50_frozen,17,fair,stratum,light,KC,14,0.14285714285714285,0.7734375,,,
resnet50_frozen,17,fair,stratum,light,MEL,4,0.0,0.6796875,,,
resnet50_frozen,17,fair,stratum,light,OTH,2,0.0,0.6328125,,,
resnet50_frozen,17,fair,stratum,mid,KC,23,0.043478260869565216,0.7034393251135626,,,
resnet50_frozen,17,fair,stratum,mid,MEL,4,0.0,0.5970149253731343,,,
resnet50_frozen,17,fair,stratum,mid,LYM,2,0.0,0.7164179104477612,,,
resnet50_frozen,17,fair,stratum,mid,OTH,1,0.0,0.29850746268656714,,,
resnet50_frozen,17,fair,stratum,dark,KC,4,0.25,0.6640625,,,
resnet50_frozen,17,fair,stratum,dark,MEL,4,0.0,0.63671875,,,
resnet50_frozen,17,fair,stratum,dark,LYM,9,0.4444444444444444,0.8385416666666666,,,
resnet50_frozen,17,fair,stratum,dark,OTH,2,0.0,0.46875,,,
resnet50_frozen,17,fair,overall,light,,20,0.1,,all,84.0,0.740625
resnet50_frozen,17,fair,overall,mid,,30,0.03333333333333333,,all,97.0,0.6766169154228856
resnet50_frozen,17,fair,overall,dark,,19,0.2631578947368421,,all,83.0,0.7203947368421053
resnet50_frozen,17,fair,overall,light,,20,0.1,,noLYM,84.0,0.740625
resnet50_frozen,17,fair,overall,mid,,28,0.03571428571428571,,noLYM,95.0,0.673773987206823
resnet50_frozen,17,fair,overall,dark,,10,0.1,,noLYM,74.0,0.6140625
resnet50_frozen,18,source,stratum,light,KC,16,0.75,0.38818359375,,,
resnet50_frozen,18,source,stratum,light,MEL,3,0.6666666666666666,0.44791666666666663,,,
resnet50_frozen,18,source,stratum,light,OTH,1,1.0,0.28125,,,
resnet50_frozen,18,source,stratum,mid,KC,23,0.9130434782608695,0.6447112264763142,,,
resnet50_frozen,18,source,stratum,mid,MEL,3,1.0,0.5920398009950248,,,
resnet50_frozen,18,source,stratum,mid,LYM,2,1.0,0.4328358208955224,,,
resnet50_frozen,18,source,stratum,mid,OTH,2,1.0,0.417910447761194,,,
resnet50_frozen,18,source,stratum,dark,KC,4,1.0,0.767578125,,,
resnet50_frozen,18,source,stratum,dark,MEL,5,0.6,0.4078125,,,
resnet50_frozen,18,source,stratum,dark,LYM,7,0.8571428571428571,0.5814732142857143,,,
resnet50_frozen,18,source,stratum,dark,OTH,3,1.0,0.6536458333333334,,,
resnet50_frozen,18,source,overall,light,,20,0.75,,all,84.0,0.39179687500000004
resnet50_frozen,18,source,overall,mid,,30,0.9333333333333333,,all,97.0,0.6101990049751245
resnet50_frozen,18,source,overall,dark,,19,0.8421052631578947,,all,83.0,0.5863486842105263
resnet50_frozen,18,source,overall,light,,20,0.75,,noLYM,84.0,0.39179687500000004
resnet50_frozen,18,source,overall,mid,,28,0.9285714285714286,,noLYM,95.0,0.622867803837953
resnet50_frozen,18,source,overall,dark,,12,0.8333333333333334,,noLYM,76.0,0.5891927083333334
resnet50_frozen,18,simple,stratum,light,KC,16,0.0,0.65625,,,
resnet50_frozen,18,simple,stratum,light,MEL,3,0.0,0.5208333333333333,,,
resnet50_frozen,18,simple,stratum,light,OTH,1,0.0,0.328125,,,
resnet50_frozen,18,simple,stratum,mid,KC,23,0.043478260869565216,0.6865671641791045,,,
resnet50_frozen,18,simple,stratum,mid,MEL,3,0.0,0.3880597014925373,,,
resnet50_frozen,18,simple,stratum,mid,LYM,2,0.0,0.45522388059701496,,,
resnet50_frozen,18,simple,stratum,mid,OTH,2,0.0,0.3880597014925373,,,
resnet50_frozen,18,simple,stratum,dark,KC,4,0.25,0.578125,,,
resnet50_frozen,18,simple,stratum,dark,MEL,5,0.0,0.590625,,,
resnet50_frozen,18,simple,stratum,dark,LYM,7,0.5714285714285714,0.7946428571428571,,,
resnet50_frozen,18,simple,stratum,dark,OTH,3,0.0,0.5625,,,
resnet50_frozen,18,simple,overall,light,,20,0.0,,all,84.0,0.61953125
resnet50_frozen,18,simple,overall,mid,,30,0.03333333333333333,,all,97.0,0.6213930348258707
resnet50_frozen,18,simple,overall,dark,,19,0.2631578947368421,,all,83.0,0.658717105263158
resnet50_frozen,18,simple,overall,light,,20,0.0,,noLYM,84.0,0.61953125
resnet50_frozen,18,simple,overall,mid,,28,0.03571428571428571,,noLYM,95.0,0.6332622601279317
resnet50_frozen,18,simple,overall,dark,,12,0.08333333333333333,,noLYM,76.0,0.5794270833333333
resnet50_frozen,18,fair,stratum,light,KC,16,0.125,0.705078125,,,
resnet50_frozen,18,fair,stratum,light,MEL,3,0.0,0.47395833333333326,,,
resnet50_frozen,18,fair,stratum,light,OTH,1,0.0,0.78125,,,
resnet50_frozen,18,fair,stratum,mid,KC,23,0.043478260869565216,0.7430240103828682,,,
resnet50_frozen,18,fair,stratum,mid,MEL,3,0.0,0.417910447761194,,,
resnet50_frozen,18,fair,stratum,mid,LYM,2,0.0,0.5074626865671642,,,
resnet50_frozen,18,fair,stratum,mid,OTH,2,0.0,0.39552238805970147,,,
resnet50_frozen,18,fair,stratum,dark,KC,4,0.25,0.70703125,,,
resnet50_frozen,18,fair,stratum,dark,MEL,5,0.0,0.60625,,,
resnet50_frozen,18,fair,stratum,dark,LYM,7,0.7142857142857143,0.8058035714285715,,,
resnet50_frozen,18,fair,stratum,dark,OTH,3,0.0,0.5885416666666666,,,
resnet50_frozen,18,fair,overall,light,,20,0.1,,all,84.0,0.67421875
resnet50_frozen,18,fair,overall,mid,,30,0.03333333333333333,,all,97.0,0.6716417910447761
resnet50_frozen,18,fair,overall,dark,,19,0.3157894736842105,,all,83.0,0.6981907894736843
resnet50_frozen,18,fair,overall,light,,20,0.1,,noLYM,84.0,0.67421875
resnet50_frozen,18,fair,overall,mid,,28,0.03571428571428571,,noLYM,95.0,0.6833688699360341
resnet50_frozen,18,fair,overall,dark,,12,0.08333333333333333,,noLYM,76.0,0.6354166666666666
resnet50_frozen,19,source,stratum,light,KC,17,0.8235294117647058,0.37867647058823534,,,
resnet50_frozen,19,source,stratum,light,MEL,1,1.0,0.609375,,,
resnet50_frozen,19,source,stratum,light,LYM,1,1.0,0.734375,,,
resnet50_frozen,19,source,stratum,light,OTH,1,1.0,0.203125,,,
resnet50_frozen,19,source,stratum,mid,KC,23,0.8695652173913043,0.6424399740428293,,,
resnet50_frozen,19,source,stratum,mid,MEL,5,1.0,0.591044776119403,,,
resnet50_frozen,19,source,stratum,mid,LYM,2,1.0,0.7985074626865672,,,
resnet50_frozen,19,source,stratum,dark,KC,2,1.0,0.6875,,,
resnet50_frozen,19,source,stratum,dark,MEL,4,1.0,0.76171875,,,
resnet50_frozen,19,source,stratum,dark,LYM,10,0.8,0.603125,,,
resnet50_frozen,19,source,stratum,dark,OTH,3,1.0,0.7395833333333334,,,
resnet50_frozen,19,source,overall,light,,20,0.85,,all,84.0,0.39921874999999996
resnet50_frozen,19,source,overall,mid,,30,0.9,,all,97.0,0.6442786069651741
resnet50_frozen,19,source,overall,dark,,19,0.8947368421052632,,all,83.0,0.6669407894736842
resnet50_frozen,19,source,overall,light,,19,0.8421052631578947,,noLYM,83.0,0.381578947368421
resnet50_frozen,19,source,overall,mid,,28,0.8928571428571429,,noLYM,95.0,0.6332622601279317
resnet50_frozen,19,source,overall,dark,,9,1.0,,noLYM,73.0,0.7378472222222222
resnet50_frozen,19,simple,stratum,light,KC,17,0.0,0.6847426470588235,,,
resnet50_frozen,19,simple,stratum,light,MEL,1,0.0,0.921875,,,
resnet50_frozen,19,simple,stratum,light,LYM,1,0.0,0.828125,,,
resnet50_frozen,19,simple,stratum,light,OTH,1,0.0,0.4375,,,
resnet50_frozen,19,simple,stratum,mid,KC,23,0.08695652173913043,0.6327060350421805,,,
resnet50_frozen,19,simple,stratum,mid,MEL,5,0.0,0.4895522388059702,,,
resnet50_frozen,19,simple,stratum,mid,LYM,2,0.0,0.8059701492537313,,,
resnet50_frozen,19,simple,stratum,dark,KC,2,0.5,0.9921875,,,
resnet50_frozen,19,simple,stratum,dark,MEL,4,0.0,0.33984375,,,
resnet50_frozen,19,simple,stratum,dark,LYM,10,0.3,0.7531249999999999,,,
resnet50_frozen,19,simple,stratum,dark,OTH,3,0.0,0.6510416666666666,,,
resnet50_frozen,19,simple,overall,light,,20,0.0,,all,84.0,0.69140625
resnet50_frozen,19,simple,overall,mid,,30,0.06666666666666667,,all,97.0,0.6203980099502487
resnet50_frozen,19,simple,overall,dark,,19,0.21052631578947367,,all,83.0,0.6751644736842104
resnet50_frozen,19,simple,overall,light,,19,0.0,,noLYM,83.0,0.6842105263157895
resnet50_frozen,19,simple,overall,mid,,28,0.07142857142857142,,noLYM,95.0,0.6071428571428571
resnet50_frozen,19,simple,overall,dark,,9,0.1111111111111111,,noLYM,73.0,0.5885416666666667
resnet50_frozen,19,fair,stratum,light,KC,17,0.11764705882352941,0.6911764705882353,,,
resnet50_frozen,19,fair,stratum,light,MEL,1,0.0,0.90625,,,
resnet50_frozen,19,fair,stratum,light,LYM,1,0.0,0.890625,,,
resnet50_frozen,19,fair,stratum,light,OTH,1,0.0,0.4375,,,
resnet50_frozen,19,fair,stratum,mid,KC,23,0.08695652173913043,0.6703439325113563,,,
resnet50_frozen,19,fair,stratum,mid,MEL,5,0.0,0.46865671641791046,,,
resnet50_frozen,19,fair,stratum,mid,LYM,2,0.0,0.9626865671641791,,,
resnet50_frozen,19,fair,stratum,dark,KC,2,1.0,1.0,,,
resnet50_frozen,19,fair,stratum,dark,MEL,4,0.0,0.30859375,,,
resnet50_frozen,19,fair,stratum,dark,LYM,10,0.4,0.7390625,,,
resnet50_frozen,19,fair,stratum,dark,OTH,3,0.0,0.7135416666666666,,,
resnet50_frozen,19,fair,overall,light,,20,0.1,,all,84.0,0.69921875
resnet50_frozen,19,fair,overall,mid,,30,0.06666666666666667,,all,97.0,0.6562189054726368
resnet50_frozen,19,fair,overall,dark,,19,0.3157894736842105,,all,83.0,0.671875
resnet50_frozen,19,fair,overall,light,,19,0.10526315789473684,,noLYM,83.0,0.6891447368421053
resnet50_frozen,19,fair,overall,mid,,28,0.07142857142857142,,noLYM,95.0,0.6343283582089553
resnet50_frozen,19,fair,overall,dark,,9,0.2222222222222222,,noLYM,73.0,0.5972222222222222
resnet50_fitzft,0,source,stratum,light,KC,16,0.6875,0.4892578125,,,
resnet50_fitzft,0,source,stratum,light,MEL,2,0.0,0.203125,,,
resnet50_fitzft,0,source,stratum,light,OTH,2,0.5,0.46875,,,
resnet50_fitzft,0,source,stratum,mid,KC,24,0.9166666666666666,0.7223258706467661,,,
resnet50_fitzft,0,source,stratum,mid,MEL,4,0.75,0.7052238805970149,,,
resnet50_fitzft,0,source,stratum,mid,LYM,1,1.0,0.4328358208955224,,,
resnet50_fitzft,0,source,stratum,mid,OTH,1,0.0,0.26865671641791045,,,
resnet50_fitzft,0,source,stratum,dark,KC,4,1.0,0.8203125,,,
resnet50_fitzft,0,source,stratum,dark,MEL,4,0.5,0.50390625,,,
resnet50_fitzft,0,source,stratum,dark,LYM,11,0.9090909090909091,0.6534090909090909,,,
resnet50_fitzft,0,source,overall,light,,20,0.6,,all,84.0,0.45859374999999997
resnet50_fitzft,0,source,overall,mid,,30,0.8666666666666667,,all,97.0,0.695273631840796
resnet50_fitzft,0,source,overall,dark,,19,0.8421052631578947,,all,83.0,0.6570723684210525
resnet50_fitzft,0,source,overall,light,,20,0.6,,noLYM,84.0,0.45859374999999997
resnet50_fitzft,0,source,overall,mid,,29,0.8620689655172413,,noLYM,96.0,0.704323211528564
resnet50_fitzft,0,source,overall,dark,,8,0.75,,noLYM,72.0,0.662109375
resnet50_fitzft,0,simple,stratum,light,KC,16,0.0,0.546875,,,
resnet50_fitzft,0,simple,stratum,light,MEL,2,0.5,0.6171875,,,
resnet50_fitzft,0,simple,stratum,light,OTH,2,0.0,0.71875,,,
resnet50_fitzft,0,simple,stratum,mid,KC,24,0.08333333333333333,0.7257462686567165,,,
resnet50_fitzft,0,simple,stratum,mid,MEL,4,0.0,0.2425373134328358,,,
resnet50_fitzft,0,simple,stratum,mid,LYM,1,0.0,0.20895522388059706,,,
resnet50_fitzft,0,simple,stratum,mid,OTH,1,0.0,0.6716417910447761,,,
resnet50_fitzft,0,simple,stratum,dark,KC,4,0.25,0.69140625,,,
resnet50_fitzft,0,simple,stratum,dark,MEL,4,0.0,0.62109375,,,
resnet50_fitzft,0,simple,stratum,dark,LYM,11,0.18181818181818182,0.8792613636363635,,,
resnet50_fitzft,0,simple,overall,light,,20,0.05,,all,84.0,0.57109375
resnet50_fitzft,0,simple,overall,mid,,30,0.06666666666666667,,all,97.0,0.6422885572139304
resnet50_fitzft,0,simple,overall,dark,,19,0.15789473684210525,,all,83.0,0.7853618421052632
resnet50_fitzft,0,simple,overall,light,,20,0.05,,noLYM,84.0,0.57109375
resnet50_fitzft,0,simple,overall,mid,,29,0.06896551724137931,,noLYM,96.0,0.6572310859495626
resnet50_fitzft,0,simple,overall,dark,,8,0.125,,noLYM,72.0,0.65625
resnet50_fitzft,0,fair,stratum,light,KC,16,0.0,0.59765625,,,
resnet50_fitzft,0,fair,stratum,light,MEL,2,0.5,0.5546875,,,
resnet50_fitzft,0,fair,stratum,light,OTH,2,0.0,0.734375,,,
resnet50_fitzft,0,fair,stratum,mid,KC,24,0.20833333333333334,0.7587064676616915,,,
resnet50_fitzft,0,fair,stratum,mid,MEL,4,0.0,0.29850746268656714,,,
resnet50_fitzft,0,fair,stratum,mid,LYM,1,0.0,0.11940298507462688,,,
resnet50_fitzft,0,fair,stratum,mid,OTH,1,0.0,0.7611940298507462,,,
resnet50_fitzft,0,fair,stratum,dark,KC,4,0.5,0.703125,,,
resnet50_fitzft,0,fair,stratum,dark,MEL,4,0.0,0.56640625,,,
resnet50_fitzft,0,fair,stratum,dark,LYM,11,0.36363636363636365,0.8721590909090908,,,
resnet50_fitzft,0,fair,overall,light,,20,0.05,,all,84.0,0.6070312499999999
resnet50_fitzft,0,fair,overall,mid,,30,0.16666666666666666,,all,97.0,0.6761194029850748
resnet50_fitzft,0,fair,overall,dark,,19,0.3157894736842105,,all,83.0,0.7722039473684211
resnet50_fitzft,0,fair,overall,light,,20,0.05,,noLYM,84.0,0.6070312499999999
resnet50_fitzft,0,fair,overall,mid,,29,0.1724137931034483,,noLYM,96.0,0.6953165208440555
resnet50_fitzft,0,fair,overall,dark,,8,0.25,,noLYM,72.0,0.634765625
resnet50_fitzft,1,source,stratum,light,KC,15,0.7333333333333333,0.5796874999999999,,,
resnet50_fitzft,1,source,stratum,light,MEL,3,0.0,0.1875,,,
resnet50_fitzft,1,source,stratum,light,OTH,2,1.0,0.890625,,,
resnet50_fitzft,1,source,stratum,mid,KC,17,0.8235294117647058,0.6672519754170325,,,
resnet50_fitzft,1,source,stratum,mid,MEL,6,0.6666666666666666,0.6094527363184079,,,
resnet50_fitzft,1,source,stratum,mid,LYM,4,0.75,0.6156716417910448,,,
resnet50_fitzft,1,source,stratum,mid,OTH,3,0.6666666666666666,0.5621890547263682,,,
resnet50_fitzft,1,source,stratum,dark,KC,2,1.0,0.671875,,,
resnet50_fitzft,1,source,stratum,dark,MEL,3,0.6666666666666666,0.5989583333333333,,,
resnet50_fitzft,1,source,stratum,dark,LYM,13,0.7692307692307693,0.5516826923076923,,,
resnet50_fitzft,1,source,stratum,dark,OTH,1,1.0,0.5625,,,
resnet50_fitzft,1,source,overall,light,,20,0.65,,all,84.0,0.551953125
resnet50_fitzft,1,source,overall,mid,,30,0.7666666666666667,,all,97.0,0.6383084577114427
resnet50_fitzft,1,source,overall,dark,,19,0.7894736842105263,,all,83.0,0.5723684210526315
resnet50_fitzft,1,source,overall,light,,20,0.65,,noLYM,84.0,0.551953125
resnet50_fitzft,1,source,overall,mid,,26,0.7692307692307693,,noLYM,93.0,0.6417910447761194
resnet50_fitzft,1,source,overall,dark,,6,0.8333333333333334,,noLYM,70.0,0.6171875
resnet50_fitzft,1,simple,stratum,light,KC,15,0.06666666666666667,0.7322916666666667,,,
resnet50_fitzft,1,simple,stratum,light,MEL,3,0.3333333333333333,0.5677083333333333,,,
resnet50_fitzft,1,simple,stratum,light,OTH,2,0.0,0.7578125,,,
resnet50_fitzft,1,simple,stratum,mid,KC,17,0.17647058823529413,0.8015803336259877,,,
resnet50_fitzft,1,simple,stratum,mid,MEL,6,0.0,0.373134328358209,,,
resnet50_fitzft,1,simple,stratum,mid,LYM,4,0.0,0.5932835820895522,,,
resnet50_fitzft,1,simple,stratum,mid,OTH,3,0.0,0.6417910447761195,,,
resnet50_fitzft,1,simple,stratum,dark,KC,2,0.0,0.5546875,,,
resnet50_fitzft,1,simple,stratum,dark,MEL,3,0.0,0.6458333333333334,,,
resnet50_fitzft,1,simple,stratum,dark,LYM,13,0.15384615384615385,0.8617788461538461,,,
resnet50_fitzft,1,simple,stratum,dark,OTH,1,1.0,1.0,,,
resnet50_fitzft,1,simple,overall,light,,20,0.1,,all,84.0,0.71015625
resnet50_fitzft,1,simple,overall,mid,,30,0.1,,all,97.0,0.6721393034825871
resnet50_fitzft,1,simple,overall,dark,,19,0.15789473684210525,,all,83.0,0.8026315789473683
resnet50_fitzft,1,simple,overall,light,,20,0.1,,noLYM,84.0,0.71015625
resnet50_fitzft,1,simple,overall,mid,,26,0.11538461538461539,,noLYM,93.0,0.6842709529276693
resnet50_fitzft,1,simple,overall,dark,,6,0.16666666666666666,,noLYM,70.0,0.6744791666666666
resnet50_fitzft,1,fair,stratum,light,KC,15,0.13333333333333333,0.753125,,,
resnet50_fitzft,1,fair,stratum,light,MEL,3,0.3333333333333333,0.5104166666666666,,,
resnet50_fitzft,1,fair,stratum,light,OTH,2,0.0,0.8515625,,,
resnet50_fitzft,1,fair,stratum,mid,KC,17,0.23529411764705882,0.810359964881475,,,
resnet50_fitzft,1,fair,stratum,mid,MEL,6,0.0,0.40298507462686567,,,
resnet50_fitzft,1,fair,stratum,mid,LYM,4,0.0,0.6380597014925373,,,
resnet50_fitzft,1,fair,stratum,mid,OTH,3,0.0,0.582089552238806,,,
resnet50_fitzft,1,fair,stratum,dark,KC,2,0.0,0.5390625,,,
resnet50_fitzft,1,fair,stratum,dark,MEL,3,0.0,0.6197916666666666,,,
resnet50_fitzft,1,fair,stratum,dark,LYM,13,0.15384615384615385,0.8689903846153846,,,
resnet50_fitzft,1,fair,stratum,dark,OTH,1,1.0,1.0,,,
resnet50_fitzft,1,fair,overall,light,,20,0.15,,all,84.0,0.7265625
resnet50_fitzft,1,fair,overall,mid,,30,0.13333333333333333,,all,97.0,0.6830845771144279
resnet50_fitzft,1,fair,overall,dark,,19,0.15789473684210525,,all,83.0,0.8018092105263157
resnet50_fitzft,1,fair,overall,light,,20,0.15,,noLYM,84.0,0.7265625
resnet50_fitzft,1,fair,overall,mid,,26,0.15384615384615385,,noLYM,93.0,0.6900114810562572
resnet50_fitzft,1,fair,overall,dark,,6,0.16666666666666666,,noLYM,70.0,0.65625
resnet50_fitzft,2,source,stratum,light,KC,12,0.8333333333333334,0.66015625,,,
resnet50_fitzft,2,source,stratum,light,MEL,4,0.5,0.29296875,,,
resnet50_fitzft,2,source,stratum,light,LYM,2,1.0,0.8203125,,,
resnet50_fitzft,2,source,stratum,light,OTH,2,0.5,0.5390625,,,
resnet50_fitzft,2,source,stratum,mid,KC,25,0.88,0.7211940298507462,,,
resnet50_fitzft,2,source,stratum,mid,MEL,3,0.6666666666666666,0.6766169154228855,,,
resnet50_fitzft,2,source,stratum,mid,LYM,1,1.0,0.4477611940298507,,,
resnet50_fitzft,2,source,stratum,mid,OTH,1,0.0,0.28358208955223885,,,
resnet50_fitzft,2,source,stratum,dark,KC,4,0.75,0.56640625,,,
resnet50_fitzft,2,source,stratum,dark,MEL,4,1.0,0.81640625,,,
resnet50_fitzft,2,source,stratum,dark,LYM,9,1.0,0.7690972222222222,,,
resnet50_fitzft,2,source,stratum,dark,OTH,2,1.0,0.9921875,,,
resnet50_fitzft,2,source,overall,light,,20,0.75,,all,84.0,0.590625
resnet50_fitzft,2,source,overall,mid,,30,0.8333333333333334,,all,97.0,0.6930348258706468
resnet50_fitzft,2,source,overall,dark,,19,0.9473684210526315,,all,83.0,0.7598684210526315
resnet50_fitzft,2,source,overall,light,,18,0.7222222222222222,,noLYM,82.0,0.5651041666666666
resnet50_fitzft,2,source,overall,mid,,29,0.8275862068965517,,noLYM,96.0,0.7014925373134329
resnet50_fitzft,2,source,overall,dark,,10,0.9,,noLYM,74.0,0.7515625
resnet50_fitzft,2,simple,stratum,light,KC,12,0.08333333333333333,0.6901041666666666,,,
resnet50_fitzft,2,simple,stratum,light,MEL,4,0.0,0.55078125,,,
resnet50_fitzft,2,simple,stratum,light,LYM,2,0.0,0.8046875,,,
resnet50_fitzft,2,simple,stratum,light,OTH,2,0.0,0.53125,,,
resnet50_fitzft,2,simple,stratum,mid,KC,25,0.12,0.7074626865671642,,,
resnet50_fitzft,2,simple,stratum,mid,MEL,3,0.0,0.24378109452736318,,,
resnet50_fitzft,2,simple,stratum,mid,LYM,1,0.0,0.16417910447761197,,,
resnet50_fitzft,2,simple,stratum,mid,OTH,1,0.0,0.05970149253731338,,,
resnet50_fitzft,2,simple,stratum,dark,KC,4,0.25,0.6953125,,,
resnet50_fitzft,2,simple,stratum,dark,MEL,4,0.0,0.69921875,,,
resnet50_fitzft,2,simple,stratum,dark,LYM,9,0.2222222222222222,0.7395833333333334,,,
resnet50_fitzft,2,simple,stratum,dark,OTH,2,0.5,0.7421875,,,
resnet50_fitzft,2,simple,overall,light,,20,0.05,,all,84.0,0.6578125
resnet50_fitzft,2,simple,overall,mid,,30,0.1,,all,97.0,0.6213930348258706
resnet50_fitzft,2,simple,overall,dark,,19,0.21052631578947367,,all,83.0,0.7220394736842105
resnet50_fitzft,2,simple,overall,light,,18,0.05555555555555555,,noLYM,82.0,0.6414930555555556
resnet50_fitzft,2,simple,overall,mid,,29,0.10344827586206896,,noLYM,96.0,0.6371590324240864
resnet50_fitzft,2,simple,overall,dark,,10,0.2,,noLYM,74.0,0.7062499999999999
resnet50_fitzft,2,fair,stratum,light,KC,12,0.16666666666666666,0.7213541666666666,,,
resnet50_fitzft,2,fair,stratum,light,MEL,4,0.0,0.48046875,,,
resnet50_fitzft,2,fair,stratum,light,LYM,2,0.0,0.921875,,,
resnet50_fitzft,2,fair,stratum,light,OTH,2,0.0,0.53125,,,
resnet50_fitzft,2,fair,stratum,mid,KC,25,0.16,0.7223880597014926,,,
resnet50_fitzft,2,fair,stratum,mid,MEL,3,0.0,0.2935323383084577,,,
resnet50_fitzft,2,fair,stratum,mid,LYM,1,0.0,0.17910447761194026,,,
resnet50_fitzft,2,fair,stratum,mid,OTH,1,0.0,0.13432835820895528,,,
resnet50_fitzft,2,fair,stratum,dark,KC,4,0.25,0.73828125,,,
resnet50_fitzft,2,fair,stratum,dark,MEL,4,0.0,0.70703125,,,
resnet50_fitzft,2,fair,stratum,dark,LYM,9,0.2222222222222222,0.765625,,,
resnet50_fitzft,2,fair,stratum,dark,OTH,2,0.5,0.84375,,,
resnet50_fitzft,2,fair,overall,light,,20,0.1,,all,84.0,0.67421875
resnet50_fitzft,2,fair,overall,mid,,30,0.13333333333333333,,all,97.0,0.6417910447761194
resnet50_fitzft,2,fair,overall,dark,,19,0.21052631578947367,,all,83.0,0.7557565789473684
resnet50_fitzft,2,fair,overall,light,,18,0.1111111111111111,,noLYM,82.0,0.6467013888888888
resnet50_fitzft,2,fair,overall,mid,,29,0.13793103448275862,,noLYM,96.0,0.6577457539886774
resnet50_fitzft,2,fair,overall,dark,,10,0.2,,noLYM,74.0,0.746875
resnet50_fitzft,3,source,stratum,light,KC,14,0.9285714285714286,0.6439732142857143,,,
resnet50_fitzft,3,source,stratum,light,MEL,3,1.0,0.7864583333333333,,,
resnet50_fitzft,3,source,stratum,light,LYM,2,1.0,0.7109375,,,
resnet50_fitzft,3,source,stratum,light,OTH,1,0.0,0.140625,,,
resnet50_fitzft,3,source,stratum,mid,KC,28,0.7857142857142857,0.6748400852878466,,,
resnet50_fitzft,3,source,stratum,mid,MEL,1,0.0,0.26865671641791045,,,
resnet50_fitzft,3,source,stratum,mid,LYM,1,1.0,0.8208955223880597,,,
resnet50_fitzft,3,source,stratum,dark,KC,3,0.6666666666666666,0.6562499999999999,,,
resnet50_fitzft,3,source,stratum,dark,MEL,3,0.6666666666666666,0.6510416666666666,,,
resnet50_fitzft,3,source,stratum,dark,LYM,11,0.8181818181818182,0.6008522727272727,,,
resnet50_fitzft,3,source,stratum,dark,OTH,2,1.0,0.65625,,,
resnet50_fitzft,3,source,overall,light,,20,0.9,,all,84.0,0.646875
resnet50_fitzft,3,source,overall,mid,,30,0.7666666666666667,,all,97.0,0.6661691542288557
resnet50_fitzft,3,source,overall,dark,,19,0.7894736842105263,,all,83.0,0.6233552631578947
resnet50_fitzft,3,source,overall,light,,18,0.8888888888888888,,noLYM,82.0,0.6397569444444444
resnet50_fitzft,3,source,overall,mid,,29,0.7586206896551724,,noLYM,96.0,0.6608337622233659
resnet50_fitzft,3,source,overall,dark,,8,0.75,,noLYM,72.0,0.654296875
resnet50_fitzft,3,simple,stratum,light,KC,14,0.14285714285714285,0.6941964285714286,,,
resnet50_fitzft,3,simple,stratum,light,MEL,3,0.0,0.578125,,,
resnet50_fitzft,3,simple,stratum,light,LYM,2,0.0,0.7265625,,,
resnet50_fitzft,3,simple,stratum,light,OTH,1,0.0,0.40625,,,
resnet50_fitzft,3,simple,stratum,mid,KC,28,0.25,0.7334754797441365,,,
resnet50_fitzft,3,simple,stratum,mid,MEL,1,0.0,0.0,,,
resnet50_fitzft,3,simple,stratum,mid,LYM,1,0.0,0.5671641791044777,,,
resnet50_fitzft,3,simple,stratum,dark,KC,3,0.3333333333333333,0.6666666666666666,,,
resnet50_fitzft,3,simple,stratum,dark,MEL,3,0.0,0.6406249999999999,,,
resnet50_fitzft,3,simple,stratum,dark,LYM,11,0.18181818181818182,0.734375,,,
resnet50_fitzft,3,simple,stratum,dark,OTH,2,0.5,0.75,,,
resnet50_fitzft,3,simple,overall,light,,20,0.1,,all,84.0,0.6656249999999999
resnet50_fitzft,3,simple,overall,mid,,30,0.23333333333333334,,all,97.0,0.7034825870646766
resnet50_fitzft,3,simple,overall,dark,,19,0.21052631578947367,,all,83.0,0.7105263157894737
resnet50_fitzft,3,simple,overall,light,,18,0.1111111111111111,,noLYM,82.0,0.6588541666666666
resnet50_fitzft,3,simple,overall,mid,,29,0.2413793103448276,,noLYM,96.0,0.7081832218219248
resnet50_fitzft,3,simple,overall,dark,,8,0.25,,noLYM,72.0,0.677734375
resnet50_fitzft,3,fair,stratum,light,KC,14,0.35714285714285715,0.6975446428571428,,,
resnet50_fitzft,3,fair,stratum,light,MEL,3,0.0,0.625,,,
resnet50_fitzft,3,fair,stratum,light,LYM,2,0.5,0.75,,,
resnet50_fitzft,3,fair,stratum,light,OTH,1,0.0,0.203125,,,
resnet50_fitzft,3,fair,stratum,mid,KC,28,0.32142857142857145,0.7414712153518123,,,
resnet50_fitzft,3,fair,stratum,mid,MEL,1,0.0,0.07462686567164178,,,
resnet50_fitzft,3,fair,stratum,mid,LYM,1,0.0,0.6865671641791045,,,
resnet50_fitzft,3,fair,stratum,dark,KC,3,0.6666666666666666,0.6822916666666666,,,
resnet50_fitzft,3,fair,stratum,dark,MEL,3,0.0,0.6458333333333334,,,
resnet50_fitzft,3,fair,stratum,dark,LYM,11,0.2727272727272727,0.7017045454545454,,,
resnet50_fitzft,3,fair,stratum,dark,OTH,2,0.5,0.7578125,,,
resnet50_fitzft,3,fair,overall,light,,20,0.3,,all,84.0,0.6671875
resnet50_fitzft,3,fair,overall,mid,,30,0.3,,all,97.0,0.7174129353233831
resnet50_fitzft,3,fair,overall,dark,,19,0.3157894736842105,,all,83.0,0.6957236842105263
resnet50_fitzft,3,fair,overall,light,,18,0.2777777777777778,,noLYM,82.0,0.6579861111111112
resnet50_fitzft,3,fair,overall,mid,,29,0.3103448275862069,,noLYM,96.0,0.7184765826042203
resnet50_fitzft,3,fair,overall,dark,,8,0.375,,noLYM,72.0,0.6875
resnet50_fitzft,4,source,stratum,light,KC,13,0.6923076923076923,0.59375,,,
resnet50_fitzft,4,source,stratum,light,MEL,5,0.6,0.603125,,,
resnet50_fitzft,4,source,stratum,light,LYM,1,1.0,0.515625,,,
resnet50_fitzft,4,source,stratum,light,OTH,1,0.0,0.21875,,,
resnet50_fitzft,4,source,stratum,mid,KC,25,0.8,0.6853731343283581,,,
resnet50_fitzft,4,source,stratum,mid,MEL,3,0.3333333333333333,0.3532338308457711,,,
resnet50_fitzft,4,source,stratum,mid,LYM,1,1.0,0.5373134328358209,,,
resnet50_fitzft,4,source,stratum,mid,OTH,1,1.0,0.9104477611940298,,,
resnet50_fitzft,4,source,stratum,dark,KC,4,0.75,0.54296875,,,
resnet50_fitzft,4,source,stratum,dark,MEL,2,0.0,0.1953125,,,
resnet50_fitzft,4,source,stratum,dark,LYM,12,0.8333333333333334,0.6516927083333334,,,
resnet50_fitzft,4,source,stratum,dark,OTH,1,1.0,0.984375,,,
resnet50_fitzft,4,source,overall,light,,20,0.65,,all,84.0,0.5734375
resnet50_fitzft,4,source,overall,mid,,30,0.7666666666666667,,all,97.0,0.654726368159204
resnet50_fitzft,4,source,overall,dark,,19,0.7368421052631579,,all,83.0,0.5982730263157894
resnet50_fitzft,4,source,overall,light,,19,0.631578947368421,,noLYM,83.0,0.5764802631578948
resnet50_fitzft,4,source,overall,mid,,29,0.7586206896551724,,noLYM,96.0,0.6587750900669068
resnet50_fitzft,4,source,overall,dark,,7,0.5714285714285714,,noLYM,71.0,0.5066964285714286
resnet50_fitzft,4,simple,stratum,light,KC,13,0.15384615384615385,0.8233173076923077,,,
resnet50_fitzft,4,simple,stratum,light,MEL,5,0.0,0.715625,,,
resnet50_fitzft,4,simple,stratum,light,LYM,1,0.0,0.609375,,,
resnet50_fitzft,4,simple,stratum,light,OTH,1,0.0,0.6875,,,
resnet50_fitzft,4,simple,stratum,mid,KC,25,0.04,0.7361194029850746,,,
resnet50_fitzft,4,simple,stratum,mid,MEL,3,0.0,0.33333333333333326,,,
resnet50_fitzft,4,simple,stratum,mid,LYM,1,0.0,0.582089552238806,,,
resnet50_fitzft,4,simple,stratum,mid,OTH,1,0.0,0.9402985074626866,,,
resnet50_fitzft,4,simple,stratum,dark,KC,4,0.25,0.4765625,,,
resnet50_fitzft,4,simple,stratum,dark,MEL,2,0.0,0.2578125,,,
resnet50_fitzft,4,simple,stratum,dark,LYM,12,0.08333333333333333,0.83984375,,,
resnet50_fitzft,4,simple,stratum,dark,OTH,1,0.0,0.671875,,,
resnet50_fitzft,4,simple,overall,light,,20,0.1,,all,84.0,0.7789062499999999
resnet50_fitzft,4,simple,overall,mid,,30,0.03333333333333333,,all,97.0,0.6975124378109453
resnet50_fitzft,4,simple,overall,dark,,19,0.10526315789473684,,all,83.0,0.6932565789473684
resnet50_fitzft,4,simple,overall,light,,19,0.10526315789473684,,noLYM,83.0,0.787828947368421
resnet50_fitzft,4,simple,overall,mid,,29,0.034482758620689655,,noLYM,96.0,0.7014925373134328
resnet50_fitzft,4,simple,overall,dark,,7,0.14285714285714285,,noLYM,71.0,0.4419642857142857
resnet50_fitzft,4,fair,stratum,light,KC,13,0.3076923076923077,0.8353365384615385,,,
resnet50_fitzft,4,fair,stratum,light,MEL,5,0.2,0.65,,,
resnet50_fitzft,4,fair,stratum,light,LYM,1,0.0,0.65625,,,
resnet50_fitzft,4,fair,stratum,light,OTH,1,0.0,0.53125,,,
resnet50_fitzft,4,fair,stratum,mid,KC,25,0.08,0.7582089552238805,,,
resnet50_fitzft,4,fair,stratum,mid,MEL,3,0.0,0.37810945273631835,,,
resnet50_fitzft,4,fair,stratum,mid,LYM,1,0.0,0.7164179104477613,,,
resnet50_fitzft,4,fair,stratum,mid,OTH,1,0.0,0.9253731343283582,,,
resnet50_fitzft,4,fair,stratum,dark,KC,4,0.25,0.48046875,,,
resnet50_fitzft,4,fair,stratum,dark,MEL,2,0.0,0.2578125,,,
resnet50_fitzft,4,fair,stratum,dark,LYM,12,0.5,0.8424479166666666,,,
resnet50_fitzft,4,fair,stratum,dark,OTH,1,0.0,0.84375,,,
resnet50_fitzft,4,fair,overall,light,,20,0.25,,all,84.0,0.76484375
resnet50_fitzft,4,fair,overall,mid,,30,0.06666666666666667,,all,97.0,0.7243781094527363
resnet50_fitzft,4,fair,overall,dark,,19,0.3684210526315789,,all,83.0,0.7047697368421052
resnet50_fitzft,4,fair,overall,light,,19,0.2631578947368421,,noLYM,83.0,0.7705592105263158
resnet50_fitzft,4,fair,overall,mid,,29,0.06896551724137931,,noLYM,96.0,0.7246525990735976
resnet50_fitzft,4,fair,overall,dark,,7,0.14285714285714285,,noLYM,71.0,0.46875
resnet50_fitzft,5,source,stratum,light,KC,14,0.9285714285714286,0.6316964285714286,,,
resnet50_fitzft,5,source,stratum,light,MEL,3,0.6666666666666666,0.47916666666666663,,,
resnet50_fitzft,5,source,stratum,light,LYM,1,1.0,0.53125,,,
resnet50_fitzft,5,source,stratum,light,OTH,2,0.5,0.5,,,
resnet50_fitzft,5,source,stratum,mid,KC,26,0.9615384615384616,0.7916188289322618,,,
resnet50_fitzft,5,source,stratum,mid,MEL,3,0.3333333333333333,0.39303482587064675,,,
resnet50_fitzft,5,source,stratum,mid,LYM,1,1.0,0.8656716417910448,,,
resnet50_fitzft,5,source,stratum,dark,KC,3,0.6666666666666666,0.6249999999999999,,,
resnet50_fitzft,5,source,stratum,dark,MEL,5,0.8,0.6625,,,
resnet50_fitzft,5,source,stratum,dark,LYM,10,0.8,0.628125,,,
resnet50_fitzft,5,source,stratum,dark,OTH,1,1.0,0.953125,,,
resnet50_fitzft,5,source,overall,light,,20,0.85,,all,84.0,0.590625
resnet50_fitzft,5,source,overall,mid,,30,0.9,,all,97.0,0.7542288557213931
resnet50_fitzft,5,source,overall,dark,,19,0.7894736842105263,,all,83.0,0.6537828947368421
resnet50_fitzft,5,source,overall,light,,19,0.8421052631578947,,noLYM,83.0,0.59375
resnet50_fitzft,5,source,overall,mid,,29,0.896551724137931,,noLYM,96.0,0.7503860010293361
resnet50_fitzft,5,source,overall,dark,,9,0.7777777777777778,,noLYM,73.0,0.6822916666666667
resnet50_fitzft,5,simple,stratum,light,KC,14,0.14285714285714285,0.6138392857142857,,,
resnet50_fitzft,5,simple,stratum,light,MEL,3,0.3333333333333333,0.5572916666666666,,,
resnet50_fitzft,5,simple,stratum,light,LYM,1,0.0,0.421875,,,
resnet50_fitzft,5,simple,stratum,light,OTH,2,0.0,0.5234375,,,
resnet50_fitzft,5,simple,stratum,mid,KC,26,0.19230769230769232,0.7789896670493686,,,
resnet50_fitzft,5,simple,stratum,mid,MEL,3,0.0,0.5572139303482586,,,
resnet50_fitzft,5,simple,stratum,mid,LYM,1,0.0,0.9552238805970149,,,
resnet50_fitzft,5,simple,stratum,dark,KC,3,0.0,0.27604166666666663,,,
resnet50_fitzft,5,simple,stratum,dark,MEL,5,0.0,0.725,,,
resnet50_fitzft,5,simple,stratum,dark,LYM,10,0.1,0.6874999999999999,,,
resnet50_fitzft,5,simple,stratum,dark,OTH,1,1.0,0.984375,,,
resnet50_fitzft,5,simple,overall,light,,20,0.15,,all,84.0,0.5867187500000001
resnet50_fitzft,5,simple,overall,mid,,30,0.16666666666666666,,all,97.0,0.762686567164179
resnet50_fitzft,5,simple,overall,dark,,19,0.10526315789473684,,all,83.0,0.6480263157894737
resnet50_fitzft,5,simple,overall,light,,19,0.15789473684210525,,noLYM,83.0,0.5953947368421053
resnet50_fitzft,5,simple,overall,mid,,29,0.1724137931034483,,noLYM,96.0,0.7560473494595986
resnet50_fitzft,5,simple,overall,dark,,9,0.1111111111111111,,noLYM,73.0,0.6041666666666667
resnet50_fitzft,5,fair,stratum,light,KC,14,0.35714285714285715,0.6808035714285714,,,
resnet50_fitzft,5,fair,stratum,light,MEL,3,0.3333333333333333,0.5260416666666666,,,
resnet50_fitzft,5,fair,stratum,light,LYM,1,0.0,0.453125,,,
resnet50_fitzft,5,fair,stratum,light,OTH,2,0.0,0.53125,,,
resnet50_fitzft,5,fair,stratum,mid,KC,26,0.23076923076923078,0.7898966704936854,,,
resnet50_fitzft,5,fair,stratum,mid,MEL,3,0.0,0.5223880597014925,,,
resnet50_fitzft,5,fair,stratum,mid,LYM,1,1.0,0.9701492537313433,,,
resnet50_fitzft,5,fair,stratum,dark,KC,3,0.0,0.328125,,,
resnet50_fitzft,5,fair,stratum,dark,MEL,5,0.0,0.671875,,,
resnet50_fitzft,5,fair,stratum,dark,LYM,10,0.2,0.7171874999999999,,,
resnet50_fitzft,5,fair,stratum,dark,OTH,1,1.0,0.984375,,,
resnet50_fitzft,5,fair,overall,light,,20,0.3,,all,84.0,0.6312500000000001
resnet50_fitzft,5,fair,overall,mid,,30,0.23333333333333334,,all,97.0,0.7691542288557214
resnet50_fitzft,5,fair,overall,dark,,19,0.15789473684210525,,all,83.0,0.6578947368421053
resnet50_fitzft,5,fair,overall,light,,19,0.3157894736842105,,noLYM,83.0,0.640625
resnet50_fitzft,5,fair,overall,mid,,29,0.20689655172413793,,noLYM,96.0,0.7622233659289759
resnet50_fitzft,5,fair,overall,dark,,9,0.1111111111111111,,noLYM,73.0,0.5920138888888888
resnet50_fitzft,6,source,stratum,light,KC,16,0.8125,0.5693359375,,,
resnet50_fitzft,6,source,stratum,light,MEL,2,1.0,0.6796875,,,
resnet50_fitzft,6,source,stratum,light,LYM,1,1.0,0.453125,,,
resnet50_fitzft,6,source,stratum,light,OTH,1,0.0,0.109375,,,
resnet50_fitzft,6,source,stratum,mid,KC,23,0.8695652173913043,0.745944192083063,,,
resnet50_fitzft,6,source,stratum,mid,MEL,3,1.0,0.8855721393034826,,,
resnet50_fitzft,6,source,stratum,mid,LYM,3,0.6666666666666666,0.47761194029850745,,,
resnet50_fitzft,6,source,stratum,mid,OTH,1,1.0,0.9104477611940298,,,
resnet50_fitzft,6,source,stratum,dark,KC,2,1.0,0.65625,,,
resnet50_fitzft,6,source,stratum,dark,MEL,5,0.8,0.5906250000000001,,,
resnet50_fitzft,6,source,stratum,dark,LYM,11,0.7272727272727273,0.45951704545454547,,,
resnet50_fitzft,6,source,stratum,dark,OTH,1,1.0,0.984375,,,
resnet50_fitzft,6,source,overall,light,,20,0.8,,all,84.0,0.5515625
resnet50_fitzft,6,source,overall,mid,,30,0.8666666666666667,,all,97.0,0.7385572139303482
resnet50_fitzft,6,source,overall,dark,,19,0.7894736842105263,,all,83.0,0.5423519736842105
resnet50_fitzft,6,source,overall,light,,19,0.7894736842105263,,noLYM,83.0,0.5567434210526315
resnet50_fitzft,6,source,overall,mid,,27,0.8888888888888888,,noLYM,94.0,0.7675511332227749
resnet50_fitzft,6,source,overall,dark,,8,0.875,,noLYM,72.0,0.65625
resnet50_fitzft,6,simple,stratum,light,KC,16,0.125,0.6572265625,,,
resnet50_fitzft,6,simple,stratum,light,MEL,2,0.0,0.2421875,,,
resnet50_fitzft,6,simple,stratum,light,LYM,1,0.0,0.671875,,,
resnet50_fitzft,6,simple,stratum,light,OTH,1,0.0,0.609375,,,
resnet50_fitzft,6,simple,stratum,mid,KC,23,0.08695652173913043,0.7508111615833873,,,
resnet50_fitzft,6,simple,stratum,mid,MEL,3,0.0,0.2487562189054726,,,
resnet50_fitzft,6,simple,stratum,mid,LYM,3,0.0,0.4527363184079602,,,
resnet50_fitzft,6,simple,stratum,mid,OTH,1,0.0,0.8656716417910448,,,
resnet50_fitzft,6,simple,stratum,dark,KC,2,0.5,0.9375,,,
resnet50_fitzft,6,simple,stratum,dark,MEL,5,0.0,0.54375,,,
resnet50_fitzft,6,simple,stratum,dark,LYM,11,0.09090909090909091,0.7585227272727273,,,
resnet50_fitzft,6,simple,stratum,dark,OTH,1,0.0,0.796875,,,
resnet50_fitzft,6,simple,overall,light,,20,0.1,,all,84.0,0.6140625
resnet50_fitzft,6,simple,overall,mid,,30,0.06666666666666667,,all,97.0,0.6746268656716419
resnet50_fitzft,6,simple,overall,dark,,19,0.10526315789473684,,all,83.0,0.722861842105263
resnet50_fitzft,6,simple,overall,light,,19,0.10526315789473684,,noLYM,83.0,0.6110197368421052
resnet50_fitzft,6,simple,overall,mid,,27,0.07407407407407407,,noLYM,94.0,0.699281370923162
resnet50_fitzft,6,simple,overall,dark,,8,0.125,,noLYM,72.0,0.673828125
resnet50_fitzft,6,fair,stratum,light,KC,16,0.25,0.6689453125,,,
resnet50_fitzft,6,fair,stratum,light,MEL,2,0.0,0.2890625,,,
resnet50_fitzft,6,fair,stratum,light,LYM,1,0.0,0.734375,,,
resnet50_fitzft,6,fair,stratum,light,OTH,1,0.0,0.5,,,
resnet50_fitzft,6,fair,stratum,mid,KC,23,0.13043478260869565,0.7865022712524334,,,
resnet50_fitzft,6,fair,stratum,mid,MEL,3,0.0,0.3383084577114428,,,
resnet50_fitzft,6,fair,stratum,mid,LYM,3,0.0,0.46766169154228854,,,
resnet50_fitzft,6,fair,stratum,mid,OTH,1,0.0,0.8805970149253731,,,
resnet50_fitzft,6,fair,stratum,dark,KC,2,1.0,0.953125,,,
resnet50_fitzft,6,fair,stratum,dark,MEL,5,0.0,0.5437500000000001,,,
resnet50_fitzft,6,fair,stratum,dark,LYM,11,0.18181818181818182,0.75,,,
resnet50_fitzft,6,fair,stratum,dark,OTH,1,0.0,0.890625,,,
resnet50_fitzft,6,fair,overall,light,,20,0.2,,all,84.0,0.62578125
resnet50_fitzft,6,fair,overall,mid,,30,0.1,,all,97.0,0.7129353233830846
resnet50_fitzft,6,fair,overall,dark,,19,0.21052631578947367,,all,83.0,0.7245065789473684
resnet50_fitzft,6,fair,overall,light,,19,0.21052631578947367,,noLYM,83.0,0.6200657894736842
resnet50_fitzft,6,fair,overall,mid,,27,0.1111111111111111,,noLYM,94.0,0.740187949143173
resnet50_fitzft,6,fair,overall,dark,,8,0.25,,noLYM,72.0,0.689453125
resnet50_fitzft,7,source,stratum,light,KC,12,0.8333333333333334,0.5690104166666667,,,
resnet50_fitzft,7,source,stratum,light,MEL,4,0.25,0.20703125,,,
resnet50_fitzft,7,source,stratum,light,LYM,2,1.0,0.5,,,
resnet50_fitzft,7,source,stratum,light,OTH,2,0.0,0.109375,,,
resnet50_fitzft,7,source,stratum,mid,KC,20,0.85,0.7220149253731343,,,
resnet50_fitzft,7,source,stratum,mid,MEL,4,0.5,0.5223880597014925,,,
resnet50_fitzft,7,source,stratum,mid,LYM,4,0.75,0.5522388059701493,,,
resnet50_fitzft,7,source,stratum,mid,OTH,2,0.5,0.4253731343283582,,,
resnet50_fitzft,7,source,stratum,dark,KC,3,1.0,0.765625,,,
resnet50_fitzft,7,source,stratum,dark,MEL,4,0.75,0.73828125,,,
resnet50_fitzft,7,source,stratum,dark,LYM,11,0.8181818181818182,0.5745738636363636,,,
resnet50_fitzft,7,source,stratum,dark,OTH,1,1.0,0.96875,,,
resnet50_fitzft,7,source,overall,light,,20,0.65,,all,84.0,0.44375
resnet50_fitzft,7,source,overall,mid,,30,0.7666666666666667,,all,97.0,0.6529850746268656
resnet50_fitzft,7,source,overall,dark,,19,0.8421052631578947,,all,83.0,0.6599506578947368
resnet50_fitzft,7,source,overall,light,,18,0.6111111111111112,,noLYM,82.0,0.4375
resnet50_fitzft,7,source,overall,mid,,26,0.7692307692307693,,noLYM,93.0,0.6684845005740527
resnet50_fitzft,7,source,overall,dark,,8,0.875,,noLYM,72.0,0.77734375
resnet50_fitzft,7,simple,stratum,light,KC,12,0.3333333333333333,0.7903645833333333,,,
resnet50_fitzft,7,simple,stratum,light,MEL,4,0.25,0.4609375,,,
resnet50_fitzft,7,simple,stratum,light,LYM,2,0.0,0.34375,,,
resnet50_fitzft,7,simple,stratum,light,OTH,2,0.0,0.78125,,,
resnet50_fitzft,7,simple,stratum,mid,KC,20,0.2,0.7843283582089553,,,
resnet50_fitzft,7,simple,stratum,mid,MEL,4,0.0,0.3731343283582089,,,
resnet50_fitzft,7,simple,stratum,mid,LYM,4,0.25,0.47388059701492535,,,
resnet50_fitzft,7,simple,stratum,mid,OTH,2,0.0,0.32089552238805974,,,
resnet50_fitzft,7,simple,stratum,dark,KC,3,0.0,0.7447916666666666,,,
resnet50_fitzft,7,simple,stratum,dark,MEL,4,0.0,0.66015625,,,
resnet50_fitzft,7,simple,stratum,dark,LYM,11,0.09090909090909091,0.796875,,,
resnet50_fitzft,7,simple,stratum,dark,OTH,1,0.0,0.984375,,,
resnet50_fitzft,7,simple,overall,light,,20,0.25,,all,84.0,0.6789062499999999
resnet50_fitzft,7,simple,overall,mid,,30,0.16666666666666666,,all,97.0,0.6572139303482586
resnet50_fitzft,7,simple,overall,dark,,19,0.05263157894736842,,all,83.0,0.769736842105263
resnet50_fitzft,7,simple,overall,light,,18,0.2777777777777778,,noLYM,82.0,0.7161458333333333
resnet50_fitzft,7,simple,overall,mid,,26,0.15384615384615385,,noLYM,93.0,0.6854190585533869
resnet50_fitzft,7,simple,overall,dark,,8,0.0,,noLYM,72.0,0.732421875
resnet50_fitzft,7,fair,stratum,light,KC,12,0.4166666666666667,0.78125,,,
resnet50_fitzft,7,fair,stratum,light,MEL,4,0.25,0.390625,,,
resnet50_fitzft,7,fair,stratum,light,LYM,2,0.0,0.4375,,,
resnet50_fitzft,7,fair,stratum,light,OTH,2,0.0,0.671875,,,
resnet50_fitzft,7,fair,stratum,mid,KC,20,0.25,0.8164179104477611,,,
resnet50_fitzft,7,fair,stratum,mid,MEL,4,0.0,0.4701492537313433,,,
resnet50_fitzft,7,fair,stratum,mid,LYM,4,0.25,0.4776119402985074,,,
resnet50_fitzft,7,fair,stratum,mid,OTH,2,0.0,0.3656716417910448,,,
resnet50_fitzft,7,fair,stratum,dark,KC,3,0.0,0.6875,,,
resnet50_fitzft,7,fair,stratum,dark,MEL,4,0.0,0.6484375,,,
resnet50_fitzft,7,fair,stratum,dark,LYM,11,0.36363636363636365,0.7670454545454546,,,
resnet50_fitzft,7,fair,stratum,dark,OTH,1,1.0,1.0,,,
resnet50_fitzft,7,fair,overall,light,,20,0.3,,all,84.0,0.6578125000000001
resnet50_fitzft,7,fair,overall,mid,,30,0.2,,all,97.0,0.6950248756218906
resnet50_fitzft,7,fair,overall,dark,,19,0.2631578947368421,,all,83.0,0.7417763157894737
resnet50_fitzft,7,fair,overall,light,,18,0.3333333333333333,,noLYM,82.0,0.6822916666666667
resnet50_fitzft,7,fair,overall,mid,,26,0.19230769230769232,,noLYM,93.0,0.7284730195177958
resnet50_fitzft,7,fair,overall,dark,,8,0.125,,noLYM,72.0,0.70703125
resnet50_fitzft,8,source,stratum,light,KC,14,0.9285714285714286,0.6919642857142857,,,
resnet50_fitzft,8,source,stratum,light,MEL,2,0.5,0.4609375,,,
resnet50_fitzft,8,source,stratum,light,LYM,1,1.0,0.46875,,,
resnet50_fitzft,8,source,stratum,light,OTH,3,0.6666666666666666,0.5833333333333333,,,
resnet50_fitzft,8,source,stratum,mid,KC,26,0.8461538461538461,0.6983352468427095,,,
resnet50_fitzft,8,source,stratum,mid,MEL,2,0.5,0.5373134328358209,,,
resnet50_fitzft,8,source,stratum,mid,LYM,2,0.5,0.4552238805970149,,,
resnet50_fitzft,8,source,stratum,dark,KC,4,1.0,0.81640625,,,
resnet50_fitzft,8,source,stratum,dark,MEL,3,1.0,0.7864583333333334,,,
resnet50_fitzft,8,source,stratum,dark,LYM,10,0.7,0.61640625,,,
resnet50_fitzft,8,source,stratum,dark,OTH,2,1.0,0.78125,,,
resnet50_fitzft,8,source,overall,light,,20,0.85,,all,84.0,0.64140625
resnet50_fitzft,8,source,overall,mid,,30,0.8,,all,97.0,0.6713930348258706
resnet50_fitzft,8,source,overall,dark,,19,0.8421052631578947,,all,83.0,0.7027138157894737
resnet50_fitzft,8,source,overall,light,,19,0.8421052631578947,,noLYM,83.0,0.6504934210526315
resnet50_fitzft,8,source,overall,mid,,28,0.8214285714285714,,noLYM,95.0,0.6868336886993603
resnet50_fitzft,8,source,overall,dark,,9,1.0,,noLYM,73.0,0.7986111111111112
resnet50_fitzft,8,simple,stratum,light,KC,14,0.14285714285714285,0.65625,,,
resnet50_fitzft,8,simple,stratum,light,MEL,2,0.5,0.71875,,,
resnet50_fitzft,8,simple,stratum,light,LYM,1,0.0,0.375,,,
resnet50_fitzft,8,simple,stratum,light,OTH,3,0.0,0.671875,,,
resnet50_fitzft,8,simple,stratum,mid,KC,26,0.15384615384615385,0.7824339839265213,,,
resnet50_fitzft,8,simple,stratum,mid,MEL,2,0.0,0.14179104477611942,,,
resnet50_fitzft,8,simple,stratum,mid,LYM,2,0.0,0.4253731343283582,,,
resnet50_fitzft,8,simple,stratum,dark,KC,4,0.0,0.48046875,,,
resnet50_fitzft,8,simple,stratum,dark,MEL,3,0.0,0.6822916666666666,,,
resnet50_fitzft,8,simple,stratum,dark,LYM,10,0.1,0.815625,,,
resnet50_fitzft,8,simple,stratum,dark,OTH,2,0.5,0.9609375,,,
resnet50_fitzft,8,simple,overall,light,,20,0.15,,all,84.0,0.6507812499999999
resnet50_fitzft,8,simple,overall,mid,,30,0.13333333333333333,,all,97.0,0.7159203980099502
resnet50_fitzft,8,simple,overall,dark,,19,0.10526315789473684,,all,83.0,0.7393092105263158
resnet50_fitzft,8,simple,overall,light,,19,0.15789473684210525,,noLYM,83.0,0.665296052631579
resnet50_fitzft,8,simple,overall,mid,,28,0.14285714285714285,,noLYM,95.0,0.7366737739872069
resnet50_fitzft,8,simple,overall,dark,,9,0.1111111111111111,,noLYM,73.0,0.6545138888888888
resnet50_fitzft,8,fair,stratum,light,KC,14,0.2857142857142857,0.7042410714285714,,,
resnet50_fitzft,8,fair,stratum,light,MEL,2,0.5,0.5546875,,,
resnet50_fitzft,8,fair,stratum,light,LYM,1,0.0,0.484375,,,
resnet50_fitzft,8,fair,stratum,light,OTH,3,0.0,0.71875,,,
resnet50_fitzft,8,fair,stratum,mid,KC,26,0.19230769230769232,0.7858783008036739,,,
resnet50_fitzft,8,fair,stratum,mid,MEL,2,0.0,0.2388059701492537,,,
resnet50_fitzft,8,fair,stratum,mid,LYM,2,0.0,0.4626865671641791,,,
resnet50_fitzft,8,fair,stratum,dark,KC,4,0.25,0.4765625,,,
resnet50_fitzft,8,fair,stratum,dark,MEL,3,0.0,0.6510416666666666,,,
resnet50_fitzft,8,fair,stratum,dark,LYM,10,0.3,0.8390625,,,
resnet50_fitzft,8,fair,stratum,dark,OTH,2,0.5,0.9765625,,,
resnet50_fitzft,8,fair,overall,light,,20,0.25,,all,84.0,0.68046875
resnet50_fitzft,8,fair,overall,mid,,30,0.16666666666666666,,all,97.0,0.7278606965174129
resnet50_fitzft,8,fair,overall,dark,,19,0.2631578947368421,,all,83.0,0.747532894736842
resnet50_fitzft,8,fair,overall,light,,19,0.2631578947368421,,noLYM,83.0,0.6907894736842105
resnet50_fitzft,8,fair,overall,mid,,28,0.17857142857142858,,noLYM,95.0,0.7468017057569296
resnet50_fitzft,8,fair,overall,dark,,9,0.2222222222222222,,noLYM,73.0,0.6458333333333334
resnet50_fitzft,9,source,stratum,light,KC,16,0.875,0.64013671875,,,
resnet50_fitzft,9,source,stratum,light,MEL,1,0.0,0.046875,,,
resnet50_fitzft,9,source,stratum,light,LYM,1,1.0,0.640625,,,
resnet50_fitzft,9,source,stratum,light,OTH,2,0.5,0.4765625,,,
resnet50_fitzft,9,source,stratum,mid,KC,23,0.8260869565217391,0.6706683971447113,,,
resnet50_fitzft,9,source,stratum,mid,MEL,4,0.5,0.47388059701492535,,,
resnet50_fitzft,9,source,stratum,mid,LYM,2,1.0,0.6417910447761194,,,
resnet50_fitzft,9,source,stratum,mid,OTH,1,1.0,0.9104477611940298,,,
resnet50_fitzft,9,source,stratum,dark,KC,2,0.5,0.3515625,,,
resnet50_fitzft,9,source,stratum,dark,MEL,5,0.8,0.68125,,,
resnet50_fitzft,9,source,stratum,dark,LYM,9,0.6666666666666666,0.5190972222222222,,,
resnet50_fitzft,9,source,stratum,dark,OTH,3,1.0,0.71875,,,
resnet50_fitzft,9,source,overall,light,,20,0.8,,all,84.0,0.594140625
resnet50_fitzft,9,source,overall,mid,,30,0.8,,all,97.0,0.650497512437811
resnet50_fitzft,9,source,overall,dark,,19,0.7368421052631579,,all,83.0,0.5756578947368421
resnet50_fitzft,9,source,overall,light,,19,0.7894736842105263,,noLYM,83.0,0.5916940789473685
resnet50_fitzft,9,source,overall,mid,,28,0.7857142857142857,,noLYM,95.0,0.6511194029850746
resnet50_fitzft,9,source,overall,dark,,10,0.8,,noLYM,74.0,0.6265625
resnet50_fitzft,9,simple,stratum,light,KC,16,0.1875,0.744140625,,,
resnet50_fitzft,9,simple,stratum,light,MEL,1,0.0,0.859375,,,
resnet50_fitzft,9,simple,stratum,light,LYM,1,0.0,0.671875,,,
resnet50_fitzft,9,simple,stratum,light,OTH,2,0.0,0.4140625,,,
resnet50_fitzft,9,simple,stratum,mid,KC,23,0.08695652173913043,0.8105126541207008,,,
resnet50_fitzft,9,simple,stratum,mid,MEL,4,0.0,0.5783582089552238,,,
resnet50_fitzft,9,simple,stratum,mid,LYM,2,0.0,0.664179104477612,,,
resnet50_fitzft,9,simple,stratum,mid,OTH,1,0.0,0.8507462686567164,,,
resnet50_fitzft,9,simple,stratum,dark,KC,2,0.0,0.5234375,,,
resnet50_fitzft,9,simple,stratum,dark,MEL,5,0.0,0.721875,,,
resnet50_fitzft,9,simple,stratum,dark,LYM,9,0.0,0.7795138888888888,,,
resnet50_fitzft,9,simple,stratum,dark,OTH,3,0.3333333333333333,0.9166666666666666,,,
resnet50_fitzft,9,simple,overall,light,,20,0.15,,all,84.0,0.71328125
resnet50_fitzft,9,simple,overall,mid,,30,0.06666666666666667,,all,97.0,0.7711442786069652
resnet50_fitzft,9,simple,overall,dark,,19,0.05263157894736842,,all,83.0,0.7590460526315789
resnet50_fitzft,9,simple,overall,light,,19,0.15789473684210525,,noLYM,83.0,0.7154605263157894
resnet50_fitzft,9,simple,overall,mid,,28,0.07142857142857142,,noLYM,95.0,0.7787846481876333
resnet50_fitzft,9,simple,overall,dark,,10,0.1,,noLYM,74.0,0.740625
resnet50_fitzft,9,fair,stratum,light,KC,16,0.375,0.7578125,,,
resnet50_fitzft,9,fair,stratum,light,MEL,1,0.0,0.78125,,,
resnet50_fitzft,9,fair,stratum,light,LYM,1,0.0,0.734375,,,
resnet50_fitzft,9,fair,stratum,light,OTH,2,0.0,0.390625,,,
resnet50_fitzft,9,fair,stratum,mid,KC,23,0.08695652173913043,0.8163530175210902,,,
resnet50_fitzft,9,fair,stratum,mid,MEL,4,0.0,0.5373134328358209,,,
resnet50_fitzft,9,fair,stratum,mid,LYM,2,0.0,0.5895522388059702,,,
resnet50_fitzft,9,fair,stratum,mid,OTH,1,0.0,0.835820895522388,,,
resnet50_fitzft,9,fair,stratum,dark,KC,2,0.0,0.484375,,,
resnet50_fitzft,9,fair,stratum,dark,MEL,5,0.0,0.7156250000000001,,,
resnet50_fitzft,9,fair,stratum,dark,LYM,9,0.0,0.751736111111111,,,
resnet50_fitzft,9,fair,stratum,dark,OTH,3,0.6666666666666666,0.9166666666666666,,,
resnet50_fitzft,9,fair,overall,light,,20,0.3,,all,84.0,0.72109375
resnet50_fitzft,9,fair,overall,mid,,30,0.06666666666666667,,all,97.0,0.764676616915423
resnet50_fitzft,9,fair,overall,dark,,19,0.10526315789473684,,all,83.0,0.7401315789473684
resnet50_fitzft,9,fair,overall,light,,19,0.3157894736842105,,noLYM,83.0,0.7203947368421052
resnet50_fitzft,9,fair,overall,mid,,28,0.07142857142857142,,noLYM,95.0,0.7771855010660981
resnet50_fitzft,9,fair,overall,dark,,10,0.2,,noLYM,74.0,0.7296874999999999
resnet50_fitzft,10,source,stratum,light,KC,16,0.9375,0.556640625,,,
resnet50_fitzft,10,source,stratum,light,MEL,2,1.0,0.6328125,,,
resnet50_fitzft,10,source,stratum,light,LYM,1,1.0,0.609375,,,
resnet50_fitzft,10,source,stratum,light,OTH,1,0.0,0.109375,,,
resnet50_fitzft,10,source,stratum,mid,KC,21,0.9523809523809523,0.7448471926083866,,,
resnet50_fitzft,10,source,stratum,mid,MEL,3,0.6666666666666666,0.5223880597014925,,,
resnet50_fitzft,10,source,stratum,mid,LYM,3,0.6666666666666666,0.6368159203980099,,,
resnet50_fitzft,10,source,stratum,mid,OTH,3,1.0,0.5373134328358209,,,
resnet50_fitzft,10,source,stratum,dark,KC,5,1.0,0.76875,,,
resnet50_fitzft,10,source,stratum,dark,MEL,2,1.0,0.8671875,,,
resnet50_fitzft,10,source,stratum,dark,LYM,11,0.7272727272727273,0.5241477272727273,,,
resnet50_fitzft,10,source,stratum,dark,OTH,1,1.0,0.46875,,,
resnet50_fitzft,10,source,overall,light,,20,0.9,,all,84.0,0.5445312499999999
resnet50_fitzft,10,source,overall,mid,,30,0.9,,all,97.0,0.691044776119403
resnet50_fitzft,10,source,overall,dark,,19,0.8421052631578947,,all,83.0,0.6217105263157894
resnet50_fitzft,10,source,overall,light,,19,0.8947368421052632,,noLYM,83.0,0.5411184210526315
resnet50_fitzft,10,source,overall,mid,,27,0.9259259259259259,,noLYM,94.0,0.6970702045328911
resnet50_fitzft,10,source,overall,dark,,8,1.0,,noLYM,72.0,0.755859375
resnet50_fitzft,10,simple,stratum,light,KC,16,0.125,0.6455078125,,,
resnet50_fitzft,10,simple,stratum,light,MEL,2,0.0,0.4375,,,
resnet50_fitzft,10,simple,stratum,light,LYM,1,0.0,0.375,,,
resnet50_fitzft,10,simple,stratum,light,OTH,1,0.0,0.328125,,,
resnet50_fitzft,10,simple,stratum,mid,KC,21,0.23809523809523808,0.7427149964463396,,,
resnet50_fitzft,10,simple,stratum,mid,MEL,3,0.0,0.5323383084577115,,,
resnet50_fitzft,10,simple,stratum,mid,LYM,3,0.3333333333333333,0.6019900497512438,,,
resnet50_fitzft,10,simple,stratum,mid,OTH,3,0.0,0.5124378109452736,,,
resnet50_fitzft,10,simple,stratum,dark,KC,5,0.6,0.828125,,,
resnet50_fitzft,10,simple,stratum,dark,MEL,2,0.0,0.6171875,,,
resnet50_fitzft,10,simple,stratum,dark,LYM,11,0.09090909090909091,0.6605113636363635,,,
resnet50_fitzft,10,simple,stratum,dark,OTH,1,0.0,0.546875,,,
resnet50_fitzft,10,simple,overall,light,,20,0.1,,all,84.0,0.5953124999999999
resnet50_fitzft,10,simple,overall,mid,,30,0.2,,all,97.0,0.6845771144278607
resnet50_fitzft,10,simple,overall,dark,,19,0.21052631578947367,,all,83.0,0.694078947368421
resnet50_fitzft,10,simple,overall,light,,19,0.10526315789473684,,noLYM,83.0,0.6069078947368421
resnet50_fitzft,10,simple,overall,mid,,27,0.18518518518518517,,noLYM,94.0,0.6937534549474849
resnet50_fitzft,10,simple,overall,dark,,8,0.375,,noLYM,72.0,0.740234375
resnet50_fitzft,10,fair,stratum,light,KC,16,0.3125,0.6953125,,,
resnet50_fitzft,10,fair,stratum,light,MEL,2,0.0,0.5,,,
resnet50_fitzft,10,fair,stratum,light,LYM,1,0.0,0.6875,,,
resnet50_fitzft,10,fair,stratum,light,OTH,1,0.0,0.265625,,,
resnet50_fitzft,10,fair,stratum,mid,KC,21,0.23809523809523808,0.7690120824449183,,,
resnet50_fitzft,10,fair,stratum,mid,MEL,3,0.0,0.5671641791044775,,,
resnet50_fitzft,10,fair,stratum,mid,LYM,3,0.3333333333333333,0.6169154228855721,,,
resnet50_fitzft,10,fair,stratum,mid,OTH,3,0.0,0.47761194029850745,,,
resnet50_fitzft,10,fair,stratum,dark,KC,5,0.8,0.821875,,,
resnet50_fitzft,10,fair,stratum,dark,MEL,2,0.0,0.6328125,,,
resnet50_fitzft,10,fair,stratum,dark,LYM,11,0.18181818181818182,0.6732954545454546,,,
resnet50_fitzft,10,fair,stratum,dark,OTH,1,0.0,0.578125,,,
resnet50_fitzft,10,fair,overall,light,,20,0.25,,all,84.0,0.65390625
resnet50_fitzft,10,fair,overall,mid,,30,0.2,,all,97.0,0.7044776119402985
resnet50_fitzft,10,fair,overall,dark,,19,0.3157894736842105,,all,83.0,0.703125
resnet50_fitzft,10,fair,overall,light,,19,0.2631578947368421,,noLYM,83.0,0.6521381578947368
resnet50_fitzft,10,fair,overall,mid,,27,0.18518518518518517,,noLYM,94.0,0.7142067440574904
resnet50_fitzft,10,fair,overall,dark,,8,0.5,,noLYM,72.0,0.744140625
resnet50_fitzft,11,source,stratum,light,KC,15,0.8,0.5776041666666666,,,
resnet50_fitzft,11,source,stratum,light,MEL,2,1.0,0.546875,,,
resnet50_fitzft,11,source,stratum,light,LYM,1,1.0,0.921875,,,
resnet50_fitzft,11,source,stratum,light,OTH,2,1.0,0.84375,,,
resnet50_fitzft,11,source,stratum,mid,KC,21,0.8571428571428571,0.7256574271499644,,,
resnet50_fitzft,11,source,stratum,mid,MEL,4,0.75,0.6902985074626866,,,
resnet50_fitzft,11,source,stratum,mid,LYM,2,0.5,0.4328358208955224,,,
resnet50_fitzft,11,source,stratum,mid,OTH,3,0.6666666666666666,0.6169154228855721,,,
resnet50_fitzft,11,source,stratum,dark,KC,4,1.0,0.8046875,,,
resnet50_fitzft,11,source,stratum,dark,MEL,4,0.75,0.72265625,,,
resnet50_fitzft,11,source,stratum,dark,LYM,10,0.8,0.559375,,,
resnet50_fitzft,11,source,stratum,dark,OTH,1,1.0,0.625,,,
resnet50_fitzft,11,source,overall,light,,20,0.85,,all,84.0,0.6183593749999999
resnet50_fitzft,11,source,overall,mid,,30,0.8,,all,97.0,0.690547263681592
resnet50_fitzft,11,source,overall,dark,,19,0.8421052631578947,,all,83.0,0.6488486842105263
resnet50_fitzft,11,source,overall,light,,19,0.8421052631578947,,noLYM,83.0,0.6023848684210527
resnet50_fitzft,11,source,overall,mid,,28,0.8214285714285714,,noLYM,95.0,0.7089552238805971
resnet50_fitzft,11,source,overall,dark,,9,0.8888888888888888,,noLYM,73.0,0.748263888888889
resnet50_fitzft,11,simple,stratum,light,KC,15,0.06666666666666667,0.5385416666666667,,,
resnet50_fitzft,11,simple,stratum,light,MEL,2,0.0,0.3671875,,,
resnet50_fitzft,11,simple,stratum,light,LYM,1,0.0,0.890625,,,
resnet50_fitzft,11,simple,stratum,light,OTH,2,0.0,0.8359375,,,
resnet50_fitzft,11,simple,stratum,mid,KC,21,0.14285714285714285,0.7782515991471215,,,
resnet50_fitzft,11,simple,stratum,mid,MEL,4,0.0,0.2873134328358209,,,
resnet50_fitzft,11,simple,stratum,mid,LYM,2,0.0,0.41044776119402987,,,
resnet50_fitzft,11,simple,stratum,mid,OTH,3,0.0,0.5323383084577114,,,
resnet50_fitzft,11,simple,stratum,dark,KC,4,0.0,0.6796875,,,
resnet50_fitzft,11,simple,stratum,dark,MEL,4,0.0,0.6171875,,,
resnet50_fitzft,11,simple,stratum,dark,LYM,10,0.1,0.771875,,,
resnet50_fitzft,11,simple,stratum,dark,OTH,1,1.0,1.0,,,
resnet50_fitzft,11,simple,overall,light,,20,0.05,,all,84.0,0.5687500000000001
resnet50_fitzft,11,simple,overall,mid,,30,0.1,,all,97.0,0.663681592039801
resnet50_fitzft,11,simple,overall,dark,,19,0.10526315789473684,,all,83.0,0.7319078947368421
resnet50_fitzft,11,simple,overall,light,,19,0.05263157894736842,,noLYM,83.0,0.5518092105263158
resnet50_fitzft,11,simple,overall,mid,,28,0.10714285714285714,,noLYM,95.0,0.681769722814499
resnet50_fitzft,11,simple,overall,dark,,9,0.1111111111111111,,noLYM,73.0,0.6875
resnet50_fitzft,11,fair,stratum,light,KC,15,0.06666666666666667,0.5510416666666667,,,
resnet50_fitzft,11,fair,stratum,light,MEL,2,0.0,0.3046875,,,
resnet50_fitzft,11,fair,stratum,light,LYM,1,1.0,0.9375,,,
resnet50_fitzft,11,fair,stratum,light,OTH,2,0.0,0.890625,,,
resnet50_fitzft,11,fair,stratum,mid,KC,21,0.3333333333333333,0.8045486851457001,,,
resnet50_fitzft,11,fair,stratum,mid,MEL,4,0.0,0.3208955223880597,,,
resnet50_fitzft,11,fair,stratum,mid,LYM,2,0.0,0.2985074626865672,,,
resnet50_fitzft,11,fair,stratum,mid,OTH,3,0.0,0.49751243781094523,,,
resnet50_fitzft,11,fair,stratum,dark,KC,4,0.25,0.73046875,,,
resnet50_fitzft,11,fair,stratum,dark,MEL,4,0.0,0.58984375,,,
resnet50_fitzft,11,fair,stratum,dark,LYM,10,0.1,0.8171875,,,
resnet50_fitzft,11,fair,stratum,dark,OTH,1,1.0,1.0,,,
resnet50_fitzft,11,fair,overall,light,,20,0.1,,all,84.0,0.5796875
resnet50_fitzft,11,fair,overall,mid,,30,0.23333333333333334,,all,97.0,0.6756218905472637
resnet50_fitzft,11,fair,overall,dark,,19,0.15789473684210525,,all,83.0,0.7606907894736842
resnet50_fitzft,11,fair,overall,light,,19,0.05263157894736842,,noLYM,83.0,0.5608552631578947
resnet50_fitzft,11,fair,overall,mid,,28,0.25,,noLYM,95.0,0.7025586353944563
resnet50_fitzft,11,fair,overall,dark,,9,0.2222222222222222,,noLYM,73.0,0.6979166666666666
resnet50_fitzft,12,source,stratum,light,KC,14,0.7857142857142857,0.5982142857142857,,,
resnet50_fitzft,12,source,stratum,light,MEL,3,0.3333333333333333,0.3802083333333333,,,
resnet50_fitzft,12,source,stratum,light,LYM,1,1.0,0.9375,,,
resnet50_fitzft,12,source,stratum,light,OTH,2,0.5,0.5234375,,,
resnet50_fitzft,12,source,stratum,mid,KC,24,0.8333333333333334,0.6427238805970149,,,
resnet50_fitzft,12,source,stratum,mid,MEL,1,0.0,0.02985074626865669,,,
resnet50_fitzft,12,source,stratum,mid,LYM,3,0.6666666666666666,0.48258706467661694,,,
resnet50_fitzft,12,source,stratum,mid,OTH,2,0.5,0.5746268656716418,,,
resnet50_fitzft,12,source,stratum,dark,KC,3,0.6666666666666666,0.6354166666666666,,,
resnet50_fitzft,12,source,stratum,dark,MEL,3,0.6666666666666666,0.6354166666666666,,,
resnet50_fitzft,12,source,stratum,dark,LYM,12,0.75,0.65625,,,
resnet50_fitzft,12,source,stratum,dark,OTH,1,1.0,0.96875,,,
resnet50_fitzft,12,source,overall,light,,20,0.7,,all,84.0,0.575
resnet50_fitzft,12,source,overall,mid,,30,0.7666666666666667,,all,97.0,0.6017412935323383
resnet50_fitzft,12,source,overall,dark,,19,0.7368421052631579,,all,83.0,0.6661184210526315
resnet50_fitzft,12,source,overall,light,,19,0.6842105263157895,,noLYM,83.0,0.555921052631579
resnet50_fitzft,12,source,overall,mid,,27,0.7777777777777778,,noLYM,94.0,0.614980652294085
resnet50_fitzft,12,source,overall,dark,,7,0.7142857142857143,,noLYM,71.0,0.6830357142857143
resnet50_fitzft,12,simple,stratum,light,KC,14,0.14285714285714285,0.6584821428571428,,,
resnet50_fitzft,12,simple,stratum,light,MEL,3,0.0,0.6927083333333333,,,
resnet50_fitzft,12,simple,stratum,light,LYM,1,0.0,0.96875,,,
resnet50_fitzft,12,simple,stratum,light,OTH,2,0.0,0.4296875,,,
resnet50_fitzft,12,simple,stratum,mid,KC,24,0.125,0.7562189054726368,,,
resnet50_fitzft,12,simple,stratum,mid,MEL,1,0.0,0.3880597014925373,,,
resnet50_fitzft,12,simple,stratum,mid,LYM,3,0.3333333333333333,0.8308457711442787,,,
resnet50_fitzft,12,simple,stratum,mid,OTH,2,0.0,0.7164179104477613,,,
resnet50_fitzft,12,simple,stratum,dark,KC,3,0.0,0.625,,,
resnet50_fitzft,12,simple,stratum,dark,MEL,3,0.0,0.43229166666666663,,,
resnet50_fitzft,12,simple,stratum,dark,LYM,12,0.0,0.6588541666666666,,,
resnet50_fitzft,12,simple,stratum,dark,OTH,1,1.0,0.984375,,,
resnet50_fitzft,12,simple,overall,light,,20,0.1,,all,84.0,0.65625
resnet50_fitzft,12,simple,overall,mid,,30,0.13333333333333333,,all,97.0,0.7487562189054726
resnet50_fitzft,12,simple,overall,dark,,19,0.05263157894736842,,all,83.0,0.6348684210526315
resnet50_fitzft,12,simple,overall,light,,19,0.10526315789473684,,noLYM,83.0,0.6398026315789473
resnet50_fitzft,12,simple,overall,mid,,27,0.1111111111111111,,noLYM,94.0,0.7396351575456053
resnet50_fitzft,12,simple,overall,dark,,7,0.14285714285714285,,noLYM,71.0,0.59375
resnet50_fitzft,12,fair,stratum,light,KC,14,0.2857142857142857,0.6953125,,,
resnet50_fitzft,12,fair,stratum,light,MEL,3,0.3333333333333333,0.6614583333333333,,,
resnet50_fitzft,12,fair,stratum,light,LYM,1,1.0,0.96875,,,
resnet50_fitzft,12,fair,stratum,light,OTH,2,0.0,0.4296875,,,
resnet50_fitzft,12,fair,stratum,mid,KC,24,0.16666666666666666,0.7885572139303483,,,
resnet50_fitzft,12,fair,stratum,mid,MEL,1,0.0,0.32835820895522383,,,
resnet50_fitzft,12,fair,stratum,mid,LYM,3,0.3333333333333333,0.6467661691542288,,,
resnet50_fitzft,12,fair,stratum,mid,OTH,2,0.0,0.708955223880597,,,
resnet50_fitzft,12,fair,stratum,dark,KC,3,0.3333333333333333,0.6041666666666666,,,
resnet50_fitzft,12,fair,stratum,dark,MEL,3,0.0,0.4114583333333333,,,
resnet50_fitzft,12,fair,stratum,dark,LYM,12,0.0,0.6979166666666667,,,
resnet50_fitzft,12,fair,stratum,dark,OTH,1,1.0,0.984375,,,
resnet50_fitzft,12,fair,overall,light,,20,0.3,,all,84.0,0.67734375
resnet50_fitzft,12,fair,overall,mid,,30,0.16666666666666666,,all,97.0,0.753731343283582
resnet50_fitzft,12,fair,overall,dark,,19,0.10526315789473684,,all,83.0,0.6529605263157894
resnet50_fitzft,12,fair,overall,light,,19,0.2631578947368421,,noLYM,83.0,0.6620065789473684
resnet50_fitzft,12,fair,overall,mid,,27,0.14814814814814814,,noLYM,94.0,0.765616362631288
resnet50_fitzft,12,fair,overall,dark,,7,0.2857142857142857,,noLYM,71.0,0.5758928571428572
resnet50_fitzft,13,source,stratum,light,KC,10,0.7,0.5625,,,
resnet50_fitzft,13,source,stratum,light,MEL,5,0.2,0.290625,,,
resnet50_fitzft,13,source,stratum,light,LYM,1,1.0,0.9375,,,
resnet50_fitzft,13,source,stratum,light,OTH,4,0.5,0.4765625,,,
resnet50_fitzft,13,source,stratum,mid,KC,19,0.8421052631578947,0.7376276512175962,,,
resnet50_fitzft,13,source,stratum,mid,MEL,5,0.4,0.45970149253731346,,,
resnet50_fitzft,13,source,stratum,mid,LYM,4,0.75,0.5447761194029851,,,
resnet50_fitzft,13,source,stratum,mid,OTH,2,1.0,0.7014925373134329,,,
resnet50_fitzft,13,source,stratum,dark,KC,4,1.0,0.83203125,,,
resnet50_fitzft,13,source,stratum,dark,MEL,3,0.6666666666666666,0.5833333333333334,,,
resnet50_fitzft,13,source,stratum,dark,LYM,12,0.8333333333333334,0.6751302083333333,,,
resnet50_fitzft,13,source,overall,light,,20,0.55,,all,84.0,0.49609375
resnet50_fitzft,13,source,overall,mid,,30,0.7666666666666667,,all,97.0,0.66318407960199
resnet50_fitzft,13,source,overall,dark,,19,0.8421052631578947,,all,83.0,0.6936677631578947
resnet50_fitzft,13,source,overall,light,,19,0.5263157894736842,,noLYM,83.0,0.4728618421052631
resnet50_fitzft,13,source,overall,mid,,26,0.7692307692307693,,noLYM,93.0,0.6814006888633755
resnet50_fitzft,13,source,overall,dark,,7,0.8571428571428571,,noLYM,71.0,0.7254464285714285
resnet50_fitzft,13,simple,stratum,light,KC,10,0.2,0.7625000000000001,,,
resnet50_fitzft,13,simple,stratum,light,MEL,5,0.0,0.5375000000000001,,,
resnet50_fitzft,13,simple,stratum,light,LYM,1,0.0,0.921875,,,
resnet50_fitzft,13,simple,stratum,light,OTH,4,0.0,0.625,,,
resnet50_fitzft,13,simple,stratum,mid,KC,19,0.10526315789473684,0.6999214454045561,,,
resnet50_fitzft,13,simple,stratum,mid,MEL,5,0.0,0.26865671641791045,,,
resnet50_fitzft,13,simple,stratum,mid,LYM,4,0.0,0.5111940298507462,,,
resnet50_fitzft,13,simple,stratum,mid,OTH,2,0.0,0.5746268656716418,,,
resnet50_fitzft,13,simple,stratum,dark,KC,4,0.0,0.8671875,,,
resnet50_fitzft,13,simple,stratum,dark,MEL,3,0.0,0.6354166666666666,,,
resnet50_fitzft,13,simple,stratum,dark,LYM,12,0.16666666666666666,0.7760416666666667,,,
resnet50_fitzft,13,simple,overall,light,,20,0.1,,all,84.0,0.6867187499999999
resnet50_fitzft,13,simple,overall,mid,,30,0.06666666666666667,,all,97.0,0.5945273631840796
resnet50_fitzft,13,simple,overall,dark,,19,0.10526315789473684,,all,83.0,0.7730263157894737
resnet50_fitzft,13,simple,overall,light,,19,0.10526315789473684,,noLYM,83.0,0.6743421052631579
resnet50_fitzft,13,simple,overall,mid,,26,0.07692307692307693,,noLYM,93.0,0.6073478760045924
resnet50_fitzft,13,simple,overall,dark,,7,0.0,,noLYM,71.0,0.7678571428571429
resnet50_fitzft,13,fair,stratum,light,KC,10,0.4,0.7562500000000001,,,
resnet50_fitzft,13,fair,stratum,light,MEL,5,0.0,0.484375,,,
resnet50_fitzft,13,fair,stratum,light,LYM,1,0.0,0.953125,,,
resnet50_fitzft,13,fair,stratum,light,OTH,4,0.0,0.640625,,,
resnet50_fitzft,13,fair,stratum,mid,KC,19,0.2631578947368421,0.7179890023566379,,,
resnet50_fitzft,13,fair,stratum,mid,MEL,5,0.0,0.3104477611940299,,,
resnet50_fitzft,13,fair,stratum,mid,LYM,4,0.0,0.585820895522388,,,
resnet50_fitzft,13,fair,stratum,mid,OTH,2,0.0,0.5597014925373134,,,
resnet50_fitzft,13,fair,stratum,dark,KC,4,0.5,0.90234375,,,
resnet50_fitzft,13,fair,stratum,dark,MEL,3,0.0,0.5364583333333333,,,
resnet50_fitzft,13,fair,stratum,dark,LYM,12,0.25,0.7838541666666666,,,
resnet50_fitzft,13,fair,overall,light,,20,0.2,,all,84.0,0.6749999999999999
resnet50_fitzft,13,fair,overall,mid,,30,0.16666666666666666,,all,97.0,0.6218905472636816
resnet50_fitzft,13,fair,overall,dark,,19,0.2631578947368421,,all,83.0,0.769736842105263
resnet50_fitzft,13,fair,overall,light,,19,0.21052631578947367,,noLYM,83.0,0.6603618421052633
resnet50_fitzft,13,fair,overall,mid,,26,0.19230769230769232,,noLYM,93.0,0.6274397244546499
resnet50_fitzft,13,fair,overall,dark,,7,0.2857142857142857,,noLYM,71.0,0.7455357142857143
resnet50_fitzft,14,source,stratum,light,KC,15,0.9333333333333333,0.6708333333333334,,,
resnet50_fitzft,14,source,stratum,light,MEL,4,0.5,0.3359375,,,
resnet50_fitzft,14,source,stratum,light,LYM,1,1.0,0.46875,,,
resnet50_fitzft,14,source,stratum,mid,KC,27,0.8518518518518519,0.6708126036484245,,,
resnet50_fitzft,14,source,stratum,mid,MEL,2,1.0,0.8805970149253732,,,
resnet50_fitzft,14,source,stratum,mid,LYM,1,1.0,0.8507462686567164,,,
resnet50_fitzft,14,source,stratum,dark,KC,2,1.0,0.75,,,
resnet50_fitzft,14,source,stratum,dark,MEL,2,0.5,0.46875,,,
resnet50_fitzft,14,source,stratum,dark,LYM,13,0.7692307692307693,0.6598557692307693,,,
resnet50_fitzft,14,source,stratum,dark,OTH,2,1.0,1.0,,,
resnet50_fitzft,14,source,overall,light,,20,0.85,,all,84.0,0.59375
resnet50_fitzft,14,source,overall,mid,,30,0.8666666666666667,,all,97.0,0.6907960199004975
resnet50_fitzft,14,source,overall,dark,,19,0.7894736842105263,,all,83.0,0.685032894736842
resnet50_fitzft,14,source,overall,light,,19,0.8421052631578947,,noLYM,83.0,0.600328947368421
resnet50_fitzft,14,source,overall,mid,,29,0.8620689655172413,,noLYM,96.0,0.6852804940813175
resnet50_fitzft,14,source,overall,dark,,6,0.8333333333333334,,noLYM,70.0,0.7395833333333334
resnet50_fitzft,14,simple,stratum,light,KC,15,0.26666666666666666,0.784375,,,
resnet50_fitzft,14,simple,stratum,light,MEL,4,0.0,0.453125,,,
resnet50_fitzft,14,simple,stratum,light,LYM,1,0.0,0.53125,,,
resnet50_fitzft,14,simple,stratum,mid,KC,27,0.037037037037037035,0.7628524046434494,,,
resnet50_fitzft,14,simple,stratum,mid,MEL,2,0.0,0.09701492537313433,,,
resnet50_fitzft,14,simple,stratum,mid,LYM,1,1.0,1.0,,,
resnet50_fitzft,14,simple,stratum,dark,KC,2,0.5,0.515625,,,
resnet50_fitzft,14,simple,stratum,dark,MEL,2,0.0,0.5,,,
resnet50_fitzft,14,simple,stratum,dark,LYM,13,0.0,0.8533653846153846,,,
resnet50_fitzft,14,simple,stratum,dark,OTH,2,0.0,0.8984375,,,
resnet50_fitzft,14,simple,overall,light,,20,0.2,,all,84.0,0.7054687499999999
resnet50_fitzft,14,simple,overall,mid,,30,0.06666666666666667,,all,97.0,0.7263681592039801
resnet50_fitzft,14,simple,overall,dark,,19,0.05263157894736842,,all,83.0,0.7853618421052632
resnet50_fitzft,14,simple,overall,light,,19,0.21052631578947367,,noLYM,83.0,0.7146381578947367
resnet50_fitzft,14,simple,overall,mid,,29,0.034482758620689655,,noLYM,96.0,0.716932578486876
resnet50_fitzft,14,simple,overall,dark,,6,0.16666666666666666,,noLYM,70.0,0.6380208333333334
resnet50_fitzft,14,fair,stratum,light,KC,15,0.4,0.7927083333333333,,,
resnet50_fitzft,14,fair,stratum,light,MEL,4,0.0,0.3125,,,
resnet50_fitzft,14,fair,stratum,light,LYM,1,0.0,0.609375,,,
resnet50_fitzft,14,fair,stratum,mid,KC,27,0.1111111111111111,0.751796572692095,,,
resnet50_fitzft,14,fair,stratum,mid,MEL,2,0.0,0.2238805970149254,,,
resnet50_fitzft,14,fair,stratum,mid,LYM,1,1.0,1.0,,,
resnet50_fitzft,14,fair,stratum,dark,KC,2,0.5,0.515625,,,
resnet50_fitzft,14,fair,stratum,dark,MEL,2,0.0,0.453125,,,
resnet50_fitzft,14,fair,stratum,dark,LYM,13,0.3076923076923077,0.8581730769230769,,,
resnet50_fitzft,14,fair,stratum,dark,OTH,2,0.5,0.96875,,,
resnet50_fitzft,14,fair,overall,light,,20,0.3,,all,84.0,0.6875
resnet50_fitzft,14,fair,overall,mid,,30,0.13333333333333333,,all,97.0,0.7248756218905472
resnet50_fitzft,14,fair,overall,dark,,19,0.3157894736842105,,all,83.0,0.7911184210526316
resnet50_fitzft,14,fair,overall,light,,19,0.3157894736842105,,noLYM,83.0,0.6916118421052632
resnet50_fitzft,14,fair,overall,mid,,29,0.10344827586206896,,noLYM,96.0,0.7153885743695316
resnet50_fitzft,14,fair,overall,dark,,6,0.3333333333333333,,noLYM,70.0,0.6458333333333333
resnet50_fitzft,15,source,stratum,light,KC,14,0.6428571428571429,0.5608258928571428,,,
resnet50_fitzft,15,source,stratum,light,MEL,4,0.5,0.3828125,,,
resnet50_fitzft,15,source,stratum,light,LYM,1,1.0,0.65625,,,
resnet50_fitzft,15,source,stratum,light,OTH,1,1.0,0.890625,,,
resnet50_fitzft,15,source,stratum,mid,KC,22,0.6363636363636364,0.5807327001356852,,,
resnet50_fitzft,15,source,stratum,mid,MEL,2,0.5,0.4402985074626866,,,
resnet50_fitzft,15,source,stratum,mid,LYM,4,0.5,0.5186567164179104,,,
resnet50_fitzft,15,source,stratum,mid,OTH,2,0.5,0.4029850746268657,,,
resnet50_fitzft,15,source,stratum,dark,KC,4,0.75,0.62890625,,,
resnet50_fitzft,15,source,stratum,dark,MEL,3,0.3333333333333333,0.4270833333333333,,,
resnet50_fitzft,15,source,stratum,dark,LYM,10,0.6,0.6117187500000001,,,
resnet50_fitzft,15,source,stratum,dark,OTH,2,1.0,0.6171875,,,
resnet50_fitzft,15,source,overall,light,,20,0.65,,all,84.0,0.546484375
resnet50_fitzft,15,source,overall,mid,,30,0.6,,all,97.0,0.5512437810945274
resnet50_fitzft,15,source,overall,dark,,19,0.631578947368421,,all,83.0,0.5867598684210527
resnet50_fitzft,15,source,overall,light,,19,0.631578947368421,,noLYM,83.0,0.5407072368421053
resnet50_fitzft,15,source,overall,mid,,26,0.6153846153846154,,noLYM,93.0,0.5562571756601608
resnet50_fitzft,15,source,overall,dark,,9,0.6666666666666666,,noLYM,73.0,0.5590277777777777
resnet50_fitzft,15,simple,stratum,light,KC,14,0.21428571428571427,0.7444196428571428,,,
resnet50_fitzft,15,simple,stratum,light,MEL,4,0.0,0.625,,,
resnet50_fitzft,15,simple,stratum,light,LYM,1,0.0,0.640625,,,
resnet50_fitzft,15,simple,stratum,light,OTH,1,0.0,0.71875,,,
resnet50_fitzft,15,simple,stratum,mid,KC,22,0.22727272727272727,0.8473541383989145,,,
resnet50_fitzft,15,simple,stratum,mid,MEL,2,0.0,0.3880597014925373,,,
resnet50_fitzft,15,simple,stratum,mid,LYM,4,0.0,0.41417910447761197,,,
resnet50_fitzft,15,simple,stratum,mid,OTH,2,0.0,0.22388059701492535,,,
resnet50_fitzft,15,simple,stratum,dark,KC,4,0.25,0.53125,,,
resnet50_fitzft,15,simple,stratum,dark,MEL,3,0.0,0.35416666666666663,,,
resnet50_fitzft,15,simple,stratum,dark,LYM,10,0.1,0.7921875,,,
resnet50_fitzft,15,simple,stratum,dark,OTH,2,0.5,0.921875,,,
resnet50_fitzft,15,simple,overall,light,,20,0.15,,all,84.0,0.7140625
resnet50_fitzft,15,simple,overall,mid,,30,0.16666666666666666,,all,97.0,0.7174129353233831
resnet50_fitzft,15,simple,overall,dark,,19,0.15789473684210525,,all,83.0,0.6817434210526315
resnet50_fitzft,15,simple,overall,light,,19,0.15789473684210525,,noLYM,83.0,0.7179276315789473
resnet50_fitzft,15,simple,overall,mid,,26,0.19230769230769232,,noLYM,93.0,0.7640642939150402
resnet50_fitzft,15,simple,overall,dark,,9,0.2222222222222222,,noLYM,73.0,0.5590277777777778
resnet50_fitzft,15,fair,stratum,light,KC,14,0.21428571428571427,0.7700892857142857,,,
resnet50_fitzft,15,fair,stratum,light,MEL,4,0.0,0.546875,,,
resnet50_fitzft,15,fair,stratum,light,LYM,1,0.0,0.859375,,,
resnet50_fitzft,15,fair,stratum,light,OTH,1,0.0,0.859375,,,
resnet50_fitzft,15,fair,stratum,mid,KC,22,0.3181818181818182,0.8493894165535957,,,
resnet50_fitzft,15,fair,stratum,mid,MEL,2,0.0,0.4402985074626866,,,
resnet50_fitzft,15,fair,stratum,mid,LYM,4,0.0,0.46268656716417916,,,
resnet50_fitzft,15,fair,stratum,mid,OTH,2,0.0,0.2462686567164179,,,
resnet50_fitzft,15,fair,stratum,dark,KC,4,0.25,0.50390625,,,
resnet50_fitzft,15,fair,stratum,dark,MEL,3,0.0,0.34375,,,
resnet50_fitzft,15,fair,stratum,dark,LYM,10,0.1,0.7937500000000001,,,
resnet50_fitzft,15,fair,stratum,dark,OTH,2,0.5,0.9375,,,
resnet50_fitzft,15,fair,overall,light,,20,0.15,,all,84.0,0.734375
resnet50_fitzft,15,fair,overall,mid,,30,0.23333333333333334,,all,97.0,0.7303482587064677
resnet50_fitzft,15,fair,overall,dark,,19,0.15789473684210525,,all,83.0,0.6768092105263157
resnet50_fitzft,15,fair,overall,light,,19,0.15789473684210525,,noLYM,83.0,0.7277960526315789
resnet50_fitzft,15,fair,overall,mid,,26,0.2692307692307692,,noLYM,93.0,0.7715269804822044
resnet50_fitzft,15,fair,overall,dark,,9,0.2222222222222222,,noLYM,73.0,0.546875
resnet50_fitzft,16,source,stratum,light,KC,14,0.9285714285714286,0.7243303571428572,,,
resnet50_fitzft,16,source,stratum,light,MEL,3,0.6666666666666666,0.4739583333333333,,,
resnet50_fitzft,16,source,stratum,light,LYM,2,1.0,0.828125,,,
resnet50_fitzft,16,source,stratum,light,OTH,1,0.0,0.140625,,,
resnet50_fitzft,16,source,stratum,mid,KC,23,0.782608695652174,0.6709928617780662,,,
resnet50_fitzft,16,source,stratum,mid,MEL,3,0.3333333333333333,0.4129353233830846,,,
resnet50_fitzft,16,source,stratum,mid,LYM,3,1.0,0.6119402985074627,,,
resnet50_fitzft,16,source,stratum,mid,OTH,1,0.0,0.29850746268656714,,,
resnet50_fitzft,16,source,stratum,dark,KC,5,0.8,0.5765625000000001,,,
resnet50_fitzft,16,source,stratum,dark,MEL,3,0.6666666666666666,0.5625,,,
resnet50_fitzft,16,source,stratum,dark,LYM,8,1.0,0.685546875,,,
resnet50_fitzft,16,source,stratum,dark,OTH,3,1.0,0.6458333333333334,,,
resnet50_fitzft,16,source,overall,light,,20,0.85,,all,84.0,0.6679687499999999
resnet50_fitzft,16,source,overall,mid,,30,0.7333333333333333,,all,97.0,0.6268656716417911
resnet50_fitzft,16,source,overall,dark,,19,0.8947368421052632,,all,83.0,0.6311677631578947
resnet50_fitzft,16,source,overall,light,,18,0.8333333333333334,,noLYM,82.0,0.650173611111111
resnet50_fitzft,16,source,overall,mid,,27,0.7037037037037037,,noLYM,94.0,0.6285240464344942
resnet50_fitzft,16,source,overall,dark,,11,0.8181818181818182,,noLYM,75.0,0.5916193181818181
resnet50_fitzft,16,simple,stratum,light,KC,14,0.2857142857142857,0.7142857142857143,,,
resnet50_fitzft,16,simple,stratum,light,MEL,3,0.0,0.4895833333333333,,,
resnet50_fitzft,16,simple,stratum,light,LYM,2,0.0,0.7109375,,,
resnet50_fitzft,16,simple,stratum,light,OTH,1,0.0,0.546875,,,
resnet50_fitzft,16,simple,stratum,mid,KC,23,0.21739130434782608,0.7754704737183648,,,
resnet50_fitzft,16,simple,stratum,mid,MEL,3,0.0,0.31343283582089554,,,
resnet50_fitzft,16,simple,stratum,mid,LYM,3,0.0,0.5422885572139303,,,
resnet50_fitzft,16,simple,stratum,mid,OTH,1,0.0,0.6716417910447761,,,
resnet50_fitzft,16,simple,stratum,dark,KC,5,0.0,0.5,,,
resnet50_fitzft,16,simple,stratum,dark,MEL,3,0.0,0.24999999999999997,,,
resnet50_fitzft,16,simple,stratum,dark,LYM,8,0.0,0.791015625,,,
resnet50_fitzft,16,simple,stratum,dark,OTH,3,0.3333333333333333,0.71875,,,
resnet50_fitzft,16,simple,overall,light,,20,0.2,,all,84.0,0.671875
resnet50_fitzft,16,simple,overall,mid,,30,0.16666666666666666,,all,97.0,0.7024875621890547
resnet50_fitzft,16,simple,overall,dark,,19,0.05263157894736842,,all,83.0,0.6175986842105264
resnet50_fitzft,16,simple,overall,light,,18,0.2222222222222222,,noLYM,82.0,0.6675347222222221
resnet50_fitzft,16,simple,overall,mid,,27,0.18518518518518517,,noLYM,94.0,0.7202874516307352
resnet50_fitzft,16,simple,overall,dark,,11,0.09090909090909091,,noLYM,75.0,0.4914772727272727
resnet50_fitzft,16,fair,stratum,light,KC,14,0.5,0.7511160714285714,,,
resnet50_fitzft,16,fair,stratum,light,MEL,3,0.3333333333333333,0.5208333333333333,,,
resnet50_fitzft,16,fair,stratum,light,LYM,2,0.0,0.8046875,,,
resnet50_fitzft,16,fair,stratum,light,OTH,1,0.0,0.375,,,
resnet50_fitzft,16,fair,stratum,mid,KC,23,0.21739130434782608,0.7936404931862426,,,
resnet50_fitzft,16,fair,stratum,mid,MEL,3,0.0,0.31840796019900497,,,
resnet50_fitzft,16,fair,stratum,mid,LYM,3,0.0,0.5820895522388059,,,
resnet50_fitzft,16,fair,stratum,mid,OTH,1,0.0,0.6716417910447761,,,
resnet50_fitzft,16,fair,stratum,dark,KC,5,0.0,0.48125000000000007,,,
resnet50_fitzft,16,fair,stratum,dark,MEL,3,0.0,0.21875,,,
resnet50_fitzft,16,fair,stratum,dark,LYM,8,0.0,0.8125,,,
resnet50_fitzft,16,fair,stratum,dark,OTH,3,0.3333333333333333,0.765625,,,
resnet50_fitzft,16,fair,overall,light,,20,0.4,,all,84.0,0.7031250000000001
resnet50_fitzft,16,fair,overall,mid,,30,0.16666666666666666,,all,97.0,0.7208955223880598
resnet50_fitzft,16,fair,overall,dark,,19,0.05263157894736842,,all,83.0,0.6241776315789473
resnet50_fitzft,16,fair,overall,light,,18,0.4444444444444444,,noLYM,82.0,0.6918402777777778
resnet50_fitzft,16,fair,overall,mid,,27,0.18518518518518517,,noLYM,94.0,0.736318407960199
resnet50_fitzft,16,fair,overall,dark,,11,0.09090909090909091,,noLYM,75.0,0.48721590909090906
resnet50_fitzft,17,source,stratum,light,KC,14,0.5714285714285714,0.53125,,,
resnet50_fitzft,17,source,stratum,light,MEL,4,0.25,0.34765625,,,
resnet50_fitzft,17,source,stratum,light,OTH,2,0.5,0.5078125,,,
resnet50_fitzft,17,source,stratum,mid,KC,23,0.6956521739130435,0.6401687216093446,,,
resnet50_fitzft,17,source,stratum,mid,MEL,4,0.25,0.35074626865671643,,,
resnet50_fitzft,17,source,stratum,mid,LYM,2,0.5,0.6492537313432836,,,
resnet50_fitzft,17,source,stratum,mid,OTH,1,1.0,0.5074626865671642,,,
resnet50_fitzft,17,source,stratum,dark,KC,4,1.0,0.8515625,,,
resnet50_fitzft,17,source,stratum,dark,MEL,4,0.75,0.6875,,,
resnet50_fitzft,17,source,stratum,dark,LYM,9,0.5555555555555556,0.5555555555555556,,,
resnet50_fitzft,17,source,stratum,dark,OTH,2,1.0,0.7734375,,,
resnet50_fitzft,17,source,overall,light,,20,0.5,,all,84.0,0.49218749999999994
resnet50_fitzft,17,source,overall,mid,,30,0.6333333333333333,,all,97.0,0.5977611940298507
resnet50_fitzft,17,source,overall,dark,,19,0.7368421052631579,,all,83.0,0.6685855263157895
resnet50_fitzft,17,source,overall,light,,20,0.5,,noLYM,84.0,0.49218749999999994
resnet50_fitzft,17,source,overall,mid,,28,0.6428571428571429,,noLYM,95.0,0.5940831556503198
resnet50_fitzft,17,source,overall,dark,,10,0.9,,noLYM,74.0,0.7703125000000001
resnet50_fitzft,17,simple,stratum,light,KC,14,0.07142857142857142,0.7667410714285714,,,
resnet50_fitzft,17,simple,stratum,light,MEL,4,0.75,0.78125,,,
resnet50_fitzft,17,simple,stratum,light,OTH,2,0.0,0.765625,,,
resnet50_fitzft,17,simple,stratum,mid,KC,23,0.043478260869565216,0.8131083711875405,,,
resnet50_fitzft,17,simple,stratum,mid,MEL,4,0.0,0.208955223880597,,,
resnet50_fitzft,17,simple,stratum,mid,LYM,2,0.0,0.708955223880597,,,
resnet50_fitzft,17,simple,stratum,mid,OTH,1,0.0,0.5671641791044777,,,
resnet50_fitzft,17,simple,stratum,dark,KC,4,0.5,0.953125,,,
resnet50_fitzft,17,simple,stratum,dark,MEL,4,0.0,0.4765625,,,
resnet50_fitzft,17,simple,stratum,dark,LYM,9,0.1111111111111111,0.8333333333333333,,,
resnet50_fitzft,17,simple,stratum,dark,OTH,2,0.0,0.9453125,,,
resnet50_fitzft,17,simple,overall,light,,20,0.2,,all,84.0,0.7695312500000001
resnet50_fitzft,17,simple,overall,mid,,30,0.03333333333333333,,all,97.0,0.7174129353233831
resnet50_fitzft,17,simple,overall,dark,,19,0.15789473684210525,,all,83.0,0.7952302631578947
resnet50_fitzft,17,simple,overall,light,,20,0.2,,noLYM,84.0,0.7695312500000001
resnet50_fitzft,17,simple,overall,mid,,28,0.03571428571428571,,noLYM,95.0,0.7180170575692963
resnet50_fitzft,17,simple,overall,dark,,10,0.2,,noLYM,74.0,0.7609375
resnet50_fitzft,17,fair,stratum,light,KC,14,0.21428571428571427,0.7790178571428572,,,
resnet50_fitzft,17,fair,stratum,light,MEL,4,0.5,0.76171875,,,
resnet50_fitzft,17,fair,stratum,light,OTH,2,0.0,0.8515625,,,
resnet50_fitzft,17,fair,stratum,mid,KC,23,0.17391304347826086,0.8163530175210901,,,
resnet50_fitzft,17,fair,stratum,mid,MEL,4,0.0,0.2201492537313433,,,
resnet50_fitzft,17,fair,stratum,mid,LYM,2,0.0,0.708955223880597,,,
resnet50_fitzft,17,fair,stratum,mid,OTH,1,0.0,0.5074626865671642,,,
resnet50_fitzft,17,fair,stratum,dark,KC,4,0.75,0.96484375,,,
resnet50_fitzft,17,fair,stratum,dark,MEL,4,0.0,0.453125,,,
resnet50_fitzft,17,fair,stratum,dark,LYM,9,0.3333333333333333,0.8142361111111112,,,
resnet50_fitzft,17,fair,stratum,dark,OTH,2,0.5,0.921875,,,
resnet50_fitzft,17,fair,overall,light,,20,0.25,,all,84.0,0.7828125
resnet50_fitzft,17,fair,overall,mid,,30,0.13333333333333333,,all,97.0,0.7194029850746269
resnet50_fitzft,17,fair,overall,dark,,19,0.3684210526315789,,all,83.0,0.78125
resnet50_fitzft,17,fair,overall,light,,20,0.25,,noLYM,84.0,0.7828125
resnet50_fitzft,17,fair,overall,mid,,28,0.14285714285714285,,noLYM,95.0,0.7201492537313433
resnet50_fitzft,17,fair,overall,dark,,10,0.4,,noLYM,74.0,0.7515624999999999
resnet50_fitzft,18,source,stratum,light,KC,16,0.875,0.609375,,,
resnet50_fitzft,18,source,stratum,light,MEL,3,0.6666666666666666,0.3958333333333333,,,
resnet50_fitzft,18,source,stratum,light,OTH,1,0.0,0.125,,,
resnet50_fitzft,18,source,stratum,mid,KC,23,0.8695652173913043,0.7293964957819599,,,
resnet50_fitzft,18,source,stratum,mid,MEL,3,0.6666666666666666,0.5870646766169154,,,
resnet50_fitzft,18,source,stratum,mid,LYM,2,1.0,0.5522388059701493,,,
resnet50_fitzft,18,source,stratum,mid,OTH,2,0.5,0.417910447761194,,,
resnet50_fitzft,18,source,stratum,dark,KC,4,1.0,0.703125,,,
resnet50_fitzft,18,source,stratum,dark,MEL,5,0.8,0.665625,,,
resnet50_fitzft,18,source,stratum,dark,LYM,7,0.8571428571428571,0.5390625,,,
resnet50_fitzft,18,source,stratum,dark,OTH,3,1.0,0.6614583333333333,,,
resnet50_fitzft,18,source,overall,light,,20,0.8,,all,84.0,0.5531250000000001
resnet50_fitzft,18,source,overall,mid,,30,0.8333333333333334,,all,97.0,0.6825870646766169
resnet50_fitzft,18,source,overall,dark,,19,0.8947368421052632,,all,83.0,0.626233552631579
resnet50_fitzft,18,source,overall,light,,20,0.8,,noLYM,84.0,0.5531250000000001
resnet50_fitzft,18,source,overall,mid,,28,0.8214285714285714,,noLYM,95.0,0.6918976545842217
resnet50_fitzft,18,source,overall,dark,,12,0.9166666666666666,,noLYM,76.0,0.6770833333333333
resnet50_fitzft,18,simple,stratum,light,KC,16,0.0625,0.5244140625,,,
resnet50_fitzft,18,simple,stratum,light,MEL,3,0.0,0.33854166666666663,,,
resnet50_fitzft,18,simple,stratum,light,OTH,1,0.0,0.1875,,,
resnet50_fitzft,18,simple,stratum,mid,KC,23,0.30434782608695654,0.8436080467229071,,,
resnet50_fitzft,18,simple,stratum,mid,MEL,3,0.0,0.6616915422885572,,,
resnet50_fitzft,18,simple,stratum,mid,LYM,2,0.0,0.3283582089552239,,,
resnet50_fitzft,18,simple,stratum,mid,OTH,2,0.0,0.4701492537313433,,,
resnet50_fitzft,18,simple,stratum,dark,KC,4,0.0,0.81640625,,,
resnet50_fitzft,18,simple,stratum,dark,MEL,5,0.0,0.465625,,,
resnet50_fitzft,18,simple,stratum,dark,LYM,7,0.14285714285714285,0.7879464285714286,,,
resnet50_fitzft,18,simple,stratum,dark,OTH,3,0.3333333333333333,0.7916666666666666,,,
resnet50_fitzft,18,simple,overall,light,,20,0.05,,all,84.0,0.4796875
resnet50_fitzft,18,simple,overall,mid,,30,0.23333333333333334,,all,97.0,0.7661691542288557
resnet50_fitzft,18,simple,overall,dark,,19,0.10526315789473684,,all,83.0,0.709703947368421
resnet50_fitzft,18,simple,overall,light,,20,0.05,,noLYM,84.0,0.4796875
resnet50_fitzft,18,simple,overall,mid,,28,0.25,,noLYM,95.0,0.7974413646055437
resnet50_fitzft,18,simple,overall,dark,,12,0.08333333333333333,,noLYM,76.0,0.6640625
resnet50_fitzft,18,fair,stratum,light,KC,16,0.0625,0.578125,,,
resnet50_fitzft,18,fair,stratum,light,MEL,3,0.0,0.296875,,,
resnet50_fitzft,18,fair,stratum,light,OTH,1,0.0,0.25,,,
resnet50_fitzft,18,fair,stratum,mid,KC,23,0.30434782608695654,0.8513951979234263,,,
resnet50_fitzft,18,fair,stratum,mid,MEL,3,0.0,0.6666666666666666,,,
resnet50_fitzft,18,fair,stratum,mid,LYM,2,0.0,0.26865671641791045,,,
resnet50_fitzft,18,fair,stratum,mid,OTH,2,0.0,0.5,,,
resnet50_fitzft,18,fair,stratum,dark,KC,4,0.75,0.859375,,,
resnet50_fitzft,18,fair,stratum,dark,MEL,5,0.0,0.47500000000000003,,,
resnet50_fitzft,18,fair,stratum,dark,LYM,7,0.42857142857142855,0.7790178571428572,,,
resnet50_fitzft,18,fair,stratum,dark,OTH,3,0.6666666666666666,0.7916666666666667,,,
resnet50_fitzft,18,fair,overall,light,,20,0.05,,all,84.0,0.51953125
resnet50_fitzft,18,fair,overall,mid,,30,0.23333333333333334,,all,97.0,0.7706467661691543
resnet50_fitzft,18,fair,overall,dark,,19,0.42105263157894735,,all,83.0,0.7179276315789473
resnet50_fitzft,18,fair,overall,light,,20,0.05,,noLYM,84.0,0.51953125
resnet50_fitzft,18,fair,overall,mid,,28,0.25,,noLYM,95.0,0.806503198294243
resnet50_fitzft,18,fair,overall,dark,,12,0.4166666666666667,,noLYM,76.0,0.6822916666666666
resnet50_fitzft,19,source,stratum,light,KC,17,0.8823529411764706,0.6052389705882353,,,
resnet50_fitzft,19,source,stratum,light,MEL,1,1.0,0.890625,,,
resnet50_fitzft,19,source,stratum,light,LYM,1,1.0,0.890625,,,
resnet50_fitzft,19,source,stratum,light,OTH,1,1.0,0.84375,,,
resnet50_fitzft,19,source,stratum,mid,KC,23,0.9565217391304348,0.7287475665152499,,,
resnet50_fitzft,19,source,stratum,mid,MEL,5,0.6,0.5432835820895523,,,
resnet50_fitzft,19,source,stratum,mid,LYM,2,0.5,0.5746268656716418,,,
resnet50_fitzft,19,source,stratum,dark,KC,2,1.0,0.7421875,,,
resnet50_fitzft,19,source,stratum,dark,MEL,4,0.5,0.48828125,,,
resnet50_fitzft,19,source,stratum,dark,LYM,10,0.6,0.47187500000000004,,,
resnet50_fitzft,19,source,stratum,dark,OTH,3,1.0,0.8411458333333333,,,
resnet50_fitzft,19,source,overall,light,,20,0.9,,all,84.0,0.6457031249999999
resnet50_fitzft,19,source,overall,mid,,30,0.8666666666666667,,all,97.0,0.6875621890547264
resnet50_fitzft,19,source,overall,dark,,19,0.6842105263157895,,all,83.0,0.5620888157894737
resnet50_fitzft,19,source,overall,light,,19,0.8947368421052632,,noLYM,83.0,0.6328125
resnet50_fitzft,19,source,overall,mid,,28,0.8928571428571429,,noLYM,95.0,0.6956289978678039
resnet50_fitzft,19,source,overall,dark,,9,0.7777777777777778,,noLYM,73.0,0.662326388888889
resnet50_fitzft,19,simple,stratum,light,KC,17,0.23529411764705882,0.7334558823529412,,,
resnet50_fitzft,19,simple,stratum,light,MEL,1,0.0,0.890625,,,
resnet50_fitzft,19,simple,stratum,light,LYM,1,0.0,0.921875,,,
resnet50_fitzft,19,simple,stratum,light,OTH,1,0.0,0.53125,,,
resnet50_fitzft,19,simple,stratum,mid,KC,23,0.43478260869565216,0.763140817650876,,,
resnet50_fitzft,19,simple,stratum,mid,MEL,5,0.0,0.5462686567164179,,,
resnet50_fitzft,19,simple,stratum,mid,LYM,2,0.0,0.6268656716417911,,,
resnet50_fitzft,19,simple,stratum,dark,KC,2,0.0,0.96875,,,
resnet50_fitzft,19,simple,stratum,dark,MEL,4,0.0,0.5234375,,,
resnet50_fitzft,19,simple,stratum,dark,LYM,10,0.1,0.6546875000000001,,,
resnet50_fitzft,19,simple,stratum,dark,OTH,3,0.0,0.90625,,,
resnet50_fitzft,19,simple,overall,light,,20,0.2,,all,84.0,0.7406249999999999
resnet50_fitzft,19,simple,overall,mid,,30,0.3333333333333333,,all,97.0,0.7179104477611941
resnet50_fitzft,19,simple,overall,dark,,19,0.05263157894736842,,all,83.0,0.6998355263157894
resnet50_fitzft,19,simple,overall,light,,19,0.21052631578947367,,noLYM,83.0,0.7310855263157895
resnet50_fitzft,19,simple,overall,mid,,28,0.35714285714285715,,noLYM,95.0,0.7244136460554371
resnet50_fitzft,19,simple,overall,dark,,9,0.0,,noLYM,73.0,0.75
resnet50_fitzft,19,fair,stratum,light,KC,17,0.29411764705882354,0.7435661764705882,,,
resnet50_fitzft,19,fair,stratum,light,MEL,1,0.0,0.875,,,
resnet50_fitzft,19,fair,stratum,light,LYM,1,1.0,0.953125,,,
resnet50_fitzft,19,fair,stratum,light,OTH,1,0.0,0.515625,,,
resnet50_fitzft,19,fair,stratum,mid,KC,23,0.391304347826087,0.7624918883841661,,,
resnet50_fitzft,19,fair,stratum,mid,MEL,5,0.0,0.5014925373134329,,,
resnet50_fitzft,19,fair,stratum,mid,LYM,2,0.5,0.6268656716417911,,,
resnet50_fitzft,19,fair,stratum,dark,KC,2,0.5,0.9921875,,,
resnet50_fitzft,19,fair,stratum,dark,MEL,4,0.0,0.48828125,,,
resnet50_fitzft,19,fair,stratum,dark,LYM,10,0.1,0.6359375,,,
resnet50_fitzft,19,fair,stratum,dark,OTH,3,0.3333333333333333,0.9583333333333334,,,
resnet50_fitzft,19,fair,overall,light,,20,0.3,,all,84.0,0.74921875
resnet50_fitzft,19,fair,overall,mid,,30,0.3333333333333333,,all,97.0,0.7099502487562189
resnet50_fitzft,19,fair,overall,dark,,19,0.15789473684210525,,all,83.0,0.6932565789473684
resnet50_fitzft,19,fair,overall,light,,19,0.2631578947368421,,noLYM,83.0,0.7384868421052632
resnet50_fitzft,19,fair,overall,mid,,28,0.32142857142857145,,noLYM,95.0,0.7158848614072495
resnet50_fitzft,19,fair,overall,dark,,9,0.2222222222222222,,noLYM,73.0,0.7569444444444444
dinov2b_frozen,0,source,stratum,light,KC,16,1.0,0.8369140625,,,
dinov2b_frozen,0,source,stratum,light,MEL,2,1.0,0.7734375,,,
dinov2b_frozen,0,source,stratum,light,OTH,2,0.0,0.15625,,,
dinov2b_frozen,0,source,stratum,mid,KC,24,0.9166666666666666,0.6902985074626866,,,
dinov2b_frozen,0,source,stratum,mid,MEL,4,1.0,0.75,,,
dinov2b_frozen,0,source,stratum,mid,LYM,1,0.0,0.19402985074626866,,,
dinov2b_frozen,0,source,stratum,mid,OTH,1,1.0,0.4328358208955224,,,
dinov2b_frozen,0,source,stratum,dark,KC,4,0.75,0.67578125,,,
dinov2b_frozen,0,source,stratum,dark,MEL,4,0.75,0.5625,,,
dinov2b_frozen,0,source,stratum,dark,LYM,11,0.8181818181818182,0.6079545454545454,,,
dinov2b_frozen,0,source,overall,light,,20,0.9,,all,84.0,0.7625
dinov2b_frozen,0,source,overall,mid,,30,0.9,,all,97.0,0.673134328358209
dinov2b_frozen,0,source,overall,dark,,19,0.7894736842105263,,all,83.0,0.6126644736842105
dinov2b_frozen,0,source,overall,light,,20,0.9,,noLYM,84.0,0.7625
dinov2b_frozen,0,source,overall,mid,,29,0.9310344827586207,,noLYM,96.0,0.689655172413793
dinov2b_frozen,0,source,overall,dark,,8,0.75,,noLYM,72.0,0.619140625
dinov2b_frozen,0,simple,stratum,light,KC,16,0.1875,0.7294921875,,,
dinov2b_frozen,0,simple,stratum,light,MEL,2,0.0,0.3046875,,,
dinov2b_frozen,0,simple,stratum,light,OTH,2,0.0,0.7890625,,,
dinov2b_frozen,0,simple,stratum,mid,KC,24,0.2916666666666667,0.7493781094527363,,,
dinov2b_frozen,0,simple,stratum,mid,MEL,4,0.25,0.4701492537313433,,,
dinov2b_frozen,0,simple,stratum,mid,LYM,1,0.0,0.7761194029850746,,,
dinov2b_frozen,0,simple,stratum,mid,OTH,1,1.0,0.9701492537313433,,,
dinov2b_frozen,0,simple,stratum,dark,KC,4,0.25,0.703125,,,
dinov2b_frozen,0,simple,stratum,dark,MEL,4,0.0,0.5390625,,,
dinov2b_frozen,0,simple,stratum,dark,LYM,11,0.2727272727272727,0.9417613636363636,,,
dinov2b_frozen,0,simple,overall,light,,20,0.15,,all,84.0,0.69296875
dinov2b_frozen,0,simple,overall,mid,,30,0.3,,all,97.0,0.7203980099502488
dinov2b_frozen,0,simple,overall,dark,,19,0.21052631578947367,,all,83.0,0.8067434210526316
dinov2b_frozen,0,simple,overall,light,,20,0.15,,noLYM,84.0,0.69296875
dinov2b_frozen,0,simple,overall,mid,,29,0.3103448275862069,,noLYM,96.0,0.7184765826042203
dinov2b_frozen,0,simple,overall,dark,,8,0.125,,noLYM,72.0,0.62109375
dinov2b_frozen,0,fair,stratum,light,KC,16,0.25,0.763671875,,,
dinov2b_frozen,0,fair,stratum,light,MEL,2,0.0,0.21875,,,
dinov2b_frozen,0,fair,stratum,light,OTH,2,0.0,0.7734375,,,
dinov2b_frozen,0,fair,stratum,mid,KC,24,0.375,0.7481343283582089,,,
dinov2b_frozen,0,fair,stratum,mid,MEL,4,0.25,0.45149253731343286,,,
dinov2b_frozen,0,fair,stratum,mid,LYM,1,0.0,0.8955223880597015,,,
dinov2b_frozen,0,fair,stratum,mid,OTH,1,0.0,0.8805970149253731,,,
dinov2b_frozen,0,fair,stratum,dark,KC,4,0.5,0.7890625,,,
dinov2b_frozen,0,fair,stratum,dark,MEL,4,0.0,0.64453125,,,
dinov2b_frozen,0,fair,stratum,dark,LYM,11,0.5454545454545454,0.9474431818181819,,,
dinov2b_frozen,0,fair,overall,light,,20,0.2,,all,84.0,0.71015625
dinov2b_frozen,0,fair,overall,mid,,30,0.3333333333333333,,all,97.0,0.7179104477611942
dinov2b_frozen,0,fair,overall,dark,,19,0.42105263157894735,,all,83.0,0.850328947368421
dinov2b_frozen,0,fair,overall,light,,20,0.2,,noLYM,84.0,0.71015625
dinov2b_frozen,0,fair,overall,mid,,29,0.3448275862068966,,noLYM,96.0,0.7117858980957281
dinov2b_frozen,0,fair,overall,dark,,8,0.25,,noLYM,72.0,0.716796875
dinov2b_frozen,1,source,stratum,light,KC,15,1.0,0.8270833333333334,,,
dinov2b_frozen,1,source,stratum,light,MEL,3,1.0,0.5208333333333334,,,
dinov2b_frozen,1,source,stratum,light,OTH,2,0.5,0.5234375,,,
dinov2b_frozen,1,source,stratum,mid,KC,17,0.9411764705882353,0.7102721685689201,,,
dinov2b_frozen,1,source,stratum,mid,MEL,6,0.6666666666666666,0.7014925373134329,,,
dinov2b_frozen,1,source,stratum,mid,LYM,4,0.75,0.5970149253731343,,,
dinov2b_frozen,1,source,stratum,mid,OTH,3,0.6666666666666666,0.3980099502487562,,,
dinov2b_frozen,1,source,stratum,dark,KC,2,0.5,0.359375,,,
dinov2b_frozen,1,source,stratum,dark,MEL,3,0.6666666666666666,0.5468749999999999,,,
dinov2b_frozen,1,source,stratum,dark,LYM,13,0.38461538461538464,0.3701923076923077,,,
dinov2b_frozen,1,source,stratum,dark,OTH,1,1.0,0.859375,,,
dinov2b_frozen,1,source,overall,light,,20,0.95,,all,84.0,0.75078125
dinov2b_frozen,1,source,overall,mid,,30,0.8333333333333334,,all,97.0,0.6621890547263681
dinov2b_frozen,1,source,overall,dark,,19,0.47368421052631576,,all,83.0,0.4226973684210526
dinov2b_frozen,1,source,overall,light,,20,0.95,,noLYM,84.0,0.75078125
dinov2b_frozen,1,source,overall,mid,,26,0.8461538461538461,,noLYM,93.0,0.6722158438576349
dinov2b_frozen,1,source,overall,dark,,6,0.6666666666666666,,noLYM,70.0,0.5364583333333333
dinov2b_frozen,1,simple,stratum,light,KC,15,0.13333333333333333,0.8156249999999999,,,
dinov2b_frozen,1,simple,stratum,light,MEL,3,0.0,0.47916666666666663,,,
dinov2b_frozen,1,simple,stratum,light,OTH,2,0.0,0.421875,,,
dinov2b_frozen,1,simple,stratum,mid,KC,17,0.17647058823529413,0.7603160667251976,,,
dinov2b_frozen,1,simple,stratum,mid,MEL,6,0.3333333333333333,0.7164179104477613,,,
dinov2b_frozen,1,simple,stratum,mid,LYM,4,0.25,0.8432835820895522,,,
dinov2b_frozen,1,simple,stratum,mid,OTH,3,0.3333333333333333,0.8159203980099503,,,
dinov2b_frozen,1,simple,stratum,dark,KC,2,0.0,0.4453125,,,
dinov2b_frozen,1,simple,stratum,dark,MEL,3,0.0,0.7239583333333333,,,
dinov2b_frozen,1,simple,stratum,dark,LYM,13,0.46153846153846156,0.8533653846153846,,,
dinov2b_frozen,1,simple,stratum,dark,OTH,1,0.0,0.59375,,,
dinov2b_frozen,1,simple,overall,light,,20,0.1,,all,84.0,0.72578125
dinov2b_frozen,1,simple,overall,mid,,30,0.23333333333333334,,all,97.0,0.7681592039800995
dinov2b_frozen,1,simple,overall,dark,,19,0.3157894736842105,,all,83.0,0.7763157894736843
dinov2b_frozen,1,simple,overall,light,,20,0.1,,noLYM,84.0,0.72578125
dinov2b_frozen,1,simple,overall,mid,,26,0.23076923076923078,,noLYM,93.0,0.756601607347876
dinov2b_frozen,1,simple,overall,dark,,6,0.0,,noLYM,70.0,0.609375
dinov2b_frozen,1,fair,stratum,light,KC,15,0.3333333333333333,0.7697916666666667,,,
dinov2b_frozen,1,fair,stratum,light,MEL,3,0.3333333333333333,0.49479166666666663,,,
dinov2b_frozen,1,fair,stratum,light,OTH,2,0.0,0.328125,,,
dinov2b_frozen,1,fair,stratum,mid,KC,17,0.4117647058823529,0.7848990342405618,,,
dinov2b_frozen,1,fair,stratum,mid,MEL,6,0.16666666666666666,0.6567164179104478,,,
dinov2b_frozen,1,fair,stratum,mid,LYM,4,0.25,0.8619402985074627,,,
dinov2b_frozen,1,fair,stratum,mid,OTH,3,0.3333333333333333,0.7960199004975125,,,
dinov2b_frozen,1,fair,stratum,dark,KC,2,0.0,0.5078125,,,
dinov2b_frozen,1,fair,stratum,dark,MEL,3,0.0,0.7395833333333334,,,
dinov2b_frozen,1,fair,stratum,dark,LYM,13,0.6153846153846154,0.8701923076923077,,,
dinov2b_frozen,1,fair,stratum,dark,OTH,1,0.0,0.890625,,,
dinov2b_frozen,1,fair,overall,light,,20,0.3,,all,84.0,0.684375
dinov2b_frozen,1,fair,overall,mid,,30,0.3333333333333333,,all,97.0,0.7706467661691543
dinov2b_frozen,1,fair,overall,dark,,19,0.42105263157894735,,all,83.0,0.8125
dinov2b_frozen,1,fair,overall,light,,20,0.3,,noLYM,84.0,0.684375
dinov2b_frozen,1,fair,overall,mid,,26,0.34615384615384615,,noLYM,93.0,0.756601607347876
dinov2b_frozen,1,fair,overall,dark,,6,0.0,,noLYM,70.0,0.6875
dinov2b_frozen,2,source,stratum,light,KC,12,0.8333333333333334,0.7604166666666667,,,
dinov2b_frozen,2,source,stratum,light,MEL,4,1.0,0.5078125,,,
dinov2b_frozen,2,source,stratum,light,LYM,2,0.0,0.171875,,,
dinov2b_frozen,2,source,stratum,light,OTH,2,1.0,0.8828125,,,
dinov2b_frozen,2,source,stratum,mid,KC,25,0.84,0.6883582089552239,,,
dinov2b_frozen,2,source,stratum,mid,MEL,3,0.6666666666666666,0.7562189054726368,,,
dinov2b_frozen,2,source,stratum,mid,LYM,1,0.0,0.19402985074626866,,,
dinov2b_frozen,2,source,stratum,mid,OTH,1,1.0,0.5074626865671642,,,
dinov2b_frozen,2,source,stratum,dark,KC,4,0.75,0.6171875,,,
dinov2b_frozen,2,source,stratum,dark,MEL,4,0.25,0.3046875,,,
dinov2b_frozen,2,source,stratum,dark,LYM,9,0.5555555555555556,0.5763888888888888,,,
dinov2b_frozen,2,source,stratum,dark,OTH,2,1.0,0.7421875,,,
dinov2b_frozen,2,source,overall,light,,20,0.8,,all,84.0,0.6632812499999999
dinov2b_frozen,2,source,overall,mid,,30,0.8,,all,97.0,0.672636815920398
dinov2b_frozen,2,source,overall,dark,,19,0.5789473684210527,,all,83.0,0.5452302631578947
dinov2b_frozen,2,source,overall,light,,18,0.8888888888888888,,noLYM,82.0,0.7178819444444444
dinov2b_frozen,2,source,overall,mid,,29,0.8275862068965517,,noLYM,96.0,0.6891405043746783
dinov2b_frozen,2,source,overall,dark,,10,0.6,,noLYM,74.0,0.5171875
dinov2b_frozen,2,simple,stratum,light,KC,12,0.16666666666666666,0.8958333333333333,,,
dinov2b_frozen,2,simple,stratum,light,MEL,4,0.0,0.5703125,,,
dinov2b_frozen,2,simple,stratum,light,LYM,2,0.5,0.734375,,,
dinov2b_frozen,2,simple,stratum,light,OTH,2,0.0,0.15625,,,
dinov2b_frozen,2,simple,stratum,mid,KC,25,0.32,0.6782089552238806,,,
dinov2b_frozen,2,simple,stratum,mid,MEL,3,0.0,0.46766169154228854,,,
dinov2b_frozen,2,simple,stratum,mid,LYM,1,0.0,0.9552238805970149,,,
dinov2b_frozen,2,simple,stratum,mid,OTH,1,0.0,0.4626865671641791,,,
dinov2b_frozen,2,simple,stratum,dark,KC,4,0.5,0.6796875,,,
dinov2b_frozen,2,simple,stratum,dark,MEL,4,0.0,0.484375,,,
dinov2b_frozen,2,simple,stratum,dark,LYM,9,0.3333333333333333,0.8923611111111112,,,
dinov2b_frozen,2,simple,stratum,dark,OTH,2,0.0,0.640625,,,
dinov2b_frozen,2,simple,overall,light,,20,0.15,,all,84.0,0.740625
dinov2b_frozen,2,simple,overall,mid,,30,0.26666666666666666,,all,97.0,0.6592039800995024
dinov2b_frozen,2,simple,overall,dark,,19,0.2631578947368421,,all,83.0,0.7351973684210525
dinov2b_frozen,2,simple,overall,light,,18,0.1111111111111111,,noLYM,82.0,0.7413194444444444
dinov2b_frozen,2,simple,overall,mid,,29,0.27586206896551724,,noLYM,96.0,0.6489963973237262
dinov2b_frozen,2,simple,overall,dark,,10,0.2,,noLYM,74.0,0.59375
dinov2b_frozen,2,fair,stratum,light,KC,12,0.5,0.8919270833333333,,,
dinov2b_frozen,2,fair,stratum,light,MEL,4,0.0,0.546875,,,
dinov2b_frozen,2,fair,stratum,light,LYM,2,0.5,0.9296875,,,
dinov2b_frozen,2,fair,stratum,light,OTH,2,0.0,0.1875,,,
dinov2b_frozen,2,fair,stratum,mid,KC,25,0.4,0.7450746268656717,,,
dinov2b_frozen,2,fair,stratum,mid,MEL,3,0.0,0.3432835820895522,,,
dinov2b_frozen,2,fair,stratum,mid,LYM,1,1.0,0.9701492537313433,,,
dinov2b_frozen,2,fair,stratum,mid,OTH,1,0.0,0.417910447761194,,,
dinov2b_frozen,2,fair,stratum,dark,KC,4,0.5,0.71484375,,,
dinov2b_frozen,2,fair,stratum,dark,MEL,4,0.0,0.54296875,,,
dinov2b_frozen,2,fair,stratum,dark,LYM,9,0.6666666666666666,0.9201388888888888,,,
dinov2b_frozen,2,fair,stratum,dark,OTH,2,0.0,0.6875,,,
dinov2b_frozen,2,fair,overall,light,,20,0.35,,all,84.0,0.7562500000000001
dinov2b_frozen,2,fair,overall,mid,,30,0.36666666666666664,,all,97.0,0.7014925373134329
dinov2b_frozen,2,fair,overall,dark,,19,0.42105263157894735,,all,83.0,0.7730263157894736
dinov2b_frozen,2,fair,overall,light,,18,0.3333333333333333,,noLYM,82.0,0.7369791666666666
dinov2b_frozen,2,fair,overall,mid,,29,0.3448275862068966,,noLYM,96.0,0.692228512609367
dinov2b_frozen,2,fair,overall,dark,,10,0.2,,noLYM,74.0,0.640625
dinov2b_frozen,3,source,stratum,light,KC,14,1.0,0.8102678571428571,,,
dinov2b_frozen,3,source,stratum,light,MEL,3,1.0,0.5520833333333333,,,
dinov2b_frozen,3,source,stratum,light,LYM,2,1.0,0.453125,,,
dinov2b_frozen,3,source,stratum,light,OTH,1,1.0,0.796875,,,
dinov2b_frozen,3,source,stratum,mid,KC,28,0.9642857142857143,0.679637526652452,,,
dinov2b_frozen,3,source,stratum,mid,MEL,1,1.0,0.35820895522388063,,,
dinov2b_frozen,3,source,stratum,mid,LYM,1,1.0,0.7014925373134329,,,
dinov2b_frozen,3,source,stratum,dark,KC,3,0.6666666666666666,0.5572916666666666,,,
dinov2b_frozen,3,source,stratum,dark,MEL,3,0.3333333333333333,0.43229166666666663,,,
dinov2b_frozen,3,source,stratum,dark,LYM,11,0.5454545454545454,0.4900568181818181,,,
dinov2b_frozen,3,source,stratum,dark,OTH,2,1.0,0.8046875,,,
dinov2b_frozen,3,source,overall,light,,20,1.0,,all,84.0,0.73515625
dinov2b_frozen,3,source,overall,mid,,30,0.9666666666666667,,all,97.0,0.6696517412935323
dinov2b_frozen,3,source,overall,dark,,19,0.5789473684210527,,all,83.0,0.524671052631579
dinov2b_frozen,3,source,overall,light,,18,1.0,,noLYM,82.0,0.7664930555555556
dinov2b_frozen,3,source,overall,mid,,29,0.9655172413793104,,noLYM,96.0,0.6685537828100875
dinov2b_frozen,3,source,overall,dark,,8,0.625,,noLYM,72.0,0.572265625
dinov2b_frozen,3,simple,stratum,light,KC,14,0.21428571428571427,0.6640624999999999,,,
dinov2b_frozen,3,simple,stratum,light,MEL,3,0.0,0.4947916666666667,,,
dinov2b_frozen,3,simple,stratum,light,LYM,2,0.0,0.5078125,,,
dinov2b_frozen,3,simple,stratum,light,OTH,1,0.0,0.5,,,
dinov2b_frozen,3,simple,stratum,mid,KC,28,0.2857142857142857,0.8001066098081024,,,
dinov2b_frozen,3,simple,stratum,mid,MEL,1,0.0,0.04477611940298509,,,
dinov2b_frozen,3,simple,stratum,mid,LYM,1,0.0,0.4626865671641791,,,
dinov2b_frozen,3,simple,stratum,dark,KC,3,0.3333333333333333,0.6041666666666666,,,
dinov2b_frozen,3,simple,stratum,dark,MEL,3,0.0,0.5625,,,
dinov2b_frozen,3,simple,stratum,dark,LYM,11,0.2727272727272727,0.8096590909090909,,,
dinov2b_frozen,3,simple,stratum,dark,OTH,2,1.0,1.0,,,
dinov2b_frozen,3,simple,overall,light,,20,0.15,,all,84.0,0.61484375
dinov2b_frozen,3,simple,overall,mid,,30,0.26666666666666666,,all,97.0,0.7636815920398009
dinov2b_frozen,3,simple,overall,dark,,19,0.3157894736842105,,all,83.0,0.7582236842105263
dinov2b_frozen,3,simple,overall,light,,18,0.16666666666666666,,noLYM,82.0,0.6267361111111112
dinov2b_frozen,3,simple,overall,mid,,29,0.27586206896551724,,noLYM,96.0,0.7740607308286155
dinov2b_frozen,3,simple,overall,dark,,8,0.375,,noLYM,72.0,0.6875
dinov2b_frozen,3,fair,stratum,light,KC,14,0.21428571428571427,0.7198660714285714,,,
dinov2b_frozen,3,fair,stratum,light,MEL,3,0.0,0.5885416666666666,,,
dinov2b_frozen,3,fair,stratum,light,LYM,2,0.0,0.53125,,,
dinov2b_frozen,3,fair,stratum,light,OTH,1,0.0,0.390625,,,
dinov2b_frozen,3,fair,stratum,mid,KC,28,0.32142857142857145,0.806503198294243,,,
dinov2b_frozen,3,fair,stratum,mid,MEL,1,0.0,0.02985074626865669,,,
dinov2b_frozen,3,fair,stratum,mid,LYM,1,0.0,0.6119402985074627,,,
dinov2b_frozen,3,fair,stratum,dark,KC,3,0.6666666666666666,0.6406249999999999,,,
dinov2b_frozen,3,fair,stratum,dark,MEL,3,0.0,0.5208333333333333,,,
dinov2b_frozen,3,fair,stratum,dark,LYM,11,0.45454545454545453,0.8252840909090908,,,
dinov2b_frozen,3,fair,stratum,dark,OTH,2,1.0,1.0,,,
dinov2b_frozen,3,fair,overall,light,,20,0.15,,all,84.0,0.6648437500000001
dinov2b_frozen,3,fair,overall,mid,,30,0.3,,all,97.0,0.7741293532338308
dinov2b_frozen,3,fair,overall,dark,,19,0.47368421052631576,,all,83.0,0.7664473684210527
dinov2b_frozen,3,fair,overall,light,,18,0.16666666666666666,,noLYM,82.0,0.6796875
dinov2b_frozen,3,fair,overall,mid,,29,0.3103448275862069,,noLYM,96.0,0.779722079258878
dinov2b_frozen,3,fair,overall,dark,,8,0.5,,noLYM,72.0,0.685546875
dinov2b_frozen,4,source,stratum,light,KC,13,1.0,0.8197115384615384,,,
dinov2b_frozen,4,source,stratum,light,MEL,5,1.0,0.6031249999999999,,,
dinov2b_frozen,4,source,stratum,light,LYM,1,1.0,0.703125,,,
dinov2b_frozen,4,source,stratum,light,OTH,1,1.0,0.78125,,,
dinov2b_frozen,4,source,stratum,mid,KC,25,1.0,0.7104477611940299,,,
dinov2b_frozen,4,source,stratum,mid,MEL,3,1.0,0.40298507462686567,,,
dinov2b_frozen,4,source,stratum,mid,LYM,1,1.0,0.4626865671641791,,,
dinov2b_frozen,4,source,stratum,mid,OTH,1,0.0,0.10447761194029848,,,
dinov2b_frozen,4,source,stratum,dark,KC,4,1.0,0.73828125,,,
dinov2b_frozen,4,source,stratum,dark,MEL,2,1.0,0.609375,,,
dinov2b_frozen,4,source,stratum,dark,LYM,12,0.75,0.5169270833333334,,,
dinov2b_frozen,4,source,stratum,dark,OTH,1,1.0,0.890625,,,
dinov2b_frozen,4,source,overall,light,,20,1.0,,all,84.0,0.7578125
dinov2b_frozen,4,source,overall,mid,,30,0.9666666666666667,,all,97.0,0.6512437810945274
dinov2b_frozen,4,source,overall,dark,,19,0.8421052631578947,,all,83.0,0.5929276315789473
dinov2b_frozen,4,source,overall,light,,19,1.0,,noLYM,83.0,0.7606907894736842
dinov2b_frozen,4,source,overall,mid,,29,0.9655172413793104,,noLYM,96.0,0.6577457539886773
dinov2b_frozen,4,source,overall,dark,,7,1.0,,noLYM,71.0,0.7232142857142857
dinov2b_frozen,4,simple,stratum,light,KC,13,0.38461538461538464,0.7764423076923077,,,
dinov2b_frozen,4,simple,stratum,light,MEL,5,0.0,0.5,,,
dinov2b_frozen,4,simple,stratum,light,LYM,1,0.0,0.4375,,,
dinov2b_frozen,4,simple,stratum,light,OTH,1,0.0,0.65625,,,
dinov2b_frozen,4,simple,stratum,mid,KC,25,0.24,0.8095522388059702,,,
dinov2b_frozen,4,simple,stratum,mid,MEL,3,0.0,0.5323383084577115,,,
dinov2b_frozen,4,simple,stratum,mid,LYM,1,0.0,0.9402985074626866,,,
dinov2b_frozen,4,simple,stratum,mid,OTH,1,1.0,1.0,,,
dinov2b_frozen,4,simple,stratum,dark,KC,4,0.25,0.45703125,,,
dinov2b_frozen,4,simple,stratum,dark,MEL,2,0.0,0.5,,,
dinov2b_frozen,4,simple,stratum,dark,LYM,12,0.08333333333333333,0.796875,,,
dinov2b_frozen,4,simple,stratum,dark,OTH,1,0.0,0.859375,,,
dinov2b_frozen,4,simple,overall,light,,20,0.25,,all,84.0,0.684375
dinov2b_frozen,4,simple,overall,mid,,30,0.23333333333333334,,all,97.0,0.7925373134328358
dinov2b_frozen,4,simple,overall,dark,,19,0.10526315789473684,,all,83.0,0.6973684210526316
dinov2b_frozen,4,simple,overall,light,,19,0.2631578947368421,,noLYM,83.0,0.6973684210526316
dinov2b_frozen,4,simple,overall,mid,,29,0.2413793103448276,,noLYM,96.0,0.7874420998455997
dinov2b_frozen,4,simple,overall,dark,,7,0.14285714285714285,,noLYM,71.0,0.5267857142857143
dinov2b_frozen,4,fair,stratum,light,KC,13,0.46153846153846156,0.7848557692307692,,,
dinov2b_frozen,4,fair,stratum,light,MEL,5,0.2,0.5375000000000001,,,
dinov2b_frozen,4,fair,stratum,light,LYM,1,0.0,0.421875,,,
dinov2b_frozen,4,fair,stratum,light,OTH,1,0.0,0.53125,,,
dinov2b_frozen,4,fair,stratum,mid,KC,25,0.24,0.8071641791044776,,,
dinov2b_frozen,4,fair,stratum,mid,MEL,3,0.0,0.4129353233830846,,,
dinov2b_frozen,4,fair,stratum,mid,LYM,1,1.0,0.9850746268656716,,,
dinov2b_frozen,4,fair,stratum,mid,OTH,1,1.0,1.0,,,
dinov2b_frozen,4,fair,stratum,dark,KC,4,0.25,0.49609375,,,
dinov2b_frozen,4,fair,stratum,dark,MEL,2,0.0,0.3984375,,,
dinov2b_frozen,4,fair,stratum,dark,LYM,12,0.25,0.8502604166666666,,,
dinov2b_frozen,4,fair,stratum,dark,OTH,1,0.0,0.859375,,,
dinov2b_frozen,4,fair,overall,light,,20,0.35,,all,84.0,0.6921875000000001
dinov2b_frozen,4,fair,overall,mid,,30,0.26666666666666666,,all,97.0,0.7800995024875622
dinov2b_frozen,4,fair,overall,dark,,19,0.21052631578947367,,all,83.0,0.7286184210526315
dinov2b_frozen,4,fair,overall,light,,19,0.3684210526315789,,noLYM,83.0,0.7064144736842105
dinov2b_frozen,4,fair,overall,mid,,29,0.2413793103448276,,noLYM,96.0,0.773031394750386
dinov2b_frozen,4,fair,overall,dark,,7,0.14285714285714285,,noLYM,71.0,0.5200892857142857
dinov2b_frozen,5,source,stratum,light,KC,14,1.0,0.7712053571428572,,,
dinov2b_frozen,5,source,stratum,light,MEL,3,1.0,0.5885416666666666,,,
dinov2b_frozen,5,source,stratum,light,LYM,1,1.0,0.53125,,,
dinov2b_frozen,5,source,stratum,light,OTH,2,1.0,0.7890625,,,
dinov2b_frozen,5,source,stratum,mid,KC,26,0.9615384615384616,0.7141216991963261,,,
dinov2b_frozen,5,source,stratum,mid,MEL,3,1.0,0.46766169154228854,,,
dinov2b_frozen,5,source,stratum,mid,LYM,1,1.0,0.791044776119403,,,
dinov2b_frozen,5,source,stratum,dark,KC,3,1.0,0.734375,,,
dinov2b_frozen,5,source,stratum,dark,MEL,5,0.6,0.47187500000000004,,,
dinov2b_frozen,5,source,stratum,dark,LYM,10,0.7,0.4546875,,,
dinov2b_frozen,5,source,stratum,dark,OTH,1,1.0,0.53125,,,
dinov2b_frozen,5,source,overall,light,,20,1.0,,all,84.0,0.7335937499999999
dinov2b_frozen,5,source,overall,mid,,30,0.9666666666666667,,all,97.0,0.6920398009950249
dinov2b_frozen,5,source,overall,dark,,19,0.7368421052631579,,all,83.0,0.5074013157894737
dinov2b_frozen,5,source,overall,light,,19,1.0,,noLYM,83.0,0.7442434210526316
dinov2b_frozen,5,source,overall,mid,,29,0.9655172413793104,,noLYM,96.0,0.6886258363355635
dinov2b_frozen,5,source,overall,dark,,9,0.7777777777777778,,noLYM,73.0,0.5659722222222222
dinov2b_frozen,5,simple,stratum,light,KC,14,0.14285714285714285,0.671875,,,
dinov2b_frozen,5,simple,stratum,light,MEL,3,0.0,0.6510416666666667,,,
dinov2b_frozen,5,simple,stratum,light,LYM,1,0.0,0.453125,,,
dinov2b_frozen,5,simple,stratum,light,OTH,2,0.0,0.1796875,,,
dinov2b_frozen,5,simple,stratum,mid,KC,26,0.19230769230769232,0.7250287026406429,,,
dinov2b_frozen,5,simple,stratum,mid,MEL,3,0.0,0.18407960199004972,,,
dinov2b_frozen,5,simple,stratum,mid,LYM,1,1.0,1.0,,,
dinov2b_frozen,5,simple,stratum,dark,KC,3,0.0,0.421875,,,
dinov2b_frozen,5,simple,stratum,dark,MEL,5,0.0,0.6687500000000001,,,
dinov2b_frozen,5,simple,stratum,dark,LYM,10,0.5,0.909375,,,
dinov2b_frozen,5,simple,stratum,dark,OTH,1,0.0,0.5625,,,
dinov2b_frozen,5,simple,overall,light,,20,0.1,,all,84.0,0.60859375
dinov2b_frozen,5,simple,overall,mid,,30,0.2,,all,97.0,0.680099502487562
dinov2b_frozen,5,simple,overall,dark,,19,0.2631578947368421,,all,83.0,0.7508223684210527
dinov2b_frozen,5,simple,overall,light,,19,0.10526315789473684,,noLYM,83.0,0.6167763157894737
dinov2b_frozen,5,simple,overall,mid,,29,0.1724137931034483,,noLYM,96.0,0.6690684508492023
dinov2b_frozen,5,simple,overall,dark,,9,0.0,,noLYM,73.0,0.5746527777777778
dinov2b_frozen,5,fair,stratum,light,KC,14,0.2857142857142857,0.7020089285714286,,,
dinov2b_frozen,5,fair,stratum,light,MEL,3,0.0,0.7760416666666666,,,
dinov2b_frozen,5,fair,stratum,light,LYM,1,0.0,0.390625,,,
dinov2b_frozen,5,fair,stratum,light,OTH,2,0.0,0.234375,,,
dinov2b_frozen,5,fair,stratum,mid,KC,26,0.2692307692307692,0.7663605051664754,,,
dinov2b_frozen,5,fair,stratum,mid,MEL,3,0.0,0.14427860696517414,,,
dinov2b_frozen,5,fair,stratum,mid,LYM,1,1.0,0.9850746268656716,,,
dinov2b_frozen,5,fair,stratum,dark,KC,3,0.0,0.46875,,,
dinov2b_frozen,5,fair,stratum,dark,MEL,5,0.0,0.63125,,,
dinov2b_frozen,5,fair,stratum,dark,LYM,10,0.8,0.9312499999999999,,,
dinov2b_frozen,5,fair,stratum,dark,OTH,1,0.0,0.75,,,
dinov2b_frozen,5,fair,overall,light,,20,0.2,,all,84.0,0.65078125
dinov2b_frozen,5,fair,overall,mid,,30,0.26666666666666666,,all,97.0,0.7114427860696516
dinov2b_frozen,5,fair,overall,dark,,19,0.42105263157894735,,all,83.0,0.7697368421052632
dinov2b_frozen,5,fair,overall,light,,19,0.21052631578947367,,noLYM,83.0,0.6644736842105262
dinov2b_frozen,5,fair,overall,mid,,29,0.2413793103448276,,noLYM,96.0,0.7020072053525477
dinov2b_frozen,5,fair,overall,dark,,9,0.0,,noLYM,73.0,0.5902777777777778
dinov2b_frozen,6,source,stratum,light,KC,16,1.0,0.6923828125,,,
dinov2b_frozen,6,source,stratum,light,MEL,2,1.0,0.34375,,,
dinov2b_frozen,6,source,stratum,light,LYM,1,1.0,0.625,,,
dinov2b_frozen,6,source,stratum,light,OTH,1,1.0,0.765625,,,
dinov2b_frozen,6,source,stratum,mid,KC,23,0.9565217391304348,0.6963011031797535,,,
dinov2b_frozen,6,source,stratum,mid,MEL,3,1.0,0.9303482587064676,,,
dinov2b_frozen,6,source,stratum,mid,LYM,3,0.3333333333333333,0.3084577114427861,,,
dinov2b_frozen,6,source,stratum,mid,OTH,1,0.0,0.10447761194029848,,,
dinov2b_frozen,6,source,stratum,dark,KC,2,1.0,0.8515625,,,
dinov2b_frozen,6,source,stratum,dark,MEL,5,0.4,0.375,,,
dinov2b_frozen,6,source,stratum,dark,LYM,11,0.5454545454545454,0.41761363636363635,,,
dinov2b_frozen,6,source,stratum,dark,OTH,1,1.0,0.921875,,,
dinov2b_frozen,6,source,overall,light,,20,1.0,,all,84.0,0.6578125
dinov2b_frozen,6,source,overall,mid,,30,0.8666666666666667,,all,97.0,0.6611940298507463
dinov2b_frozen,6,source,overall,dark,,19,0.5789473684210527,,all,83.0,0.4786184210526315
dinov2b_frozen,6,source,overall,light,,19,1.0,,noLYM,83.0,0.6595394736842105
dinov2b_frozen,6,source,overall,mid,,27,0.9259259259259259,,noLYM,94.0,0.7003869541182973
dinov2b_frozen,6,source,overall,dark,,8,0.625,,noLYM,72.0,0.5625
dinov2b_frozen,6,simple,stratum,light,KC,16,0.125,0.6806640625,,,
dinov2b_frozen,6,simple,stratum,light,MEL,2,0.0,0.40625,,,
dinov2b_frozen,6,simple,stratum,light,LYM,1,0.0,0.484375,,,
dinov2b_frozen,6,simple,stratum,light,OTH,1,0.0,0.375,,,
dinov2b_frozen,6,simple,stratum,mid,KC,23,0.2608695652173913,0.7598961713173265,,,
dinov2b_frozen,6,simple,stratum,mid,MEL,3,0.3333333333333333,0.6666666666666666,,,
dinov2b_frozen,6,simple,stratum,mid,LYM,3,0.0,0.8557213930348259,,,
dinov2b_frozen,6,simple,stratum,mid,OTH,1,0.0,0.9402985074626866,,,
dinov2b_frozen,6,simple,stratum,dark,KC,2,1.0,0.96875,,,
dinov2b_frozen,6,simple,stratum,dark,MEL,5,0.0,0.4875,,,
dinov2b_frozen,6,simple,stratum,dark,LYM,11,0.2727272727272727,0.7883522727272727,,,
dinov2b_frozen,6,simple,stratum,dark,OTH,1,1.0,1.0,,,
dinov2b_frozen,6,simple,overall,light,,20,0.1,,all,84.0,0.628125
dinov2b_frozen,6,simple,overall,mid,,30,0.23333333333333334,,all,97.0,0.7661691542288557
dinov2b_frozen,6,simple,overall,dark,,19,0.3157894736842105,,all,83.0,0.7393092105263157
dinov2b_frozen,6,simple,overall,light,,19,0.10526315789473684,,noLYM,83.0,0.6356907894736842
dinov2b_frozen,6,simple,overall,mid,,27,0.25925925925925924,,noLYM,94.0,0.7562189054726368
dinov2b_frozen,6,simple,overall,dark,,8,0.375,,noLYM,72.0,0.671875
dinov2b_frozen,6,fair,stratum,light,KC,16,0.3125,0.6943359375,,,
dinov2b_frozen,6,fair,stratum,light,MEL,2,0.5,0.5625,,,
dinov2b_frozen,6,fair,stratum,light,LYM,1,0.0,0.546875,,,
dinov2b_frozen,6,fair,stratum,light,OTH,1,0.0,0.546875,,,
dinov2b_frozen,6,fair,stratum,mid,KC,23,0.43478260869565216,0.8170019467878002,,,
dinov2b_frozen,6,fair,stratum,mid,MEL,3,0.3333333333333333,0.5870646766169154,,,
dinov2b_frozen,6,fair,stratum,mid,LYM,3,0.0,0.8159203980099503,,,
dinov2b_frozen,6,fair,stratum,mid,OTH,1,1.0,0.9850746268656716,,,
dinov2b_frozen,6,fair,stratum,dark,KC,2,1.0,0.984375,,,
dinov2b_frozen,6,fair,stratum,dark,MEL,5,0.0,0.525,,,
dinov2b_frozen,6,fair,stratum,dark,LYM,11,0.5454545454545454,0.828125,,,
dinov2b_frozen,6,fair,stratum,dark,OTH,1,1.0,0.984375,,,
dinov2b_frozen,6,fair,overall,light,,20,0.3,,all,84.0,0.66640625
dinov2b_frozen,6,fair,overall,mid,,30,0.4,,all,97.0,0.799502487562189
dinov2b_frozen,6,fair,overall,dark,,19,0.47368421052631576,,all,83.0,0.7730263157894737
dinov2b_frozen,6,fair,overall,light,,19,0.3157894736842105,,noLYM,83.0,0.6726973684210527
dinov2b_frozen,6,fair,overall,mid,,27,0.4444444444444444,,noLYM,94.0,0.7976782752902156
dinov2b_frozen,6,fair,overall,dark,,8,0.375,,noLYM,72.0,0.697265625
dinov2b_frozen,7,source,stratum,light,KC,12,1.0,0.7786458333333334,,,
dinov2b_frozen,7,source,stratum,light,MEL,4,1.0,0.58203125,,,
dinov2b_frozen,7,source,stratum,light,LYM,2,0.5,0.3203125,,,
dinov2b_frozen,7,source,stratum,light,OTH,2,0.5,0.46875,,,
dinov2b_frozen,7,source,stratum,mid,KC,20,1.0,0.755223880597015,,,
dinov2b_frozen,7,source,stratum,mid,MEL,4,0.5,0.6231343283582089,,,
dinov2b_frozen,7,source,stratum,mid,LYM,4,0.5,0.41044776119402987,,,
dinov2b_frozen,7,source,stratum,mid,OTH,2,1.0,0.4253731343283582,,,
dinov2b_frozen,7,source,stratum,dark,KC,3,1.0,0.7447916666666666,,,
dinov2b_frozen,7,source,stratum,dark,MEL,4,0.25,0.34375,,,
dinov2b_frozen,7,source,stratum,dark,LYM,11,0.6363636363636364,0.4872159090909091,,,
dinov2b_frozen,7,source,stratum,dark,OTH,1,1.0,0.53125,,,
dinov2b_frozen,7,source,overall,light,,20,0.9,,all,84.0,0.6625000000000001
dinov2b_frozen,7,source,overall,mid,,30,0.8666666666666667,,all,97.0,0.6696517412935323
dinov2b_frozen,7,source,overall,dark,,19,0.631578947368421,,all,83.0,0.5
dinov2b_frozen,7,source,overall,light,,18,0.9444444444444444,,noLYM,82.0,0.7005208333333334
dinov2b_frozen,7,source,overall,mid,,26,0.9230769230769231,,noLYM,93.0,0.7095292766934558
dinov2b_frozen,7,source,overall,dark,,8,0.625,,noLYM,72.0,0.517578125
dinov2b_frozen,7,simple,stratum,light,KC,12,0.5,0.8671875,,,
dinov2b_frozen,7,simple,stratum,light,MEL,4,0.0,0.4609375,,,
dinov2b_frozen,7,simple,stratum,light,LYM,2,0.5,0.734375,,,
dinov2b_frozen,7,simple,stratum,light,OTH,2,0.0,0.6875,,,
dinov2b_frozen,7,simple,stratum,mid,KC,20,0.25,0.6970149253731343,,,
dinov2b_frozen,7,simple,stratum,mid,MEL,4,0.25,0.47388059701492535,,,
dinov2b_frozen,7,simple,stratum,mid,LYM,4,0.25,0.9440298507462687,,,
dinov2b_frozen,7,simple,stratum,mid,OTH,2,0.0,0.8283582089552238,,,
dinov2b_frozen,7,simple,stratum,dark,KC,3,0.3333333333333333,0.921875,,,
dinov2b_frozen,7,simple,stratum,dark,MEL,4,0.0,0.62109375,,,
dinov2b_frozen,7,simple,stratum,dark,LYM,11,0.36363636363636365,0.8480113636363636,,,
dinov2b_frozen,7,simple,stratum,dark,OTH,1,0.0,0.65625,,,
dinov2b_frozen,7,simple,overall,light,,20,0.35,,all,84.0,0.7546875
dinov2b_frozen,7,simple,overall,mid,,30,0.23333333333333334,,all,97.0,0.7089552238805971
dinov2b_frozen,7,simple,overall,dark,,19,0.2631578947368421,,all,83.0,0.8018092105263158
dinov2b_frozen,7,simple,overall,light,,18,0.3333333333333333,,noLYM,82.0,0.7569444444444445
dinov2b_frozen,7,simple,overall,mid,,26,0.23076923076923078,,noLYM,93.0,0.6727898966704936
dinov2b_frozen,7,simple,overall,dark,,8,0.125,,noLYM,72.0,0.73828125
dinov2b_frozen,7,fair,stratum,light,KC,12,0.6666666666666666,0.8880208333333334,,,
dinov2b_frozen,7,fair,stratum,light,MEL,4,0.0,0.5078125,,,
dinov2b_frozen,7,fair,stratum,light,LYM,2,0.5,0.6796875,,,
dinov2b_frozen,7,fair,stratum,light,OTH,2,0.5,0.6796875,,,
dinov2b_frozen,7,fair,stratum,mid,KC,20,0.45,0.753731343283582,,,
dinov2b_frozen,7,fair,stratum,mid,MEL,4,0.0,0.3880597014925373,,,
dinov2b_frozen,7,fair,stratum,mid,LYM,4,0.25,0.9477611940298508,,,
dinov2b_frozen,7,fair,stratum,mid,OTH,2,0.0,0.8059701492537312,,,
dinov2b_frozen,7,fair,stratum,dark,KC,3,0.3333333333333333,0.9010416666666666,,,
dinov2b_frozen,7,fair,stratum,dark,MEL,4,0.0,0.6875,,,
dinov2b_frozen,7,fair,stratum,dark,LYM,11,0.6363636363636364,0.9261363636363636,,,
dinov2b_frozen,7,fair,stratum,dark,OTH,1,0.0,0.6875,,,
dinov2b_frozen,7,fair,overall,light,,20,0.5,,all,84.0,0.7703125000000001
dinov2b_frozen,7,fair,overall,mid,,30,0.3333333333333333,,all,97.0,0.7343283582089553
dinov2b_frozen,7,fair,overall,dark,,19,0.42105263157894735,,all,83.0,0.859375
dinov2b_frozen,7,fair,overall,light,,18,0.5,,noLYM,82.0,0.7803819444444444
dinov2b_frozen,7,fair,overall,mid,,26,0.34615384615384615,,noLYM,93.0,0.7014925373134329
dinov2b_frozen,7,fair,overall,dark,,8,0.125,,noLYM,72.0,0.767578125
dinov2b_frozen,8,source,stratum,light,KC,14,1.0,0.7410714285714286,,,
dinov2b_frozen,8,source,stratum,light,MEL,2,1.0,0.78125,,,
dinov2b_frozen,8,source,stratum,light,LYM,1,1.0,0.53125,,,
dinov2b_frozen,8,source,stratum,light,OTH,3,0.3333333333333333,0.35416666666666663,,,
dinov2b_frozen,8,source,stratum,mid,KC,26,0.9230769230769231,0.6061997703788748,,,
dinov2b_frozen,8,source,stratum,mid,MEL,2,0.5,0.5671641791044776,,,
dinov2b_frozen,8,source,stratum,mid,LYM,2,0.5,0.32089552238805974,,,
dinov2b_frozen,8,source,stratum,dark,KC,4,0.5,0.41015625,,,
dinov2b_frozen,8,source,stratum,dark,MEL,3,0.3333333333333333,0.3802083333333333,,,
dinov2b_frozen,8,source,stratum,dark,LYM,10,0.6,0.471875,,,
dinov2b_frozen,8,source,stratum,dark,OTH,2,1.0,0.875,,,
dinov2b_frozen,8,source,overall,light,,20,0.9,,all,84.0,0.6765625
dinov2b_frozen,8,source,overall,mid,,30,0.8666666666666667,,all,97.0,0.5845771144278606
dinov2b_frozen,8,source,overall,dark,,19,0.5789473684210527,,all,83.0,0.48684210526315785
dinov2b_frozen,8,source,overall,light,,19,0.8947368421052632,,noLYM,83.0,0.6842105263157895
dinov2b_frozen,8,source,overall,mid,,28,0.8928571428571429,,noLYM,95.0,0.603411513859275
dinov2b_frozen,8,source,overall,dark,,9,0.5555555555555556,,noLYM,73.0,0.5034722222222222
dinov2b_frozen,8,simple,stratum,light,KC,14,0.14285714285714285,0.6517857142857143,,,
dinov2b_frozen,8,simple,stratum,light,MEL,2,0.5,0.875,,,
dinov2b_frozen,8,simple,stratum,light,LYM,1,0.0,0.6875,,,
dinov2b_frozen,8,simple,stratum,light,OTH,3,0.0,0.5937499999999999,,,
dinov2b_frozen,8,simple,stratum,mid,KC,26,0.11538461538461539,0.6624569460390356,,,
dinov2b_frozen,8,simple,stratum,mid,MEL,2,0.5,0.5298507462686567,,,
dinov2b_frozen,8,simple,stratum,mid,LYM,2,0.0,0.582089552238806,,,
dinov2b_frozen,8,simple,stratum,dark,KC,4,0.25,0.64453125,,,
dinov2b_frozen,8,simple,stratum,dark,MEL,3,0.0,0.609375,,,
dinov2b_frozen,8,simple,stratum,dark,LYM,10,0.3,0.76875,,,
dinov2b_frozen,8,simple,stratum,dark,OTH,2,0.0,0.859375,,,
dinov2b_frozen,8,simple,overall,light,,20,0.15,,all,84.0,0.6671875
dinov2b_frozen,8,simple,overall,mid,,30,0.13333333333333333,,all,97.0,0.6482587064676617
dinov2b_frozen,8,simple,overall,dark,,19,0.21052631578947367,,all,83.0,0.7269736842105262
dinov2b_frozen,8,simple,overall,light,,19,0.15789473684210525,,noLYM,83.0,0.6661184210526315
dinov2b_frozen,8,simple,overall,mid,,28,0.14285714285714285,,noLYM,95.0,0.6529850746268657
dinov2b_frozen,8,simple,overall,dark,,9,0.1111111111111111,,noLYM,73.0,0.6805555555555555
dinov2b_frozen,8,fair,stratum,light,KC,14,0.2857142857142857,0.6941964285714286,,,
dinov2b_frozen,8,fair,stratum,light,MEL,2,0.5,0.9296875,,,
dinov2b_frozen,8,fair,stratum,light,LYM,1,0.0,0.328125,,,
dinov2b_frozen,8,fair,stratum,light,OTH,3,0.3333333333333333,0.5677083333333334,,,
dinov2b_frozen,8,fair,stratum,mid,KC,26,0.23076923076923078,0.7411021814006888,,,
dinov2b_frozen,8,fair,stratum,mid,MEL,2,0.5,0.5223880597014925,,,
dinov2b_frozen,8,fair,stratum,mid,LYM,2,0.0,0.7313432835820897,,,
dinov2b_frozen,8,fair,stratum,dark,KC,4,0.25,0.62890625,,,
dinov2b_frozen,8,fair,stratum,dark,MEL,3,0.3333333333333333,0.625,,,
dinov2b_frozen,8,fair,stratum,dark,LYM,10,0.6,0.825,,,
dinov2b_frozen,8,fair,stratum,dark,OTH,2,0.5,0.875,,,
dinov2b_frozen,8,fair,overall,light,,20,0.3,,all,84.0,0.68046875
dinov2b_frozen,8,fair,overall,mid,,30,0.23333333333333334,,all,97.0,0.7258706467661692
dinov2b_frozen,8,fair,overall,dark,,19,0.47368421052631576,,all,83.0,0.7574013157894737
dinov2b_frozen,8,fair,overall,light,,19,0.3157894736842105,,noLYM,83.0,0.6990131578947367
dinov2b_frozen,8,fair,overall,mid,,28,0.25,,noLYM,95.0,0.7254797441364605
dinov2b_frozen,8,fair,overall,dark,,9,0.3333333333333333,,noLYM,73.0,0.6822916666666666
dinov2b_frozen,9,source,stratum,light,KC,16,1.0,0.7998046875,,,
dinov2b_frozen,9,source,stratum,light,MEL,1,1.0,0.796875,,,
dinov2b_frozen,9,source,stratum,light,LYM,1,0.0,0.03125,,,
dinov2b_frozen,9,source,stratum,light,OTH,2,1.0,0.8828125,,,
dinov2b_frozen,9,source,stratum,mid,KC,23,0.9565217391304348,0.7397793640493187,,,
dinov2b_frozen,9,source,stratum,mid,MEL,4,0.5,0.6082089552238806,,,
dinov2b_frozen,9,source,stratum,mid,LYM,2,0.5,0.47761194029850745,,,
dinov2b_frozen,9,source,stratum,mid,OTH,1,0.0,0.08955223880597019,,,
dinov2b_frozen,9,source,stratum,dark,KC,2,1.0,0.6796875,,,
dinov2b_frozen,9,source,stratum,dark,MEL,5,0.4,0.36562500000000003,,,
dinov2b_frozen,9,source,stratum,dark,LYM,9,0.5555555555555556,0.5260416666666666,,,
dinov2b_frozen,9,source,stratum,dark,OTH,3,1.0,0.6822916666666666,,,
dinov2b_frozen,9,source,overall,light,,20,0.95,,all,84.0,0.76953125
dinov2b_frozen,9,source,overall,mid,,30,0.8333333333333334,,all,97.0,0.6830845771144278
dinov2b_frozen,9,source,overall,dark,,19,0.631578947368421,,all,83.0,0.524671052631579
dinov2b_frozen,9,source,overall,light,,19,1.0,,noLYM,83.0,0.8083881578947368
dinov2b_frozen,9,source,overall,mid,,28,0.8571428571428571,,noLYM,95.0,0.6977611940298507
dinov2b_frozen,9,source,overall,dark,,10,0.7,,noLYM,74.0,0.5234375
dinov2b_frozen,9,simple,stratum,light,KC,16,0.25,0.6630859375,,,
dinov2b_frozen,9,simple,stratum,light,MEL,1,1.0,0.96875,,,
dinov2b_frozen,9,simple,stratum,light,LYM,1,1.0,0.984375,,,
dinov2b_frozen,9,simple,stratum,light,OTH,2,0.0,0.1875,,,
dinov2b_frozen,9,simple,stratum,mid,KC,23,0.2608695652173913,0.7235561323815705,,,
dinov2b_frozen,9,simple,stratum,mid,MEL,4,0.0,0.3843283582089553,,,
dinov2b_frozen,9,simple,stratum,mid,LYM,2,0.0,0.8582089552238806,,,
dinov2b_frozen,9,simple,stratum,mid,OTH,1,1.0,0.9701492537313433,,,
dinov2b_frozen,9,simple,stratum,dark,KC,2,0.0,0.3984375,,,
dinov2b_frozen,9,simple,stratum,dark,MEL,5,0.0,0.665625,,,
dinov2b_frozen,9,simple,stratum,dark,LYM,9,0.3333333333333333,0.7934027777777777,,,
dinov2b_frozen,9,simple,stratum,dark,OTH,3,0.3333333333333333,0.78125,,,
dinov2b_frozen,9,simple,overall,light,,20,0.3,,all,84.0,0.6468749999999999
dinov2b_frozen,9,simple,overall,mid,,30,0.23333333333333334,,all,97.0,0.6955223880597015
dinov2b_frozen,9,simple,overall,dark,,19,0.21052631578947367,,all,83.0,0.716282894736842
dinov2b_frozen,9,simple,overall,light,,19,0.2631578947368421,,noLYM,83.0,0.6291118421052632
dinov2b_frozen,9,simple,overall,mid,,28,0.25,,noLYM,95.0,0.6839019189765458
dinov2b_frozen,9,simple,overall,dark,,10,0.1,,noLYM,74.0,0.646875
dinov2b_frozen,9,fair,stratum,light,KC,16,0.3125,0.7265625,,,
dinov2b_frozen,9,fair,stratum,light,MEL,1,1.0,0.953125,,,
dinov2b_frozen,9,fair,stratum,light,LYM,1,1.0,0.96875,,,
dinov2b_frozen,9,fair,stratum,light,OTH,2,0.0,0.2265625,,,
dinov2b_frozen,9,fair,stratum,mid,KC,23,0.30434782608695654,0.8150551589876703,,,
dinov2b_frozen,9,fair,stratum,mid,MEL,4,0.0,0.4029850746268657,,,
dinov2b_frozen,9,fair,stratum,mid,LYM,2,0.0,0.8283582089552239,,,
dinov2b_frozen,9,fair,stratum,mid,OTH,1,1.0,1.0,,,
dinov2b_frozen,9,fair,stratum,dark,KC,2,0.5,0.484375,,,
dinov2b_frozen,9,fair,stratum,dark,MEL,5,0.0,0.66875,,,
dinov2b_frozen,9,fair,stratum,dark,LYM,9,0.3333333333333333,0.8107638888888888,,,
dinov2b_frozen,9,fair,stratum,dark,OTH,3,0.6666666666666666,0.875,,,
dinov2b_frozen,9,fair,overall,light,,20,0.35,,all,84.0,0.7
dinov2b_frozen,9,fair,overall,mid,,30,0.26666666666666666,,all,97.0,0.7671641791044777
dinov2b_frozen,9,fair,overall,dark,,19,0.3157894736842105,,all,83.0,0.7491776315789473
dinov2b_frozen,9,fair,overall,light,,19,0.3157894736842105,,noLYM,83.0,0.6858552631578947
dinov2b_frozen,9,fair,overall,mid,,28,0.2857142857142857,,noLYM,95.0,0.7627931769722814
dinov2b_frozen,9,fair,overall,dark,,10,0.3,,noLYM,74.0,0.6937500000000001
dinov2b_frozen,10,source,stratum,light,KC,16,1.0,0.748046875,,,
dinov2b_frozen,10,source,stratum,light,MEL,2,1.0,0.3125,,,
dinov2b_frozen,10,source,stratum,light,LYM,1,0.0,0.015625,,,
dinov2b_frozen,10,source,stratum,light,OTH,1,1.0,0.71875,,,
dinov2b_frozen,10,source,stratum,mid,KC,21,0.8095238095238095,0.6247334754797441,,,
dinov2b_frozen,10,source,stratum,mid,MEL,3,0.6666666666666666,0.626865671641791,,,
dinov2b_frozen,10,source,stratum,mid,LYM,3,0.6666666666666666,0.5422885572139303,,,
dinov2b_frozen,10,source,stratum,mid,OTH,3,0.6666666666666666,0.30845771144278605,,,
dinov2b_frozen,10,source,stratum,dark,KC,5,0.6,0.55625,,,
dinov2b_frozen,10,source,stratum,dark,MEL,2,0.0,0.2265625,,,
dinov2b_frozen,10,source,stratum,dark,LYM,11,0.6363636363636364,0.49431818181818177,,,
dinov2b_frozen,10,source,stratum,dark,OTH,1,1.0,0.71875,,,
dinov2b_frozen,10,source,overall,light,,20,0.95,,all,84.0,0.66640625
dinov2b_frozen,10,source,overall,mid,,30,0.7666666666666667,,all,97.0,0.5850746268656717
dinov2b_frozen,10,source,overall,dark,,19,0.5789473684210527,,all,83.0,0.4942434210526316
dinov2b_frozen,10,source,overall,light,,19,1.0,,noLYM,83.0,0.700657894736842
dinov2b_frozen,10,source,overall,mid,,27,0.7777777777777778,,noLYM,94.0,0.589828634604754
dinov2b_frozen,10,source,overall,dark,,8,0.5,,noLYM,72.0,0.494140625
dinov2b_frozen,10,simple,stratum,light,KC,16,0.1875,0.720703125,,,
dinov2b_frozen,10,simple,stratum,light,MEL,2,0.0,0.4921875,,,
dinov2b_frozen,10,simple,stratum,light,LYM,1,1.0,0.953125,,,
dinov2b_frozen,10,simple,stratum,light,OTH,1,0.0,0.15625,,,
dinov2b_frozen,10,simple,stratum,mid,KC,21,0.42857142857142855,0.7157071783937455,,,
dinov2b_frozen,10,simple,stratum,mid,MEL,3,0.3333333333333333,0.8258706467661691,,,
dinov2b_frozen,10,simple,stratum,mid,LYM,3,0.3333333333333333,0.8955223880597015,,,
dinov2b_frozen,10,simple,stratum,mid,OTH,3,0.0,0.7611940298507462,,,
dinov2b_frozen,10,simple,stratum,dark,KC,5,0.6,0.7968750000000001,,,
dinov2b_frozen,10,simple,stratum,dark,MEL,2,0.0,0.515625,,,
dinov2b_frozen,10,simple,stratum,dark,LYM,11,0.36363636363636365,0.8224431818181818,,,
dinov2b_frozen,10,simple,stratum,dark,OTH,1,1.0,0.984375,,,
dinov2b_frozen,10,simple,overall,light,,20,0.2,,all,84.0,0.6812499999999999
dinov2b_frozen,10,simple,overall,mid,,30,0.36666666666666664,,all,97.0,0.7492537313432835
dinov2b_frozen,10,simple,overall,dark,,19,0.42105263157894735,,all,83.0,0.7919407894736842
dinov2b_frozen,10,simple,overall,light,,19,0.15789473684210525,,noLYM,83.0,0.6669407894736843
dinov2b_frozen,10,simple,overall,mid,,27,0.37037037037037035,,noLYM,94.0,0.7330016583747926
dinov2b_frozen,10,simple,overall,dark,,8,0.5,,noLYM,72.0,0.75
dinov2b_frozen,10,fair,stratum,light,KC,16,0.4375,0.744140625,,,
dinov2b_frozen,10,fair,stratum,light,MEL,2,0.0,0.5234375,,,
dinov2b_frozen,10,fair,stratum,light,LYM,1,1.0,0.859375,,,
dinov2b_frozen,10,fair,stratum,light,OTH,1,0.0,0.265625,,,
dinov2b_frozen,10,fair,stratum,mid,KC,21,0.47619047619047616,0.7675906183368869,,,
dinov2b_frozen,10,fair,stratum,mid,MEL,3,0.3333333333333333,0.6716417910447761,,,
dinov2b_frozen,10,fair,stratum,mid,LYM,3,0.3333333333333333,0.8557213930348258,,,
dinov2b_frozen,10,fair,stratum,mid,OTH,3,0.3333333333333333,0.791044776119403,,,
dinov2b_frozen,10,fair,stratum,dark,KC,5,0.8,0.8,,,
dinov2b_frozen,10,fair,stratum,dark,MEL,2,0.0,0.65625,,,
dinov2b_frozen,10,fair,stratum,dark,LYM,11,0.5454545454545454,0.8678977272727273,,,
dinov2b_frozen,10,fair,stratum,dark,OTH,1,1.0,1.0,,,
dinov2b_frozen,10,fair,overall,light,,20,0.4,,all,84.0,0.7039062500000001
dinov2b_frozen,10,fair,overall,mid,,30,0.43333333333333335,,all,97.0,0.7691542288557215
dinov2b_frozen,10,fair,overall,dark,,19,0.5789473684210527,,all,83.0,0.834703947368421
dinov2b_frozen,10,fair,overall,light,,19,0.3684210526315789,,noLYM,83.0,0.6957236842105263
dinov2b_frozen,10,fair,overall,mid,,27,0.4444444444444444,,noLYM,94.0,0.7595356550580431
dinov2b_frozen,10,fair,overall,dark,,8,0.625,,noLYM,72.0,0.7890625
dinov2b_frozen,11,source,stratum,light,KC,15,0.9333333333333333,0.728125,,,
dinov2b_frozen,11,source,stratum,light,MEL,2,1.0,0.46875,,,
dinov2b_frozen,11,source,stratum,light,LYM,1,0.0,0.234375,,,
dinov2b_frozen,11,source,stratum,light,OTH,2,0.5,0.515625,,,
dinov2b_frozen,11,source,stratum,mid,KC,21,1.0,0.7590618336886994,,,
dinov2b_frozen,11,source,stratum,mid,MEL,4,0.75,0.7052238805970149,,,
dinov2b_frozen,11,source,stratum,mid,LYM,2,0.0,0.18656716417910446,,,
dinov2b_frozen,11,source,stratum,mid,OTH,3,0.6666666666666666,0.33830845771144274,,,
dinov2b_frozen,11,source,stratum,dark,KC,4,0.75,0.5859375,,,
dinov2b_frozen,11,source,stratum,dark,MEL,4,0.25,0.3359375,,,
dinov2b_frozen,11,source,stratum,dark,LYM,10,0.5,0.5171875,,,
dinov2b_frozen,11,source,stratum,dark,OTH,1,1.0,0.828125,,,
dinov2b_frozen,11,source,overall,light,,20,0.85,,all,84.0,0.65625
dinov2b_frozen,11,source,overall,mid,,30,0.8666666666666667,,all,97.0,0.6716417910447761
dinov2b_frozen,11,source,overall,dark,,19,0.5263157894736842,,all,83.0,0.5098684210526316
dinov2b_frozen,11,source,overall,light,,19,0.8947368421052632,,noLYM,83.0,0.678453947368421
dinov2b_frozen,11,source,overall,mid,,28,0.9285714285714286,,noLYM,95.0,0.7062899786780384
dinov2b_frozen,11,source,overall,dark,,9,0.5555555555555556,,noLYM,73.0,0.5017361111111112
dinov2b_frozen,11,simple,stratum,light,KC,15,0.26666666666666666,0.6552083333333334,,,
dinov2b_frozen,11,simple,stratum,light,MEL,2,0.0,0.34375,,,
dinov2b_frozen,11,simple,stratum,light,LYM,1,0.0,0.671875,,,
dinov2b_frozen,11,simple,stratum,light,OTH,2,0.5,0.4765625,,,
dinov2b_frozen,11,simple,stratum,mid,KC,21,0.09523809523809523,0.6901208244491827,,,
dinov2b_frozen,11,simple,stratum,mid,MEL,4,0.25,0.753731343283582,,,
dinov2b_frozen,11,simple,stratum,mid,LYM,2,0.0,0.7388059701492536,,,
dinov2b_frozen,11,simple,stratum,mid,OTH,3,0.0,0.7213930348258706,,,
dinov2b_frozen,11,simple,stratum,dark,KC,4,0.25,0.72265625,,,
dinov2b_frozen,11,simple,stratum,dark,MEL,4,0.0,0.52734375,,,
dinov2b_frozen,11,simple,stratum,dark,LYM,10,0.2,0.8109375,,,
dinov2b_frozen,11,simple,stratum,dark,OTH,1,1.0,1.0,,,
dinov2b_frozen,11,simple,overall,light,,20,0.25,,all,84.0,0.6070312499999999
dinov2b_frozen,11,simple,overall,mid,,30,0.1,,all,97.0,0.7049751243781095
dinov2b_frozen,11,simple,overall,dark,,19,0.21052631578947367,,all,83.0,0.7425986842105263
dinov2b_frozen,11,simple,overall,light,,19,0.2631578947368421,,noLYM,83.0,0.6036184210526315
dinov2b_frozen,11,simple,overall,mid,,28,0.10714285714285714,,noLYM,95.0,0.7025586353944563
dinov2b_frozen,11,simple,overall,dark,,9,0.2222222222222222,,noLYM,73.0,0.6666666666666666
dinov2b_frozen,11,fair,stratum,light,KC,15,0.3333333333333333,0.6427083333333333,,,
dinov2b_frozen,11,fair,stratum,light,MEL,2,0.0,0.359375,,,
dinov2b_frozen,11,fair,stratum,light,LYM,1,0.0,0.8125,,,
dinov2b_frozen,11,fair,stratum,light,OTH,2,0.0,0.390625,,,
dinov2b_frozen,11,fair,stratum,mid,KC,21,0.14285714285714285,0.7306325515280739,,,
dinov2b_frozen,11,fair,stratum,mid,MEL,4,0.25,0.7649253731343283,,,
dinov2b_frozen,11,fair,stratum,mid,LYM,2,0.0,0.835820895522388,,,
dinov2b_frozen,11,fair,stratum,mid,OTH,3,0.0,0.8407960199004976,,,
dinov2b_frozen,11,fair,stratum,dark,KC,4,0.5,0.7890625,,,
dinov2b_frozen,11,fair,stratum,dark,MEL,4,0.25,0.58984375,,,
dinov2b_frozen,11,fair,stratum,dark,LYM,10,0.4,0.8484375,,,
dinov2b_frozen,11,fair,stratum,dark,OTH,1,1.0,1.0,,,
dinov2b_frozen,11,fair,overall,light,,20,0.25,,all,84.0,0.59765625
dinov2b_frozen,11,fair,overall,mid,,30,0.13333333333333333,,all,97.0,0.7532338308457712
dinov2b_frozen,11,fair,overall,dark,,19,0.42105263157894735,,all,83.0,0.7894736842105263
dinov2b_frozen,11,fair,overall,light,,19,0.2631578947368421,,noLYM,83.0,0.5863486842105263
dinov2b_frozen,11,fair,overall,mid,,28,0.14285714285714285,,noLYM,95.0,0.7473347547974415
dinov2b_frozen,11,fair,overall,dark,,9,0.4444444444444444,,noLYM,73.0,0.7239583333333334
dinov2b_frozen,12,source,stratum,light,KC,14,1.0,0.7388392857142857,,,
dinov2b_frozen,12,source,stratum,light,MEL,3,1.0,0.7395833333333334,,,
dinov2b_frozen,12,source,stratum,light,LYM,1,1.0,0.203125,,,
dinov2b_frozen,12,source,stratum,light,OTH,2,1.0,0.84375,,,
dinov2b_frozen,12,source,stratum,mid,KC,24,0.9583333333333334,0.7655472636815921,,,
dinov2b_frozen,12,source,stratum,mid,MEL,1,0.0,0.28358208955223885,,,
dinov2b_frozen,12,source,stratum,mid,LYM,3,0.3333333333333333,0.3681592039800995,,,
dinov2b_frozen,12,source,stratum,mid,OTH,2,0.5,0.2611940298507463,,,
dinov2b_frozen,12,source,stratum,dark,KC,3,1.0,0.7604166666666667,,,
dinov2b_frozen,12,source,stratum,dark,MEL,3,0.6666666666666666,0.46875,,,
dinov2b_frozen,12,source,stratum,dark,LYM,12,0.5,0.421875,,,
dinov2b_frozen,12,source,stratum,dark,OTH,1,1.0,0.5,,,
dinov2b_frozen,12,source,overall,light,,20,1.0,,all,84.0,0.72265625
dinov2b_frozen,12,source,overall,mid,,30,0.8333333333333334,,all,97.0,0.6761194029850747
dinov2b_frozen,12,source,overall,dark,,19,0.631578947368421,,all,83.0,0.48684210526315785
dinov2b_frozen,12,source,overall,light,,19,1.0,,noLYM,83.0,0.75
dinov2b_frozen,12,source,overall,mid,,27,0.8888888888888888,,noLYM,94.0,0.7103372028745164
dinov2b_frozen,12,source,overall,dark,,7,0.8571428571428571,,noLYM,71.0,0.5982142857142857
dinov2b_frozen,12,simple,stratum,light,KC,14,0.14285714285714285,0.7879464285714286,,,
dinov2b_frozen,12,simple,stratum,light,MEL,3,0.3333333333333333,0.859375,,,
dinov2b_frozen,12,simple,stratum,light,LYM,1,0.0,0.84375,,,
dinov2b_frozen,12,simple,stratum,light,OTH,2,0.0,0.3828125,,,
dinov2b_frozen,12,simple,stratum,mid,KC,24,0.375,0.6946517412935324,,,
dinov2b_frozen,12,simple,stratum,mid,MEL,1,0.0,0.4925373134328358,,,
dinov2b_frozen,12,simple,stratum,mid,LYM,3,0.3333333333333333,0.6069651741293532,,,
dinov2b_frozen,12,simple,stratum,mid,OTH,2,0.0,0.708955223880597,,,
dinov2b_frozen,12,simple,stratum,dark,KC,3,0.3333333333333333,0.375,,,
dinov2b_frozen,12,simple,stratum,dark,MEL,3,0.0,0.5520833333333333,,,
dinov2b_frozen,12,simple,stratum,dark,LYM,12,0.08333333333333333,0.6888020833333333,,,
dinov2b_frozen,12,simple,stratum,dark,OTH,1,0.0,0.609375,,,
dinov2b_frozen,12,simple,overall,light,,20,0.15,,all,84.0,0.7609374999999999
dinov2b_frozen,12,simple,overall,mid,,30,0.3333333333333333,,all,97.0,0.6800995024875622
dinov2b_frozen,12,simple,overall,dark,,19,0.10526315789473684,,all,83.0,0.6134868421052632
dinov2b_frozen,12,simple,overall,light,,19,0.15789473684210525,,noLYM,83.0,0.756578947368421
dinov2b_frozen,12,simple,overall,mid,,27,0.3333333333333333,,noLYM,94.0,0.6882255389718076
dinov2b_frozen,12,simple,overall,dark,,7,0.14285714285714285,,noLYM,71.0,0.484375
dinov2b_frozen,12,fair,stratum,light,KC,14,0.2857142857142857,0.8113839285714286,,,
dinov2b_frozen,12,fair,stratum,light,MEL,3,0.3333333333333333,0.8385416666666666,,,
dinov2b_frozen,12,fair,stratum,light,LYM,1,0.0,0.90625,,,
dinov2b_frozen,12,fair,stratum,light,OTH,2,0.0,0.453125,,,
dinov2b_frozen,12,fair,stratum,mid,KC,24,0.4166666666666667,0.7325870646766168,,,
dinov2b_frozen,12,fair,stratum,mid,MEL,1,0.0,0.31343283582089554,,,
dinov2b_frozen,12,fair,stratum,mid,LYM,3,0.3333333333333333,0.6417910447761194,,,
dinov2b_frozen,12,fair,stratum,mid,OTH,2,0.5,0.7462686567164178,,,
dinov2b_frozen,12,fair,stratum,dark,KC,3,0.3333333333333333,0.4895833333333333,,,
dinov2b_frozen,12,fair,stratum,dark,MEL,3,0.0,0.6354166666666666,,,
dinov2b_frozen,12,fair,stratum,dark,LYM,12,0.25,0.79296875,,,
dinov2b_frozen,12,fair,stratum,dark,OTH,1,0.0,0.6875,,,
dinov2b_frozen,12,fair,overall,light,,20,0.25,,all,84.0,0.784375
dinov2b_frozen,12,fair,overall,mid,,30,0.4,,all,97.0,0.7104477611940299
dinov2b_frozen,12,fair,overall,dark,,19,0.21052631578947367,,all,83.0,0.7146381578947368
dinov2b_frozen,12,fair,overall,light,,19,0.2631578947368421,,noLYM,83.0,0.7779605263157896
dinov2b_frozen,12,fair,overall,mid,,27,0.4074074074074074,,noLYM,94.0,0.7180762852404644
dinov2b_frozen,12,fair,overall,dark,,7,0.14285714285714285,,noLYM,71.0,0.5803571428571428
dinov2b_frozen,13,source,stratum,light,KC,10,1.0,0.7015625,,,
dinov2b_frozen,13,source,stratum,light,MEL,5,1.0,0.5625,,,
dinov2b_frozen,13,source,stratum,light,LYM,1,0.0,0.234375,,,
dinov2b_frozen,13,source,stratum,light,OTH,4,0.5,0.45703125,,,
dinov2b_frozen,13,source,stratum,mid,KC,19,0.9473684210526315,0.7187745483110762,,,
dinov2b_frozen,13,source,stratum,mid,MEL,5,0.4,0.5402985074626866,,,
dinov2b_frozen,13,source,stratum,mid,LYM,4,0.5,0.417910447761194,,,
dinov2b_frozen,13,source,stratum,mid,OTH,2,0.5,0.23880597014925375,,,
dinov2b_frozen,13,source,stratum,dark,KC,4,0.75,0.59375,,,
dinov2b_frozen,13,source,stratum,dark,MEL,3,1.0,0.7135416666666666,,,
dinov2b_frozen,13,source,stratum,dark,LYM,12,0.6666666666666666,0.4908854166666667,,,
dinov2b_frozen,13,source,overall,light,,20,0.85,,all,84.0,0.59453125
dinov2b_frozen,13,source,overall,mid,,30,0.7666666666666667,,all,97.0,0.6169154228855721
dinov2b_frozen,13,source,overall,dark,,19,0.7368421052631579,,all,83.0,0.5476973684210527
dinov2b_frozen,13,source,overall,light,,19,0.8947368421052632,,noLYM,83.0,0.6134868421052632
dinov2b_frozen,13,source,overall,mid,,26,0.8076923076923077,,noLYM,93.0,0.6475315729047072
dinov2b_frozen,13,source,overall,dark,,7,0.8571428571428571,,noLYM,71.0,0.6450892857142857
dinov2b_frozen,13,simple,stratum,light,KC,10,0.3,0.8171875,,,
dinov2b_frozen,13,simple,stratum,light,MEL,5,0.0,0.353125,,,
dinov2b_frozen,13,simple,stratum,light,LYM,1,0.0,0.6875,,,
dinov2b_frozen,13,simple,stratum,light,OTH,4,0.5,0.53515625,,,
dinov2b_frozen,13,simple,stratum,mid,KC,19,0.15789473684210525,0.7470542026708562,,,
dinov2b_frozen,13,simple,stratum,mid,MEL,5,0.0,0.44179104477611936,,,
dinov2b_frozen,13,simple,stratum,mid,LYM,4,0.0,0.8059701492537313,,,
dinov2b_frozen,13,simple,stratum,mid,OTH,2,0.0,0.8432835820895521,,,
dinov2b_frozen,13,simple,stratum,dark,KC,4,0.75,0.9140625,,,
dinov2b_frozen,13,simple,stratum,dark,MEL,3,0.3333333333333333,0.5885416666666666,,,
dinov2b_frozen,13,simple,stratum,dark,LYM,12,0.5,0.8567708333333333,,,
dinov2b_frozen,13,simple,overall,light,,20,0.25,,all,84.0,0.6382812499999999
dinov2b_frozen,13,simple,overall,mid,,30,0.1,,all,97.0,0.7104477611940297
dinov2b_frozen,13,simple,overall,dark,,19,0.5263157894736842,,all,83.0,0.8264802631578947
dinov2b_frozen,13,simple,overall,light,,19,0.2631578947368421,,noLYM,83.0,0.6356907894736842
dinov2b_frozen,13,simple,overall,mid,,26,0.11538461538461539,,noLYM,93.0,0.695752009184845
dinov2b_frozen,13,simple,overall,dark,,7,0.5714285714285714,,noLYM,71.0,0.7745535714285714
dinov2b_frozen,13,fair,stratum,light,KC,10,0.5,0.8578125000000001,,,
dinov2b_frozen,13,fair,stratum,light,MEL,5,0.0,0.24375000000000002,,,
dinov2b_frozen,13,fair,stratum,light,LYM,1,0.0,0.875,,,
dinov2b_frozen,13,fair,stratum,light,OTH,4,0.25,0.50390625,,,
dinov2b_frozen,13,fair,stratum,mid,KC,19,0.2631578947368421,0.7690494893951296,,,
dinov2b_frozen,13,fair,stratum,mid,MEL,5,0.0,0.39402985074626856,,,
dinov2b_frozen,13,fair,stratum,mid,LYM,4,0.5,0.8320895522388061,,,
dinov2b_frozen,13,fair,stratum,mid,OTH,2,0.5,0.9253731343283582,,,
dinov2b_frozen,13,fair,stratum,dark,KC,4,0.75,0.95703125,,,
dinov2b_frozen,13,fair,stratum,dark,MEL,3,0.0,0.4739583333333333,,,
dinov2b_frozen,13,fair,stratum,dark,LYM,12,0.5833333333333334,0.8815104166666666,,,
dinov2b_frozen,13,fair,overall,light,,20,0.3,,all,84.0,0.634375
dinov2b_frozen,13,fair,overall,mid,,30,0.26666666666666666,,all,97.0,0.7253731343283581
dinov2b_frozen,13,fair,overall,dark,,19,0.5263157894736842,,all,83.0,0.8330592105263158
dinov2b_frozen,13,fair,overall,light,,19,0.3157894736842105,,noLYM,83.0,0.6217105263157894
dinov2b_frozen,13,fair,overall,mid,,26,0.23076923076923078,,noLYM,93.0,0.7089552238805971
dinov2b_frozen,13,fair,overall,dark,,7,0.42857142857142855,,noLYM,71.0,0.75
dinov2b_frozen,14,source,stratum,light,KC,15,1.0,0.7625,,,
dinov2b_frozen,14,source,stratum,light,MEL,4,1.0,0.5078125,,,
dinov2b_frozen,14,source,stratum,light,LYM,1,1.0,0.59375,,,
dinov2b_frozen,14,source,stratum,mid,KC,27,1.0,0.7059148700939746,,,
dinov2b_frozen,14,source,stratum,mid,MEL,2,1.0,0.8656716417910448,,,
dinov2b_frozen,14,source,stratum,mid,LYM,1,1.0,0.7462686567164178,,,
dinov2b_frozen,14,source,stratum,dark,KC,2,0.5,0.4375,,,
dinov2b_frozen,14,source,stratum,dark,MEL,2,0.5,0.4453125,,,
dinov2b_frozen,14,source,stratum,dark,LYM,13,0.6153846153846154,0.4903846153846154,,,
dinov2b_frozen,14,source,stratum,dark,OTH,2,1.0,0.6875,,,
dinov2b_frozen,14,source,overall,light,,20,1.0,,all,84.0,0.703125
dinov2b_frozen,14,source,overall,mid,,30,1.0,,all,97.0,0.7179104477611942
dinov2b_frozen,14,source,overall,dark,,19,0.631578947368421,,all,83.0,0.5008223684210527
dinov2b_frozen,14,source,overall,light,,19,1.0,,noLYM,83.0,0.7088815789473685
dinov2b_frozen,14,source,overall,mid,,29,1.0,,noLYM,96.0,0.7169325784868759
dinov2b_frozen,14,source,overall,dark,,6,0.6666666666666666,,noLYM,70.0,0.5234375
dinov2b_frozen,14,simple,stratum,light,KC,15,0.13333333333333333,0.75625,,,
dinov2b_frozen,14,simple,stratum,light,MEL,4,0.25,0.46875,,,
dinov2b_frozen,14,simple,stratum,light,LYM,1,0.0,0.390625,,,
dinov2b_frozen,14,simple,stratum,mid,KC,27,0.14814814814814814,0.7119955776672195,,,
dinov2b_frozen,14,simple,stratum,mid,MEL,2,0.5,0.6567164179104478,,,
dinov2b_frozen,14,simple,stratum,mid,LYM,1,0.0,0.9701492537313433,,,
dinov2b_frozen,14,simple,stratum,dark,KC,2,0.5,0.59375,,,
dinov2b_frozen,14,simple,stratum,dark,MEL,2,0.0,0.3125,,,
dinov2b_frozen,14,simple,stratum,dark,LYM,13,0.3076923076923077,0.9447115384615385,,,
dinov2b_frozen,14,simple,stratum,dark,OTH,2,0.5,0.9296875,,,
dinov2b_frozen,14,simple,overall,light,,20,0.15,,all,84.0,0.68046875
dinov2b_frozen,14,simple,overall,mid,,30,0.16666666666666666,,all,97.0,0.7169154228855722
dinov2b_frozen,14,simple,overall,dark,,19,0.3157894736842105,,all,83.0,0.8396381578947368
dinov2b_frozen,14,simple,overall,light,,19,0.15789473684210525,,noLYM,83.0,0.6957236842105263
dinov2b_frozen,14,simple,overall,mid,,29,0.1724137931034483,,noLYM,96.0,0.7081832218219248
dinov2b_frozen,14,simple,overall,dark,,6,0.3333333333333333,,noLYM,70.0,0.6119791666666667
dinov2b_frozen,14,fair,stratum,light,KC,15,0.4,0.7770833333333333,,,
dinov2b_frozen,14,fair,stratum,light,MEL,4,0.25,0.4375,,,
dinov2b_frozen,14,fair,stratum,light,LYM,1,0.0,0.3125,,,
dinov2b_frozen,14,fair,stratum,mid,KC,27,0.2962962962962963,0.8043117744610282,,,
dinov2b_frozen,14,fair,stratum,mid,MEL,2,0.5,0.6194029850746269,,,
dinov2b_frozen,14,fair,stratum,mid,LYM,1,1.0,1.0,,,
dinov2b_frozen,14,fair,stratum,dark,KC,2,0.5,0.625,,,
dinov2b_frozen,14,fair,stratum,dark,MEL,2,0.0,0.5078125,,,
dinov2b_frozen,14,fair,stratum,dark,LYM,13,0.7692307692307693,0.9699519230769231,,,
dinov2b_frozen,14,fair,stratum,dark,OTH,2,0.5,0.96875,,,
dinov2b_frozen,14,fair,overall,light,,20,0.35,,all,84.0,0.6859375
dinov2b_frozen,14,fair,overall,mid,,30,0.3333333333333333,,all,97.0,0.7985074626865671
dinov2b_frozen,14,fair,overall,dark,,19,0.631578947368421,,all,83.0,0.8848684210526315
dinov2b_frozen,14,fair,overall,light,,19,0.3684210526315789,,noLYM,83.0,0.705592105263158
dinov2b_frozen,14,fair,overall,mid,,29,0.3103448275862069,,noLYM,96.0,0.7915594441585179
dinov2b_frozen,14,fair,overall,dark,,6,0.3333333333333333,,noLYM,70.0,0.7005208333333333
dinov2b_frozen,15,source,stratum,light,KC,14,0.9285714285714286,0.7946428571428572,,,
dinov2b_frozen,15,source,stratum,light,MEL,4,1.0,0.609375,,,
dinov2b_frozen,15,source,stratum,light,LYM,1,0.0,0.015625,,,
dinov2b_frozen,15,source,stratum,light,OTH,1,1.0,0.96875,,,
dinov2b_frozen,15,source,stratum,mid,KC,22,0.9090909090909091,0.655359565807327,,,
dinov2b_frozen,15,source,stratum,mid,MEL,2,0.5,0.4552238805970149,,,
dinov2b_frozen,15,source,stratum,mid,LYM,4,0.5,0.35074626865671643,,,
dinov2b_frozen,15,source,stratum,mid,OTH,2,1.0,0.40298507462686567,,,
dinov2b_frozen,15,source,stratum,dark,KC,4,0.5,0.40625,,,
dinov2b_frozen,15,source,stratum,dark,MEL,3,0.6666666666666666,0.4166666666666667,,,
dinov2b_frozen,15,source,stratum,dark,LYM,10,0.5,0.353125,,,
dinov2b_frozen,15,source,stratum,dark,OTH,2,1.0,0.703125,,,
dinov2b_frozen,15,source,overall,light,,20,0.9,,all,84.0,0.72734375
dinov2b_frozen,15,source,overall,mid,,30,0.8333333333333334,,all,97.0,0.5845771144278606
dinov2b_frozen,15,source,overall,dark,,19,0.5789473684210527,,all,83.0,0.4111842105263158
dinov2b_frozen,15,source,overall,light,,19,0.9473684210526315,,noLYM,83.0,0.7648026315789473
dinov2b_frozen,15,source,overall,mid,,26,0.8846153846153846,,noLYM,93.0,0.6205510907003444
dinov2b_frozen,15,source,overall,dark,,9,0.6666666666666666,,noLYM,73.0,0.4756944444444445
dinov2b_frozen,15,simple,stratum,light,KC,14,0.14285714285714285,0.8058035714285715,,,
dinov2b_frozen,15,simple,stratum,light,MEL,4,0.0,0.51953125,,,
dinov2b_frozen,15,simple,stratum,light,LYM,1,1.0,1.0,,,
dinov2b_frozen,15,simple,stratum,light,OTH,1,0.0,0.03125,,,
dinov2b_frozen,15,simple,stratum,mid,KC,22,0.09090909090909091,0.7333785617367707,,,
dinov2b_frozen,15,simple,stratum,mid,MEL,2,0.0,0.4328358208955224,,,
dinov2b_frozen,15,simple,stratum,mid,LYM,4,0.25,0.791044776119403,,,
dinov2b_frozen,15,simple,stratum,mid,OTH,2,0.0,0.8582089552238805,,,
dinov2b_frozen,15,simple,stratum,dark,KC,4,0.25,0.49609375,,,
dinov2b_frozen,15,simple,stratum,dark,MEL,3,0.0,0.36458333333333326,,,
dinov2b_frozen,15,simple,stratum,dark,LYM,10,0.2,0.8140625,,,
dinov2b_frozen,15,simple,stratum,dark,OTH,2,0.5,0.875,,,
dinov2b_frozen,15,simple,overall,light,,20,0.15,,all,84.0,0.71953125
dinov2b_frozen,15,simple,overall,mid,,30,0.1,,all,97.0,0.7293532338308458
dinov2b_frozen,15,simple,overall,dark,,19,0.21052631578947367,,all,83.0,0.6825657894736842
dinov2b_frozen,15,simple,overall,light,,19,0.10526315789473684,,noLYM,83.0,0.7047697368421053
dinov2b_frozen,15,simple,overall,mid,,26,0.07692307692307693,,noLYM,93.0,0.7198622273249139
dinov2b_frozen,15,simple,overall,dark,,9,0.2222222222222222,,noLYM,73.0,0.5364583333333333
dinov2b_frozen,15,fair,stratum,light,KC,14,0.42857142857142855,0.8147321428571429,,,
dinov2b_frozen,15,fair,stratum,light,MEL,4,0.25,0.51953125,,,
dinov2b_frozen,15,fair,stratum,light,LYM,1,1.0,1.0,,,
dinov2b_frozen,15,fair,stratum,light,OTH,1,0.0,0.046875,,,
dinov2b_frozen,15,fair,stratum,mid,KC,22,0.13636363636363635,0.7957937584803257,,,
dinov2b_frozen,15,fair,stratum,mid,MEL,2,0.0,0.6268656716417911,,,
dinov2b_frozen,15,fair,stratum,mid,LYM,4,0.25,0.8694029850746269,,,
dinov2b_frozen,15,fair,stratum,mid,OTH,2,0.0,0.8582089552238805,,,
dinov2b_frozen,15,fair,stratum,dark,KC,4,0.25,0.515625,,,
dinov2b_frozen,15,fair,stratum,dark,MEL,3,0.0,0.2760416666666667,,,
dinov2b_frozen,15,fair,stratum,dark,LYM,10,0.4,0.8640625,,,
dinov2b_frozen,15,fair,stratum,dark,OTH,2,1.0,0.9921875,,,
dinov2b_frozen,15,fair,overall,light,,20,0.4,,all,84.0,0.7265625
dinov2b_frozen,15,fair,overall,mid,,30,0.13333333333333333,,all,97.0,0.7985074626865672
dinov2b_frozen,15,fair,overall,dark,,19,0.3684210526315789,,all,83.0,0.7113486842105263
dinov2b_frozen,15,fair,overall,light,,19,0.3684210526315789,,noLYM,83.0,0.712171052631579
dinov2b_frozen,15,fair,overall,mid,,26,0.11538461538461539,,noLYM,93.0,0.7876004592422503
dinov2b_frozen,15,fair,overall,dark,,9,0.3333333333333333,,noLYM,73.0,0.5416666666666666
dinov2b_frozen,16,source,stratum,light,KC,14,1.0,0.6930803571428572,,,
dinov2b_frozen,16,source,stratum,light,MEL,3,1.0,0.6302083333333333,,,
dinov2b_frozen,16,source,stratum,light,LYM,2,0.5,0.125,,,
dinov2b_frozen,16,source,stratum,light,OTH,1,1.0,0.765625,,,
dinov2b_frozen,16,source,stratum,mid,KC,23,0.9565217391304348,0.7326411421155095,,,
dinov2b_frozen,16,source,stratum,mid,MEL,3,0.6666666666666666,0.527363184079602,,,
dinov2b_frozen,16,source,stratum,mid,LYM,3,0.6666666666666666,0.48756218905472637,,,
dinov2b_frozen,16,source,stratum,mid,OTH,1,1.0,0.5223880597014925,,,
dinov2b_frozen,16,source,stratum,dark,KC,5,0.8,0.590625,,,
dinov2b_frozen,16,source,stratum,dark,MEL,3,0.3333333333333333,0.328125,,,
dinov2b_frozen,16,source,stratum,dark,LYM,8,0.5,0.4140625,,,
dinov2b_frozen,16,source,stratum,dark,OTH,3,1.0,0.7604166666666666,,,
dinov2b_frozen,16,source,overall,light,,20,0.95,,all,84.0,0.63046875
dinov2b_frozen,16,source,overall,mid,,30,0.9,,all,97.0,0.6805970149253732
dinov2b_frozen,16,source,overall,dark,,19,0.631578947368421,,all,83.0,0.5016447368421053
dinov2b_frozen,16,source,overall,light,,18,1.0,,noLYM,82.0,0.6866319444444444
dinov2b_frozen,16,source,overall,mid,,27,0.9259259259259259,,noLYM,94.0,0.7020453289110005
dinov2b_frozen,16,source,overall,dark,,11,0.7272727272727273,,noLYM,75.0,0.5653409090909091
dinov2b_frozen,16,simple,stratum,light,KC,14,0.14285714285714285,0.7020089285714286,,,
dinov2b_frozen,16,simple,stratum,light,MEL,3,0.0,0.7291666666666666,,,
dinov2b_frozen,16,simple,stratum,light,LYM,2,0.5,0.625,,,
dinov2b_frozen,16,simple,stratum,light,OTH,1,0.0,0.390625,,,
dinov2b_frozen,16,simple,stratum,mid,KC,23,0.17391304347826086,0.7495133030499675,,,
dinov2b_frozen,16,simple,stratum,mid,MEL,3,0.3333333333333333,0.6318407960199004,,,
dinov2b_frozen,16,simple,stratum,mid,LYM,3,0.6666666666666666,0.8805970149253731,,,
dinov2b_frozen,16,simple,stratum,mid,OTH,1,0.0,0.5522388059701493,,,
dinov2b_frozen,16,simple,stratum,dark,KC,5,0.0,0.5875,,,
dinov2b_frozen,16,simple,stratum,dark,MEL,3,0.0,0.9114583333333333,,,
dinov2b_frozen,16,simple,stratum,dark,LYM,8,0.375,0.783203125,,,
dinov2b_frozen,16,simple,stratum,dark,OTH,3,0.6666666666666666,0.953125,,,
dinov2b_frozen,16,simple,overall,light,,20,0.15,,all,84.0,0.6828125
dinov2b_frozen,16,simple,overall,mid,,30,0.23333333333333334,,all,97.0,0.7442786069651741
dinov2b_frozen,16,simple,overall,dark,,19,0.2631578947368421,,all,83.0,0.778782894736842
dinov2b_frozen,16,simple,overall,light,,18,0.1111111111111111,,noLYM,82.0,0.6892361111111112
dinov2b_frozen,16,simple,overall,mid,,27,0.18518518518518517,,noLYM,94.0,0.7291321171918187
dinov2b_frozen,16,simple,overall,dark,,11,0.18181818181818182,,noLYM,75.0,0.775568181818182
dinov2b_frozen,16,fair,stratum,light,KC,14,0.42857142857142855,0.7600446428571429,,,
dinov2b_frozen,16,fair,stratum,light,MEL,3,0.3333333333333333,0.765625,,,
dinov2b_frozen,16,fair,stratum,light,LYM,2,0.5,0.828125,,,
dinov2b_frozen,16,fair,stratum,light,OTH,1,0.0,0.390625,,,
dinov2b_frozen,16,fair,stratum,mid,KC,23,0.391304347826087,0.7255029201817003,,,
dinov2b_frozen,16,fair,stratum,mid,MEL,3,0.3333333333333333,0.6169154228855721,,,
dinov2b_frozen,16,fair,stratum,mid,LYM,3,0.3333333333333333,0.8855721393034826,,,
dinov2b_frozen,16,fair,stratum,mid,OTH,1,0.0,0.5522388059701493,,,
dinov2b_frozen,16,fair,stratum,dark,KC,5,0.2,0.59375,,,
dinov2b_frozen,16,fair,stratum,dark,MEL,3,0.3333333333333333,0.8645833333333333,,,
dinov2b_frozen,16,fair,stratum,dark,LYM,8,0.5,0.875,,,
dinov2b_frozen,16,fair,stratum,dark,OTH,3,0.6666666666666666,0.9270833333333333,,,
dinov2b_frozen,16,fair,overall,light,,20,0.4,,all,84.0,0.74921875
dinov2b_frozen,16,fair,overall,mid,,30,0.36666666666666664,,all,97.0,0.7248756218905473
dinov2b_frozen,16,fair,overall,dark,,19,0.42105263157894735,,all,83.0,0.8075657894736842
dinov2b_frozen,16,fair,overall,light,,18,0.3888888888888889,,noLYM,82.0,0.7404513888888888
dinov2b_frozen,16,fair,overall,mid,,27,0.37037037037037035,,noLYM,94.0,0.70702045328911
dinov2b_frozen,16,fair,overall,dark,,11,0.36363636363636365,,noLYM,75.0,0.7585227272727273
dinov2b_frozen,17,source,stratum,light,KC,14,1.0,0.7533482142857142,,,
dinov2b_frozen,17,source,stratum,light,MEL,4,1.0,0.80078125,,,
dinov2b_frozen,17,source,stratum,light,OTH,2,0.5,0.546875,,,
dinov2b_frozen,17,source,stratum,mid,KC,23,0.9130434782608695,0.6632057105775471,,,
dinov2b_frozen,17,source,stratum,mid,MEL,4,0.25,0.4253731343283582,,,
dinov2b_frozen,17,source,stratum,mid,LYM,2,0.5,0.4626865671641791,,,
dinov2b_frozen,17,source,stratum,mid,OTH,1,1.0,0.34328358208955223,,,
dinov2b_frozen,17,source,stratum,dark,KC,4,0.75,0.65625,,,
dinov2b_frozen,17,source,stratum,dark,MEL,4,0.5,0.3984375,,,
dinov2b_frozen,17,source,stratum,dark,LYM,9,0.6666666666666666,0.5225694444444444,,,
dinov2b_frozen,17,source,stratum,dark,OTH,2,1.0,0.640625,,,
dinov2b_frozen,17,source,overall,light,,20,0.95,,all,84.0,0.7421875
dinov2b_frozen,17,source,overall,mid,,30,0.8,,all,97.0,0.6074626865671642
dinov2b_frozen,17,source,overall,dark,,19,0.6842105263157895,,all,83.0,0.5370065789473684
dinov2b_frozen,17,source,overall,light,,20,0.95,,noLYM,84.0,0.7421875
dinov2b_frozen,17,source,overall,mid,,28,0.8214285714285714,,noLYM,95.0,0.6178038379530917
dinov2b_frozen,17,source,overall,dark,,10,0.7,,noLYM,74.0,0.5499999999999999
dinov2b_frozen,17,simple,stratum,light,KC,14,0.0,0.7310267857142858,,,
dinov2b_frozen,17,simple,stratum,light,MEL,4,0.25,0.77734375,,,
dinov2b_frozen,17,simple,stratum,light,OTH,2,0.0,0.53125,,,
dinov2b_frozen,17,simple,stratum,mid,KC,23,0.0,0.7819597663854639,,,
dinov2b_frozen,17,simple,stratum,mid,MEL,4,0.25,0.5074626865671642,,,
dinov2b_frozen,17,simple,stratum,mid,LYM,2,0.5,1.0,,,
dinov2b_frozen,17,simple,stratum,mid,OTH,1,0.0,0.6865671641791045,,,
dinov2b_frozen,17,simple,stratum,dark,KC,4,0.75,0.94921875,,,
dinov2b_frozen,17,simple,stratum,dark,MEL,4,0.0,0.80078125,,,
dinov2b_frozen,17,simple,stratum,dark,LYM,9,0.1111111111111111,0.8663194444444444,,,
dinov2b_frozen,17,simple,stratum,dark,OTH,2,0.0,0.6328125,,,
dinov2b_frozen,17,simple,overall,light,,20,0.05,,all,84.0,0.7203125000000001
dinov2b_frozen,17,simple,overall,mid,,30,0.06666666666666667,,all,97.0,0.7567164179104479
dinov2b_frozen,17,simple,overall,dark,,19,0.21052631578947367,,all,83.0,0.8453947368421053
dinov2b_frozen,17,simple,overall,light,,20,0.05,,noLYM,84.0,0.7203125000000001
dinov2b_frozen,17,simple,overall,mid,,28,0.03571428571428571,,noLYM,95.0,0.7393390191897655
dinov2b_frozen,17,simple,overall,dark,,10,0.3,,noLYM,74.0,0.8265625
dinov2b_frozen,17,fair,stratum,light,KC,14,0.14285714285714285,0.8058035714285714,,,
dinov2b_frozen,17,fair,stratum,light,MEL,4,0.25,0.7109375,,,
dinov2b_frozen,17,fair,stratum,light,OTH,2,0.5,0.5234375,,,
dinov2b_frozen,17,fair,stratum,mid,KC,23,0.34782608695652173,0.8163530175210901,,,
dinov2b_frozen,17,fair,stratum,mid,MEL,4,0.25,0.45895522388059706,,,
dinov2b_frozen,17,fair,stratum,mid,LYM,2,1.0,0.9925373134328358,,,
dinov2b_frozen,17,fair,stratum,mid,OTH,1,0.0,0.5970149253731343,,,
dinov2b_frozen,17,fair,stratum,dark,KC,4,1.0,1.0,,,
dinov2b_frozen,17,fair,stratum,dark,MEL,4,0.0,0.703125,,,
dinov2b_frozen,17,fair,stratum,dark,LYM,9,0.2222222222222222,0.8263888888888888,,,
dinov2b_frozen,17,fair,stratum,dark,OTH,2,0.5,0.6875,,,
dinov2b_frozen,17,fair,overall,light,,20,0.2,,all,84.0,0.75859375
dinov2b_frozen,17,fair,overall,mid,,30,0.36666666666666664,,all,97.0,0.7731343283582089
dinov2b_frozen,17,fair,overall,dark,,19,0.3684210526315789,,all,83.0,0.8223684210526316
dinov2b_frozen,17,fair,overall,light,,20,0.2,,noLYM,84.0,0.75859375
dinov2b_frozen,17,fair,overall,mid,,28,0.32142857142857145,,noLYM,95.0,0.7574626865671642
dinov2b_frozen,17,fair,overall,dark,,10,0.5,,noLYM,74.0,0.81875
dinov2b_frozen,18,source,stratum,light,KC,16,0.9375,0.78125,,,
dinov2b_frozen,18,source,stratum,light,MEL,3,1.0,0.5885416666666666,,,
dinov2b_frozen,18,source,stratum,light,OTH,1,0.0,0.1875,,,
dinov2b_frozen,18,source,stratum,mid,KC,23,0.9130434782608695,0.6560674886437379,,,
dinov2b_frozen,18,source,stratum,mid,MEL,3,0.6666666666666666,0.6218905472636815,,,
dinov2b_frozen,18,source,stratum,mid,LYM,2,0.5,0.31343283582089554,,,
dinov2b_frozen,18,source,stratum,mid,OTH,2,1.0,0.39552238805970147,,,
dinov2b_frozen,18,source,stratum,dark,KC,4,0.75,0.58203125,,,
dinov2b_frozen,18,source,stratum,dark,MEL,5,0.4,0.36250000000000004,,,
dinov2b_frozen,18,source,stratum,dark,LYM,7,0.42857142857142855,0.40624999999999994,,,
dinov2b_frozen,18,source,stratum,dark,OTH,3,1.0,0.765625,,,
dinov2b_frozen,18,source,overall,light,,20,0.9,,all,84.0,0.72265625
dinov2b_frozen,18,source,overall,mid,,30,0.8666666666666667,,all,97.0,0.6124378109452737
dinov2b_frozen,18,source,overall,dark,,19,0.5789473684210527,,all,83.0,0.48848684210526316
dinov2b_frozen,18,source,overall,light,,20,0.9,,noLYM,84.0,0.72265625
dinov2b_frozen,18,source,overall,mid,,28,0.8928571428571429,,noLYM,95.0,0.6337953091684436
dinov2b_frozen,18,source,overall,dark,,12,0.6666666666666666,,noLYM,76.0,0.5364583333333333
dinov2b_frozen,18,simple,stratum,light,KC,16,0.25,0.828125,,,
dinov2b_frozen,18,simple,stratum,light,MEL,3,0.0,0.47395833333333326,,,
dinov2b_frozen,18,simple,stratum,light,OTH,1,0.0,0.78125,,,
dinov2b_frozen,18,simple,stratum,mid,KC,23,0.21739130434782608,0.7767683322517844,,,
dinov2b_frozen,18,simple,stratum,mid,MEL,3,0.0,0.5124378109452736,,,
dinov2b_frozen,18,simple,stratum,mid,LYM,2,0.5,0.7164179104477613,,,
dinov2b_frozen,18,simple,stratum,mid,OTH,2,0.5,0.8582089552238806,,,
dinov2b_frozen,18,simple,stratum,dark,KC,4,0.75,0.81640625,,,
dinov2b_frozen,18,simple,stratum,dark,MEL,5,0.0,0.528125,,,
dinov2b_frozen,18,simple,stratum,dark,LYM,7,0.42857142857142855,0.8035714285714286,,,
dinov2b_frozen,18,simple,stratum,dark,OTH,3,0.3333333333333333,0.8958333333333333,,,
dinov2b_frozen,18,simple,overall,light,,20,0.2,,all,84.0,0.77265625
dinov2b_frozen,18,simple,overall,mid,,30,0.23333333333333334,,all,97.0,0.7517412935323383
dinov2b_frozen,18,simple,overall,dark,,19,0.3684210526315789,,all,83.0,0.7483552631578947
dinov2b_frozen,18,simple,overall,light,,20,0.2,,noLYM,84.0,0.77265625
dinov2b_frozen,18,simple,overall,mid,,28,0.21428571428571427,,noLYM,95.0,0.7542643923240939
dinov2b_frozen,18,simple,overall,dark,,12,0.3333333333333333,,noLYM,76.0,0.7161458333333333
dinov2b_frozen,18,fair,stratum,light,KC,16,0.375,0.875,,,
dinov2b_frozen,18,fair,stratum,light,MEL,3,0.0,0.4270833333333333,,,
dinov2b_frozen,18,fair,stratum,light,OTH,1,0.0,0.921875,,,
dinov2b_frozen,18,fair,stratum,mid,KC,23,0.43478260869565216,0.826735885788449,,,
dinov2b_frozen,18,fair,stratum,mid,MEL,3,0.0,0.3681592039800995,,,
dinov2b_frozen,18,fair,stratum,mid,LYM,2,0.5,0.8731343283582089,,,
dinov2b_frozen,18,fair,stratum,mid,OTH,2,0.5,0.8059701492537314,,,
dinov2b_frozen,18,fair,stratum,dark,KC,4,0.75,0.90234375,,,
dinov2b_frozen,18,fair,stratum,dark,MEL,5,0.0,0.525,,,
dinov2b_frozen,18,fair,stratum,dark,LYM,7,0.42857142857142855,0.8214285714285714,,,
dinov2b_frozen,18,fair,stratum,dark,OTH,3,0.6666666666666666,0.921875,,,
dinov2b_frozen,18,fair,overall,light,,20,0.3,,all,84.0,0.81015625
dinov2b_frozen,18,fair,overall,mid,,30,0.4,,all,97.0,0.782587064676617
dinov2b_frozen,18,fair,overall,dark,,19,0.42105263157894735,,all,83.0,0.7763157894736843
dinov2b_frozen,18,fair,overall,light,,20,0.3,,noLYM,84.0,0.81015625
dinov2b_frozen,18,fair,overall,mid,,28,0.39285714285714285,,noLYM,95.0,0.7761194029850746
dinov2b_frozen,18,fair,overall,dark,,12,0.4166666666666667,,noLYM,76.0,0.75
dinov2b_frozen,19,source,stratum,light,KC,17,1.0,0.7169117647058824,,,
dinov2b_frozen,19,source,stratum,light,MEL,1,1.0,0.875,,,
dinov2b_frozen,19,source,stratum,light,LYM,1,1.0,0.171875,,,
dinov2b_frozen,19,source,stratum,light,OTH,1,0.0,0.125,,,
dinov2b_frozen,19,source,stratum,mid,KC,23,1.0,0.7709279688513953,,,
dinov2b_frozen,19,source,stratum,mid,MEL,5,0.6,0.6119402985074627,,,
dinov2b_frozen,19,source,stratum,mid,LYM,2,0.5,0.48507462686567165,,,
dinov2b_frozen,19,source,stratum,dark,KC,2,0.5,0.4375,,,
dinov2b_frozen,19,source,stratum,dark,MEL,4,1.0,0.69140625,,,
dinov2b_frozen,19,source,stratum,dark,LYM,10,0.5,0.4546875,,,
dinov2b_frozen,19,source,stratum,dark,OTH,3,1.0,0.71875,,,
dinov2b_frozen,19,source,overall,light,,20,0.95,,all,84.0,0.66796875
dinov2b_frozen,19,source,overall,mid,,30,0.9,,all,97.0,0.7253731343283583
dinov2b_frozen,19,source,overall,dark,,19,0.6842105263157895,,all,83.0,0.544407894736842
dinov2b_frozen,19,source,overall,light,,19,0.9473684210526315,,noLYM,83.0,0.694078947368421
dinov2b_frozen,19,source,overall,mid,,28,0.9285714285714286,,noLYM,95.0,0.7425373134328358
dinov2b_frozen,19,source,overall,dark,,9,0.8888888888888888,,noLYM,73.0,0.6440972222222222
dinov2b_frozen,19,simple,stratum,light,KC,17,0.17647058823529413,0.7205882352941176,,,
dinov2b_frozen,19,simple,stratum,light,MEL,1,0.0,0.734375,,,
dinov2b_frozen,19,simple,stratum,light,LYM,1,0.0,0.703125,,,
dinov2b_frozen,19,simple,stratum,light,OTH,1,0.0,0.953125,,,
dinov2b_frozen,19,simple,stratum,mid,KC,23,0.17391304347826086,0.7410772225827384,,,
dinov2b_frozen,19,simple,stratum,mid,MEL,5,0.0,0.7014925373134329,,,
dinov2b_frozen,19,simple,stratum,mid,LYM,2,0.5,0.835820895522388,,,
dinov2b_frozen,19,simple,stratum,dark,KC,2,0.5,0.875,,,
dinov2b_frozen,19,simple,stratum,dark,MEL,4,0.0,0.46484375,,,
dinov2b_frozen,19,simple,stratum,dark,LYM,10,0.3,0.7796875,,,
dinov2b_frozen,19,simple,stratum,dark,OTH,3,0.3333333333333333,0.8802083333333333,,,
dinov2b_frozen,19,simple,overall,light,,20,0.15,,all,84.0,0.73203125
dinov2b_frozen,19,simple,overall,mid,,30,0.16666666666666666,,all,97.0,0.7407960199004975
dinov2b_frozen,19,simple,overall,dark,,19,0.2631578947368421,,all,83.0,0.7393092105263157
dinov2b_frozen,19,simple,overall,light,,19,0.15789473684210525,,noLYM,83.0,0.7335526315789473
dinov2b_frozen,19,simple,overall,mid,,28,0.14285714285714285,,noLYM,95.0,0.7340085287846482
dinov2b_frozen,19,simple,overall,dark,,9,0.2222222222222222,,noLYM,73.0,0.6944444444444444
dinov2b_frozen,19,fair,stratum,light,KC,17,0.29411764705882354,0.7242647058823529,,,
dinov2b_frozen,19,fair,stratum,light,MEL,1,0.0,0.890625,,,
dinov2b_frozen,19,fair,stratum,light,LYM,1,0.0,0.8125,,,
dinov2b_frozen,19,fair,stratum,light,OTH,1,0.0,0.671875,,,
dinov2b_frozen,19,fair,stratum,mid,KC,23,0.2608695652173913,0.8040233614536015,,,
dinov2b_frozen,19,fair,stratum,mid,MEL,5,0.0,0.6358208955223881,,,
dinov2b_frozen,19,fair,stratum,mid,LYM,2,0.5,0.9402985074626865,,,
dinov2b_frozen,19,fair,stratum,dark,KC,2,1.0,0.9921875,,,
dinov2b_frozen,19,fair,stratum,dark,MEL,4,0.0,0.44921875,,,
dinov2b_frozen,19,fair,stratum,dark,LYM,10,0.3,0.8359375,,,
dinov2b_frozen,19,fair,stratum,dark,OTH,3,0.3333333333333333,0.9270833333333334,,,
dinov2b_frozen,19,fair,overall,light,,20,0.25,,all,84.0,0.734375
dinov2b_frozen,19,fair,overall,mid,,30,0.23333333333333334,,all,97.0,0.7850746268656716
dinov2b_frozen,19,fair,overall,dark,,19,0.3157894736842105,,all,83.0,0.785361842105263
dinov2b_frozen,19,fair,overall,light,,19,0.2631578947368421,,noLYM,83.0,0.7302631578947368
dinov2b_frozen,19,fair,overall,mid,,28,0.21428571428571427,,noLYM,95.0,0.7739872068230278
dinov2b_frozen,19,fair,overall,dark,,9,0.3333333333333333,,noLYM,73.0,0.7291666666666667
dinov2b_fitzft,0,source,stratum,light,KC,16,0.9375,0.5947265625,,,
dinov2b_fitzft,0,source,stratum,light,MEL,2,0.5,0.3671875,,,
dinov2b_fitzft,0,source,stratum,light,OTH,2,0.5,0.1171875,,,
dinov2b_fitzft,0,source,stratum,mid,KC,24,0.8333333333333334,0.5597014925373135,,,
dinov2b_fitzft,0,source,stratum,mid,MEL,4,0.75,0.7126865671641791,,,
dinov2b_fitzft,0,source,stratum,mid,LYM,1,1.0,0.6865671641791045,,,
dinov2b_fitzft,0,source,stratum,mid,OTH,1,0.0,0.10447761194029848,,,
dinov2b_fitzft,0,source,stratum,dark,KC,4,0.5,0.46484375,,,
dinov2b_fitzft,0,source,stratum,dark,MEL,4,0.75,0.6171875,,,
dinov2b_fitzft,0,source,stratum,dark,LYM,11,0.8181818181818182,0.6321022727272727,,,
dinov2b_fitzft,0,source,overall,light,,20,0.85,,all,84.0,0.52421875
dinov2b_fitzft,0,source,overall,mid,,30,0.8,,all,97.0,0.5691542288557214
dinov2b_fitzft,0,source,overall,dark,,19,0.7368421052631579,,all,83.0,0.59375
dinov2b_fitzft,0,source,overall,light,,20,0.85,,noLYM,84.0,0.52421875
dinov2b_fitzft,0,source,overall,mid,,29,0.7931034482758621,,noLYM,96.0,0.5651055069480185
dinov2b_fitzft,0,source,overall,dark,,8,0.625,,noLYM,72.0,0.541015625
dinov2b_fitzft,0,simple,stratum,light,KC,16,0.375,0.5087890625,,,
dinov2b_fitzft,0,simple,stratum,light,MEL,2,0.5,0.546875,,,
dinov2b_fitzft,0,simple,stratum,light,OTH,2,0.5,0.375,,,
dinov2b_fitzft,0,simple,stratum,mid,KC,24,0.5416666666666666,0.6287313432835822,,,
dinov2b_fitzft,0,simple,stratum,mid,MEL,4,0.25,0.3992537313432836,,,
dinov2b_fitzft,0,simple,stratum,mid,LYM,1,0.0,0.6119402985074627,,,
dinov2b_fitzft,0,simple,stratum,mid,OTH,1,0.0,0.07462686567164178,,,
dinov2b_fitzft,0,simple,stratum,dark,KC,4,0.0,0.43359375,,,
dinov2b_fitzft,0,simple,stratum,dark,MEL,4,0.0,0.5234375,,,
dinov2b_fitzft,0,simple,stratum,dark,LYM,11,0.18181818181818182,0.5823863636363636,,,
dinov2b_fitzft,0,simple,overall,light,,20,0.4,,all,84.0,0.49921875
dinov2b_fitzft,0,simple,overall,mid,,30,0.4666666666666667,,all,97.0,0.5791044776119403
dinov2b_fitzft,0,simple,overall,dark,,19,0.10526315789473684,,all,83.0,0.5386513157894737
dinov2b_fitzft,0,simple,overall,light,,20,0.4,,noLYM,84.0,0.49921875
dinov2b_fitzft,0,simple,overall,mid,,29,0.4827586206896552,,noLYM,96.0,0.5779722079258878
dinov2b_fitzft,0,simple,overall,dark,,8,0.0,,noLYM,72.0,0.478515625
dinov2b_fitzft,0,fair,stratum,light,KC,16,0.5625,0.525390625,,,
dinov2b_fitzft,0,fair,stratum,light,MEL,2,1.0,0.9296875,,,
dinov2b_fitzft,0,fair,stratum,light,OTH,2,0.0,0.171875,,,
dinov2b_fitzft,0,fair,stratum,mid,KC,24,0.75,0.6436567164179104,,,
dinov2b_fitzft,0,fair,stratum,mid,MEL,4,0.5,0.4552238805970149,,,
dinov2b_fitzft,0,fair,stratum,mid,LYM,1,1.0,0.6716417910447761,,,
dinov2b_fitzft,0,fair,stratum,mid,OTH,1,0.0,0.07462686567164178,,,
dinov2b_fitzft,0,fair,stratum,dark,KC,4,0.25,0.44140625,,,
dinov2b_fitzft,0,fair,stratum,dark,MEL,4,0.25,0.5,,,
dinov2b_fitzft,0,fair,stratum,dark,LYM,11,0.45454545454545453,0.6420454545454546,,,
dinov2b_fitzft,0,fair,overall,light,,20,0.55,,all,84.0,0.53046875
dinov2b_fitzft,0,fair,overall,mid,,30,0.7,,all,97.0,0.600497512437811
dinov2b_fitzft,0,fair,overall,dark,,19,0.3684210526315789,,all,83.0,0.5699013157894737
dinov2b_fitzft,0,fair,overall,light,,20,0.55,,noLYM,84.0,0.53046875
dinov2b_fitzft,0,fair,overall,mid,,29,0.6896551724137931,,noLYM,96.0,0.5980442614513638
dinov2b_fitzft,0,fair,overall,dark,,8,0.25,,noLYM,72.0,0.470703125
dinov2b_fitzft,1,source,stratum,light,KC,15,0.8666666666666667,0.515625,,,
dinov2b_fitzft,1,source,stratum,light,MEL,3,1.0,0.859375,,,
dinov2b_fitzft,1,source,stratum,light,OTH,2,1.0,0.5390625,,,
dinov2b_fitzft,1,source,stratum,mid,KC,17,0.8235294117647058,0.5697980684811238,,,
dinov2b_fitzft,1,source,stratum,mid,MEL,6,0.5,0.5796019900497512,,,
dinov2b_fitzft,1,source,stratum,mid,LYM,4,1.0,0.6828358208955223,,,
dinov2b_fitzft,1,source,stratum,mid,OTH,3,0.3333333333333333,0.31343283582089554,,,
dinov2b_fitzft,1,source,stratum,dark,KC,2,1.0,0.6484375,,,
dinov2b_fitzft,1,source,stratum,dark,MEL,3,0.6666666666666666,0.38541666666666663,,,
dinov2b_fitzft,1,source,stratum,dark,LYM,13,0.7692307692307693,0.53125,,,
dinov2b_fitzft,1,source,stratum,dark,OTH,1,1.0,0.90625,,,
dinov2b_fitzft,1,source,overall,light,,20,0.9,,all,84.0,0.56953125
dinov2b_fitzft,1,source,overall,mid,,30,0.7333333333333333,,all,97.0,0.5611940298507463
dinov2b_fitzft,1,source,overall,dark,,19,0.7894736842105263,,all,83.0,0.540296052631579
dinov2b_fitzft,1,source,overall,light,,20,0.9,,noLYM,84.0,0.56953125
dinov2b_fitzft,1,source,overall,mid,,26,0.6923076923076923,,noLYM,93.0,0.54247990815155
dinov2b_fitzft,1,source,overall,dark,,6,0.8333333333333334,,noLYM,70.0,0.5598958333333334
dinov2b_fitzft,1,simple,stratum,light,KC,15,0.4,0.5979166666666667,,,
dinov2b_fitzft,1,simple,stratum,light,MEL,3,1.0,0.9635416666666666,,,
dinov2b_fitzft,1,simple,stratum,light,OTH,2,0.0,0.4921875,,,
dinov2b_fitzft,1,simple,stratum,mid,KC,17,0.29411764705882354,0.6084284460052678,,,
dinov2b_fitzft,1,simple,stratum,mid,MEL,6,0.16666666666666666,0.5422885572139303,,,
dinov2b_fitzft,1,simple,stratum,mid,LYM,4,0.5,0.664179104477612,,,
dinov2b_fitzft,1,simple,stratum,mid,OTH,3,0.3333333333333333,0.3781094527363184,,,
dinov2b_fitzft,1,simple,stratum,dark,KC,2,0.0,0.46875,,,
dinov2b_fitzft,1,simple,stratum,dark,MEL,3,0.0,0.4791666666666667,,,
dinov2b_fitzft,1,simple,stratum,dark,LYM,13,0.38461538461538464,0.5384615384615385,,,
dinov2b_fitzft,1,simple,stratum,dark,OTH,1,1.0,0.9375,,,
dinov2b_fitzft,1,simple,overall,light,,20,0.45,,all,84.0,0.6421874999999999
dinov2b_fitzft,1,simple,overall,mid,,30,0.3,,all,97.0,0.5796019900497513
dinov2b_fitzft,1,simple,overall,dark,,19,0.3157894736842105,,all,83.0,0.5427631578947368
dinov2b_fitzft,1,simple,overall,light,,20,0.45,,noLYM,84.0,0.6421874999999999
dinov2b_fitzft,1,simple,overall,mid,,26,0.2692307692307692,,noLYM,93.0,0.5665901262916189
dinov2b_fitzft,1,simple,overall,dark,,6,0.16666666666666666,,noLYM,70.0,0.5520833333333334
dinov2b_fitzft,1,fair,stratum,light,KC,15,0.5333333333333333,0.5208333333333333,,,
dinov2b_fitzft,1,fair,stratum,light,MEL,3,1.0,0.9739583333333334,,,
dinov2b_fitzft,1,fair,stratum,light,OTH,2,0.5,0.4765625,,,
dinov2b_fitzft,1,fair,stratum,mid,KC,17,0.6470588235294118,0.5610184372256365,,,
dinov2b_fitzft,1,fair,stratum,mid,MEL,6,0.3333333333333333,0.3855721393034826,,,
dinov2b_fitzft,1,fair,stratum,mid,LYM,4,0.5,0.5,,,
dinov2b_fitzft,1,fair,stratum,mid,OTH,3,0.3333333333333333,0.4079601990049751,,,
dinov2b_fitzft,1,fair,stratum,dark,KC,2,0.0,0.3984375,,,
dinov2b_fitzft,1,fair,stratum,dark,MEL,3,0.6666666666666666,0.5520833333333334,,,
dinov2b_fitzft,1,fair,stratum,dark,LYM,13,0.8461538461538461,0.6971153846153846,,,
dinov2b_fitzft,1,fair,stratum,dark,OTH,1,1.0,0.828125,,,
dinov2b_fitzft,1,fair,overall,light,,20,0.6,,all,84.0,0.5843750000000001
dinov2b_fitzft,1,fair,overall,mid,,30,0.5333333333333333,,all,97.0,0.5024875621890547
dinov2b_fitzft,1,fair,overall,dark,,19,0.7368421052631579,,all,83.0,0.649671052631579
dinov2b_fitzft,1,fair,overall,light,,20,0.6,,noLYM,84.0,0.5843750000000001
dinov2b_fitzft,1,fair,overall,mid,,26,0.5384615384615384,,noLYM,93.0,0.5028702640642939
dinov2b_fitzft,1,fair,overall,dark,,6,0.5,,noLYM,70.0,0.546875
dinov2b_fitzft,2,source,stratum,light,KC,12,0.9166666666666666,0.5299479166666666,,,
dinov2b_fitzft,2,source,stratum,light,MEL,4,1.0,0.8359375,,,
dinov2b_fitzft,2,source,stratum,light,LYM,2,1.0,0.8046875,,,
dinov2b_fitzft,2,source,stratum,light,OTH,2,1.0,0.640625,,,
dinov2b_fitzft,2,source,stratum,mid,KC,25,0.92,0.6680597014925372,,,
dinov2b_fitzft,2,source,stratum,mid,MEL,3,0.6666666666666666,0.6915422885572139,,,
dinov2b_fitzft,2,source,stratum,mid,LYM,1,1.0,0.6865671641791045,,,
dinov2b_fitzft,2,source,stratum,mid,OTH,1,0.0,0.14925373134328357,,,
dinov2b_fitzft,2,source,stratum,dark,KC,4,0.75,0.5625,,,
dinov2b_fitzft,2,source,stratum,dark,MEL,4,0.75,0.5078125,,,
dinov2b_fitzft,2,source,stratum,dark,LYM,9,0.7777777777777778,0.5868055555555556,,,
dinov2b_fitzft,2,source,stratum,dark,OTH,2,1.0,0.8359375,,,
dinov2b_fitzft,2,source,overall,light,,20,0.95,,all,84.0,0.6296875
dinov2b_fitzft,2,source,overall,mid,,30,0.8666666666666667,,all,97.0,0.6537313432835821
dinov2b_fitzft,2,source,overall,dark,,19,0.7894736842105263,,all,83.0,0.591282894736842
dinov2b_fitzft,2,source,overall,light,,18,0.9444444444444444,,noLYM,82.0,0.6102430555555556
dinov2b_fitzft,2,source,overall,mid,,29,0.8620689655172413,,noLYM,96.0,0.6525990735975297
dinov2b_fitzft,2,source,overall,dark,,10,0.8,,noLYM,74.0,0.5953125
dinov2b_fitzft,2,simple,stratum,light,KC,12,0.75,0.6184895833333334,,,
dinov2b_fitzft,2,simple,stratum,light,MEL,4,0.75,0.71484375,,,
dinov2b_fitzft,2,simple,stratum,light,LYM,2,0.5,0.515625,,,
dinov2b_fitzft,2,simple,stratum,light,OTH,2,0.5,0.5625,,,
dinov2b_fitzft,2,simple,stratum,mid,KC,25,0.16,0.5808955223880597,,,
dinov2b_fitzft,2,simple,stratum,mid,MEL,3,0.6666666666666666,0.6218905472636816,,,
dinov2b_fitzft,2,simple,stratum,mid,LYM,1,0.0,0.417910447761194,,,
dinov2b_fitzft,2,simple,stratum,mid,OTH,1,0.0,0.29850746268656714,,,
dinov2b_fitzft,2,simple,stratum,dark,KC,4,0.5,0.8046875,,,
dinov2b_fitzft,2,simple,stratum,dark,MEL,4,0.0,0.3984375,,,
dinov2b_fitzft,2,simple,stratum,dark,LYM,9,0.1111111111111111,0.4340277777777778,,,
dinov2b_fitzft,2,simple,stratum,dark,OTH,2,0.5,0.8203125,,,
dinov2b_fitzft,2,simple,overall,light,,20,0.7,,all,84.0,0.621875
dinov2b_fitzft,2,simple,overall,mid,,30,0.2,,all,97.0,0.5701492537313433
dinov2b_fitzft,2,simple,overall,dark,,19,0.21052631578947367,,all,83.0,0.5452302631578947
dinov2b_fitzft,2,simple,overall,light,,18,0.7222222222222222,,noLYM,82.0,0.6336805555555556
dinov2b_fitzft,2,simple,overall,mid,,29,0.20689655172413793,,noLYM,96.0,0.5753988677303139
dinov2b_fitzft,2,simple,overall,dark,,10,0.3,,noLYM,74.0,0.6453125
dinov2b_fitzft,2,fair,stratum,light,KC,12,0.9166666666666666,0.6783854166666667,,,
dinov2b_fitzft,2,fair,stratum,light,MEL,4,1.0,0.859375,,,
dinov2b_fitzft,2,fair,stratum,light,LYM,2,1.0,0.578125,,,
dinov2b_fitzft,2,fair,stratum,light,OTH,2,1.0,0.4921875,,,
dinov2b_fitzft,2,fair,stratum,mid,KC,25,0.72,0.6244776119402985,,,
dinov2b_fitzft,2,fair,stratum,mid,MEL,3,0.6666666666666666,0.5671641791044776,,,
dinov2b_fitzft,2,fair,stratum,mid,LYM,1,0.0,0.28358208955223885,,,
dinov2b_fitzft,2,fair,stratum,mid,OTH,1,0.0,0.10447761194029848,,,
dinov2b_fitzft,2,fair,stratum,dark,KC,4,1.0,0.80078125,,,
dinov2b_fitzft,2,fair,stratum,dark,MEL,4,0.5,0.3671875,,,
dinov2b_fitzft,2,fair,stratum,dark,LYM,9,0.7777777777777778,0.59375,,,
dinov2b_fitzft,2,fair,stratum,dark,OTH,2,1.0,0.7421875,,,
dinov2b_fitzft,2,fair,overall,light,,20,0.95,,all,84.0,0.6859375
dinov2b_fitzft,2,fair,overall,mid,,30,0.6666666666666666,,all,97.0,0.590049751243781
dinov2b_fitzft,2,fair,overall,dark,,19,0.7894736842105263,,all,83.0,0.6052631578947368
dinov2b_fitzft,2,fair,overall,light,,18,0.9444444444444444,,noLYM,82.0,0.6979166666666667
dinov2b_fitzft,2,fair,overall,mid,,29,0.6896551724137931,,noLYM,96.0,0.6006176016469378
dinov2b_fitzft,2,fair,overall,dark,,10,0.8,,noLYM,74.0,0.6156250000000001
dinov2b_fitzft,3,source,stratum,light,KC,14,0.9285714285714286,0.4654017857142857,,,
dinov2b_fitzft,3,source,stratum,light,MEL,3,0.6666666666666666,0.5989583333333334,,,
dinov2b_fitzft,3,source,stratum,light,LYM,2,1.0,0.546875,,,
dinov2b_fitzft,3,source,stratum,light,OTH,1,1.0,0.3125,,,
dinov2b_fitzft,3,source,stratum,mid,KC,28,0.8928571428571429,0.6178038379530917,,,
dinov2b_fitzft,3,source,stratum,mid,MEL,1,0.0,0.11940298507462688,,,
dinov2b_fitzft,3,source,stratum,mid,LYM,1,1.0,0.7761194029850746,,,
dinov2b_fitzft,3,source,stratum,dark,KC,3,0.3333333333333333,0.296875,,,
dinov2b_fitzft,3,source,stratum,dark,MEL,3,0.6666666666666666,0.5364583333333333,,,
dinov2b_fitzft,3,source,stratum,dark,LYM,11,0.5454545454545454,0.38636363636363635,,,
dinov2b_fitzft,3,source,stratum,dark,OTH,2,1.0,0.703125,,,
dinov2b_fitzft,3,source,overall,light,,20,0.9,,all,84.0,0.48593749999999997
dinov2b_fitzft,3,source,overall,mid,,30,0.8666666666666667,,all,97.0,0.6064676616915423
dinov2b_fitzft,3,source,overall,dark,,19,0.5789473684210527,,all,83.0,0.4292763157894737
dinov2b_fitzft,3,source,overall,light,,18,0.8888888888888888,,noLYM,82.0,0.47916666666666663
dinov2b_fitzft,3,source,overall,mid,,29,0.8620689655172413,,noLYM,96.0,0.6006176016469378
dinov2b_fitzft,3,source,overall,dark,,8,0.625,,noLYM,72.0,0.48828125
dinov2b_fitzft,3,simple,stratum,light,KC,14,0.6428571428571429,0.5424107142857142,,,
dinov2b_fitzft,3,simple,stratum,light,MEL,3,0.3333333333333333,0.5520833333333333,,,
dinov2b_fitzft,3,simple,stratum,light,LYM,2,0.5,0.5546875,,,
dinov2b_fitzft,3,simple,stratum,light,OTH,1,1.0,0.703125,,,
dinov2b_fitzft,3,simple,stratum,mid,KC,28,0.5714285714285714,0.636460554371002,,,
dinov2b_fitzft,3,simple,stratum,mid,MEL,1,1.0,0.7611940298507462,,,
dinov2b_fitzft,3,simple,stratum,mid,LYM,1,1.0,0.7611940298507462,,,
dinov2b_fitzft,3,simple,stratum,dark,KC,3,0.0,0.3958333333333333,,,
dinov2b_fitzft,3,simple,stratum,dark,MEL,3,0.3333333333333333,0.5885416666666666,,,
dinov2b_fitzft,3,simple,stratum,dark,LYM,11,0.45454545454545453,0.546875,,,
dinov2b_fitzft,3,simple,stratum,dark,OTH,2,0.5,0.8125,,,
dinov2b_fitzft,3,simple,overall,light,,20,0.6,,all,84.0,0.553125
dinov2b_fitzft,3,simple,overall,mid,,30,0.6,,all,97.0,0.6447761194029851
dinov2b_fitzft,3,simple,overall,dark,,19,0.3684210526315789,,all,83.0,0.5575657894736843
dinov2b_fitzft,3,simple,overall,light,,18,0.6111111111111112,,noLYM,82.0,0.552951388888889
dinov2b_fitzft,3,simple,overall,mid,,29,0.5862068965517241,,noLYM,96.0,0.6407617086978898
dinov2b_fitzft,3,simple,overall,dark,,8,0.25,,noLYM,72.0,0.572265625
dinov2b_fitzft,3,fair,stratum,light,KC,14,0.5714285714285714,0.5145089285714286,,,
dinov2b_fitzft,3,fair,stratum,light,MEL,3,1.0,0.7239583333333334,,,
dinov2b_fitzft,3,fair,stratum,light,LYM,2,1.0,0.65625,,,
dinov2b_fitzft,3,fair,stratum,light,OTH,1,1.0,0.3125,,,
dinov2b_fitzft,3,fair,stratum,mid,KC,28,0.6071428571428571,0.5261194029850746,,,
dinov2b_fitzft,3,fair,stratum,mid,MEL,1,1.0,0.4477611940298507,,,
dinov2b_fitzft,3,fair,stratum,mid,LYM,1,1.0,0.8507462686567164,,,
dinov2b_fitzft,3,fair,stratum,dark,KC,3,0.6666666666666666,0.5364583333333334,,,
dinov2b_fitzft,3,fair,stratum,dark,MEL,3,0.0,0.3697916666666667,,,
dinov2b_fitzft,3,fair,stratum,dark,LYM,11,0.7272727272727273,0.6306818181818181,,,
dinov2b_fitzft,3,fair,stratum,dark,OTH,2,1.0,0.84375,,,
dinov2b_fitzft,3,fair,overall,light,,20,0.7,,all,84.0,0.55
dinov2b_fitzft,3,fair,overall,mid,,30,0.6333333333333333,,all,97.0,0.5343283582089553
dinov2b_fitzft,3,fair,overall,dark,,19,0.631578947368421,,all,83.0,0.5970394736842105
dinov2b_fitzft,3,fair,overall,light,,18,0.6666666666666666,,noLYM,82.0,0.5381944444444444
dinov2b_fitzft,3,fair,overall,mid,,29,0.6206896551724138,,noLYM,96.0,0.5234173957797221
dinov2b_fitzft,3,fair,overall,dark,,8,0.5,,noLYM,72.0,0.55078125
dinov2b_fitzft,4,source,stratum,light,KC,13,1.0,0.7776442307692308,,,
dinov2b_fitzft,4,source,stratum,light,MEL,5,0.6,0.5968749999999999,,,
dinov2b_fitzft,4,source,stratum,light,LYM,1,1.0,0.578125,,,
dinov2b_fitzft,4,source,stratum,light,OTH,1,1.0,0.515625,,,
dinov2b_fitzft,4,source,stratum,mid,KC,25,0.88,0.5761194029850747,,,
dinov2b_fitzft,4,source,stratum,mid,MEL,3,0.0,0.22388059701492538,,,
dinov2b_fitzft,4,source,stratum,mid,LYM,1,1.0,0.6417910447761195,,,
dinov2b_fitzft,4,source,stratum,mid,OTH,1,1.0,0.7313432835820896,,,
dinov2b_fitzft,4,source,stratum,dark,KC,4,0.5,0.5703125,,,
dinov2b_fitzft,4,source,stratum,dark,MEL,2,0.5,0.5390625,,,
dinov2b_fitzft,4,source,stratum,dark,LYM,12,0.6666666666666666,0.5182291666666666,,,
dinov2b_fitzft,4,source,stratum,dark,OTH,1,1.0,0.921875,,,
dinov2b_fitzft,4,source,overall,light,,20,0.9,,all,84.0,0.709375
dinov2b_fitzft,4,source,overall,mid,,30,0.8,,all,97.0,0.5482587064676617
dinov2b_fitzft,4,source,overall,dark,,19,0.631578947368421,,all,83.0,0.5526315789473684
dinov2b_fitzft,4,source,overall,light,,19,0.8947368421052632,,noLYM,83.0,0.7162828947368421
dinov2b_fitzft,4,source,overall,mid,,29,0.7931034482758621,,noLYM,96.0,0.5450334534225425
dinov2b_fitzft,4,source,overall,dark,,7,0.5714285714285714,,noLYM,71.0,0.6116071428571428
dinov2b_fitzft,4,simple,stratum,light,KC,13,0.5384615384615384,0.6370192307692307,,,
dinov2b_fitzft,4,simple,stratum,light,MEL,5,0.4,0.46875,,,
dinov2b_fitzft,4,simple,stratum,light,LYM,1,0.0,0.203125,,,
dinov2b_fitzft,4,simple,stratum,light,OTH,1,1.0,0.765625,,,
dinov2b_fitzft,4,simple,stratum,mid,KC,25,0.28,0.5552238805970149,,,
dinov2b_fitzft,4,simple,stratum,mid,MEL,3,0.3333333333333333,0.6965174129353234,,,
dinov2b_fitzft,4,simple,stratum,mid,LYM,1,1.0,0.9701492537313433,,,
dinov2b_fitzft,4,simple,stratum,mid,OTH,1,0.0,0.8059701492537313,,,
dinov2b_fitzft,4,simple,stratum,dark,KC,4,0.25,0.45703125,,,
dinov2b_fitzft,4,simple,stratum,dark,MEL,2,0.5,0.796875,,,
dinov2b_fitzft,4,simple,stratum,dark,LYM,12,0.25,0.5455729166666667,,,
dinov2b_fitzft,4,simple,stratum,dark,OTH,1,0.0,0.625,,,
dinov2b_fitzft,4,simple,overall,light,,20,0.5,,all,84.0,0.5796875
dinov2b_fitzft,4,simple,overall,mid,,30,0.3,,all,97.0,0.5915422885572139
dinov2b_fitzft,4,simple,overall,dark,,19,0.2631578947368421,,all,83.0,0.5575657894736842
dinov2b_fitzft,4,simple,overall,light,,19,0.5263157894736842,,noLYM,83.0,0.5995065789473685
dinov2b_fitzft,4,simple,overall,mid,,29,0.27586206896551724,,noLYM,96.0,0.5784868759650026
dinov2b_fitzft,4,simple,overall,dark,,7,0.2857142857142857,,noLYM,71.0,0.578125
dinov2b_fitzft,4,fair,stratum,light,KC,13,0.9230769230769231,0.6262019230769231,,,
dinov2b_fitzft,4,fair,stratum,light,MEL,5,0.8,0.540625,,,
dinov2b_fitzft,4,fair,stratum,light,LYM,1,1.0,0.578125,,,
dinov2b_fitzft,4,fair,stratum,light,OTH,1,0.0,0.1875,,,
dinov2b_fitzft,4,fair,stratum,mid,KC,25,0.8,0.6597014925373135,,,
dinov2b_fitzft,4,fair,stratum,mid,MEL,3,0.3333333333333333,0.3582089552238806,,,
dinov2b_fitzft,4,fair,stratum,mid,LYM,1,1.0,0.8955223880597015,,,
dinov2b_fitzft,4,fair,stratum,mid,OTH,1,1.0,0.8208955223880597,,,
dinov2b_fitzft,4,fair,stratum,dark,KC,4,0.25,0.53125,,,
dinov2b_fitzft,4,fair,stratum,dark,MEL,2,0.5,0.6171875,,,
dinov2b_fitzft,4,fair,stratum,dark,LYM,12,0.75,0.65234375,,,
dinov2b_fitzft,4,fair,stratum,dark,OTH,1,1.0,0.84375,,,
dinov2b_fitzft,4,fair,overall,light,,20,0.85,,all,84.0,0.58046875
dinov2b_fitzft,4,fair,overall,mid,,30,0.7666666666666667,,all,97.0,0.6427860696517412
dinov2b_fitzft,4,fair,overall,dark,,19,0.631578947368421,,all,83.0,0.6332236842105263
dinov2b_fitzft,4,fair,overall,light,,19,0.8421052631578947,,noLYM,83.0,0.5805921052631579
dinov2b_fitzft,4,fair,overall,mid,,29,0.7586206896551724,,noLYM,96.0,0.6340710241893979
dinov2b_fitzft,4,fair,overall,dark,,7,0.42857142857142855,,noLYM,71.0,0.6004464285714286
dinov2b_fitzft,5,source,stratum,light,KC,14,0.9285714285714286,0.5993303571428571,,,
dinov2b_fitzft,5,source,stratum,light,MEL,3,1.0,0.875,,,
dinov2b_fitzft,5,source,stratum,light,LYM,1,1.0,0.53125,,,
dinov2b_fitzft,5,source,stratum,light,OTH,2,1.0,0.625,,,
dinov2b_fitzft,5,source,stratum,mid,KC,26,0.8076923076923077,0.5057405281285878,,,
dinov2b_fitzft,5,source,stratum,mid,MEL,3,0.3333333333333333,0.16417910447761197,,,
dinov2b_fitzft,5,source,stratum,mid,LYM,1,1.0,0.9104477611940298,,,
dinov2b_fitzft,5,source,stratum,dark,KC,3,0.3333333333333333,0.40625,,,
dinov2b_fitzft,5,source,stratum,dark,MEL,5,0.6,0.403125,,,
dinov2b_fitzft,5,source,stratum,dark,LYM,10,0.5,0.496875,,,
dinov2b_fitzft,5,source,stratum,dark,OTH,1,1.0,0.71875,,,
dinov2b_fitzft,5,source,overall,light,,20,0.95,,all,84.0,0.6398437499999999
dinov2b_fitzft,5,source,overall,mid,,30,0.7666666666666667,,all,97.0,0.4850746268656716
dinov2b_fitzft,5,source,overall,dark,,19,0.5263157894736842,,all,83.0,0.46957236842105265
dinov2b_fitzft,5,source,overall,light,,19,0.9473684210526315,,noLYM,83.0,0.6455592105263158
dinov2b_fitzft,5,source,overall,mid,,29,0.7586206896551724,,noLYM,96.0,0.4704065877509007
dinov2b_fitzft,5,source,overall,dark,,9,0.5555555555555556,,noLYM,73.0,0.43923611111111116
dinov2b_fitzft,5,simple,stratum,light,KC,14,0.35714285714285715,0.5970982142857143,,,
dinov2b_fitzft,5,simple,stratum,light,MEL,3,0.3333333333333333,0.6302083333333333,,,
dinov2b_fitzft,5,simple,stratum,light,LYM,1,0.0,0.296875,,,
dinov2b_fitzft,5,simple,stratum,light,OTH,2,0.0,0.453125,,,
dinov2b_fitzft,5,simple,stratum,mid,KC,26,0.34615384615384615,0.5998851894374282,,,
dinov2b_fitzft,5,simple,stratum,mid,MEL,3,0.0,0.4776119402985074,,,
dinov2b_fitzft,5,simple,stratum,mid,LYM,1,0.0,0.6716417910447761,,,
dinov2b_fitzft,5,simple,stratum,dark,KC,3,0.3333333333333333,0.46874999999999994,,,
dinov2b_fitzft,5,simple,stratum,dark,MEL,5,0.0,0.31562500000000004,,,
dinov2b_fitzft,5,simple,stratum,dark,LYM,10,0.4,0.5765625,,,
dinov2b_fitzft,5,simple,stratum,dark,OTH,1,1.0,0.75,,,
dinov2b_fitzft,5,simple,overall,light,,20,0.3,,all,84.0,0.57265625
dinov2b_fitzft,5,simple,overall,mid,,30,0.3,,all,97.0,0.590049751243781
dinov2b_fitzft,5,simple,overall,dark,,19,0.3157894736842105,,all,83.0,0.5
dinov2b_fitzft,5,simple,overall,light,,19,0.3157894736842105,,noLYM,83.0,0.5871710526315789
dinov2b_fitzft,5,simple,overall,mid,,29,0.3103448275862069,,noLYM,96.0,0.5872362326299536
dinov2b_fitzft,5,simple,overall,dark,,9,0.2222222222222222,,noLYM,73.0,0.4149305555555556
dinov2b_fitzft,5,fair,stratum,light,KC,14,0.7142857142857143,0.6205357142857142,,,
dinov2b_fitzft,5,fair,stratum,light,MEL,3,1.0,0.90625,,,
dinov2b_fitzft,5,fair,stratum,light,LYM,1,1.0,0.625,,,
dinov2b_fitzft,5,fair,stratum,light,OTH,2,0.5,0.3046875,,,
dinov2b_fitzft,5,fair,stratum,mid,KC,26,0.5384615384615384,0.5671641791044777,,,
dinov2b_fitzft,5,fair,stratum,mid,MEL,3,0.3333333333333333,0.45273631840796014,,,
dinov2b_fitzft,5,fair,stratum,mid,LYM,1,0.0,0.5223880597014925,,,
dinov2b_fitzft,5,fair,stratum,dark,KC,3,0.3333333333333333,0.5520833333333333,,,
dinov2b_fitzft,5,fair,stratum,dark,MEL,5,0.2,0.359375,,,
dinov2b_fitzft,5,fair,stratum,dark,LYM,10,0.8,0.7421875,,,
dinov2b_fitzft,5,fair,stratum,dark,OTH,1,1.0,0.6875,,,
dinov2b_fitzft,5,fair,overall,light,,20,0.75,,all,84.0,0.6320312499999999
dinov2b_fitzft,5,fair,overall,mid,,30,0.5,,all,97.0,0.554228855721393
dinov2b_fitzft,5,fair,overall,dark,,19,0.5789473684210527,,all,83.0,0.6085526315789473
dinov2b_fitzft,5,fair,overall,light,,19,0.7368421052631579,,noLYM,83.0,0.6324013157894737
dinov2b_fitzft,5,fair,overall,mid,,29,0.5172413793103449,,noLYM,96.0,0.5553268142048379
dinov2b_fitzft,5,fair,overall,dark,,9,0.3333333333333333,,noLYM,73.0,0.4600694444444444
dinov2b_fitzft,6,source,stratum,light,KC,16,0.8125,0.505859375,,,
dinov2b_fitzft,6,source,stratum,light,MEL,2,0.5,0.4765625,,,
dinov2b_fitzft,6,source,stratum,light,LYM,1,1.0,0.53125,,,
dinov2b_fitzft,6,source,stratum,light,OTH,1,1.0,0.40625,,,
dinov2b_fitzft,6,source,stratum,mid,KC,23,0.8695652173913043,0.5866320571057755,,,
dinov2b_fitzft,6,source,stratum,mid,MEL,3,1.0,0.9900497512437811,,,
dinov2b_fitzft,6,source,stratum,mid,LYM,3,1.0,0.6517412935323383,,,
dinov2b_fitzft,6,source,stratum,mid,OTH,1,1.0,0.7462686567164178,,,
dinov2b_fitzft,6,source,stratum,dark,KC,2,0.5,0.5390625,,,
dinov2b_fitzft,6,source,stratum,dark,MEL,5,0.8,0.5625,,,
dinov2b_fitzft,6,source,stratum,dark,LYM,11,0.6363636363636364,0.5014204545454545,,,
dinov2b_fitzft,6,source,stratum,dark,OTH,1,1.0,0.90625,,,
dinov2b_fitzft,6,source,overall,light,,20,0.8,,all,84.0,0.49921875
dinov2b_fitzft,6,source,overall,mid,,30,0.9,,all,97.0,0.6388059701492538
dinov2b_fitzft,6,source,overall,dark,,19,0.6842105263157895,,all,83.0,0.5427631578947367
dinov2b_fitzft,6,source,overall,light,,19,0.7894736842105263,,noLYM,83.0,0.4975328947368421
dinov2b_fitzft,6,source,overall,mid,,27,0.8888888888888888,,noLYM,94.0,0.6373687119955778
dinov2b_fitzft,6,source,overall,dark,,8,0.75,,noLYM,72.0,0.599609375
dinov2b_fitzft,6,simple,stratum,light,KC,16,0.375,0.494140625,,,
dinov2b_fitzft,6,simple,stratum,light,MEL,2,0.5,0.515625,,,
dinov2b_fitzft,6,simple,stratum,light,LYM,1,0.0,0.453125,,,
dinov2b_fitzft,6,simple,stratum,light,OTH,1,1.0,0.8125,,,
dinov2b_fitzft,6,simple,stratum,mid,KC,23,0.4782608695652174,0.6586632057105776,,,
dinov2b_fitzft,6,simple,stratum,mid,MEL,3,0.3333333333333333,0.30845771144278605,,,
dinov2b_fitzft,6,simple,stratum,mid,LYM,3,0.3333333333333333,0.5572139303482587,,,
dinov2b_fitzft,6,simple,stratum,mid,OTH,1,0.0,0.5522388059701493,,,
dinov2b_fitzft,6,simple,stratum,dark,KC,2,1.0,0.96875,,,
dinov2b_fitzft,6,simple,stratum,dark,MEL,5,0.0,0.384375,,,
dinov2b_fitzft,6,simple,stratum,dark,LYM,11,0.45454545454545453,0.6576704545454546,,,
dinov2b_fitzft,6,simple,stratum,dark,OTH,1,0.0,0.71875,,,
dinov2b_fitzft,6,simple,overall,light,,20,0.4,,all,84.0,0.51015625
dinov2b_fitzft,6,simple,overall,mid,,30,0.43333333333333335,,all,97.0,0.609950248756219
dinov2b_fitzft,6,simple,overall,dark,,19,0.3684210526315789,,all,83.0,0.6217105263157894
dinov2b_fitzft,6,simple,overall,light,,19,0.42105263157894735,,noLYM,83.0,0.513157894736842
dinov2b_fitzft,6,simple,overall,mid,,27,0.4444444444444444,,noLYM,94.0,0.6158098396904367
dinov2b_fitzft,6,simple,overall,dark,,8,0.25,,noLYM,72.0,0.572265625
dinov2b_fitzft,6,fair,stratum,light,KC,16,0.4375,0.498046875,,,
dinov2b_fitzft,6,fair,stratum,light,MEL,2,0.5,0.5390625,,,
dinov2b_fitzft,6,fair,stratum,light,LYM,1,1.0,0.578125,,,
dinov2b_fitzft,6,fair,stratum,light,OTH,1,0.0,0.265625,,,
dinov2b_fitzft,6,fair,stratum,mid,KC,23,0.6521739130434783,0.6346528228423102,,,
dinov2b_fitzft,6,fair,stratum,mid,MEL,3,0.3333333333333333,0.4278606965174129,,,
dinov2b_fitzft,6,fair,stratum,mid,LYM,3,0.3333333333333333,0.3830845771144278,,,
dinov2b_fitzft,6,fair,stratum,mid,OTH,1,1.0,0.7313432835820896,,,
dinov2b_fitzft,6,fair,stratum,dark,KC,2,1.0,0.875,,,
dinov2b_fitzft,6,fair,stratum,dark,MEL,5,0.4,0.46874999999999994,,,
dinov2b_fitzft,6,fair,stratum,dark,LYM,11,0.8181818181818182,0.6477272727272727,,,
dinov2b_fitzft,6,fair,stratum,dark,OTH,1,1.0,0.90625,,,
dinov2b_fitzft,6,fair,overall,light,,20,0.45,,all,84.0,0.49453125
dinov2b_fitzft,6,fair,overall,mid,,30,0.6,,all,97.0,0.592039800995025
dinov2b_fitzft,6,fair,overall,dark,,19,0.7368421052631579,,all,83.0,0.6381578947368421
dinov2b_fitzft,6,fair,overall,light,,19,0.42105263157894735,,noLYM,83.0,0.4901315789473685
dinov2b_fitzft,6,fair,overall,mid,,27,0.6296296296296297,,noLYM,94.0,0.615257048092869
dinov2b_fitzft,6,fair,overall,dark,,8,0.625,,noLYM,72.0,0.625
dinov2b_fitzft,7,source,stratum,light,KC,12,0.9166666666666666,0.5625,,,
dinov2b_fitzft,7,source,stratum,light,MEL,4,0.75,0.6640625,,,
dinov2b_fitzft,7,source,stratum,light,LYM,2,1.0,0.6484375,,,
dinov2b_fitzft,7,source,stratum,light,OTH,2,0.5,0.2265625,,,
dinov2b_fitzft,7,source,stratum,mid,KC,20,0.9,0.6067164179104478,,,
dinov2b_fitzft,7,source,stratum,mid,MEL,4,0.75,0.6119402985074627,,,
dinov2b_fitzft,7,source,stratum,mid,LYM,4,1.0,0.6902985074626865,,,
dinov2b_fitzft,7,source,stratum,mid,OTH,2,0.0,0.17910447761194032,,,
dinov2b_fitzft,7,source,stratum,dark,KC,3,0.3333333333333333,0.41666666666666663,,,
dinov2b_fitzft,7,source,stratum,dark,MEL,4,0.5,0.47265625,,,
dinov2b_fitzft,7,source,stratum,dark,LYM,11,0.9090909090909091,0.5383522727272727,,,
dinov2b_fitzft,7,source,stratum,dark,OTH,1,1.0,0.703125,,,
dinov2b_fitzft,7,source,overall,light,,20,0.85,,all,84.0,0.5578125
dinov2b_fitzft,7,source,overall,mid,,30,0.8333333333333334,,all,97.0,0.590049751243781
dinov2b_fitzft,7,source,overall,dark,,19,0.7368421052631579,,all,83.0,0.5139802631578947
dinov2b_fitzft,7,source,overall,light,,18,0.8333333333333334,,noLYM,82.0,0.5477430555555556
dinov2b_fitzft,7,source,overall,mid,,26,0.8076923076923077,,noLYM,93.0,0.5746268656716418
dinov2b_fitzft,7,source,overall,dark,,8,0.5,,noLYM,72.0,0.48046875
dinov2b_fitzft,7,simple,stratum,light,KC,12,0.25,0.46223958333333337,,,
dinov2b_fitzft,7,simple,stratum,light,MEL,4,0.75,0.75,,,
dinov2b_fitzft,7,simple,stratum,light,LYM,2,0.0,0.171875,,,
dinov2b_fitzft,7,simple,stratum,light,OTH,2,0.5,0.6484375,,,
dinov2b_fitzft,7,simple,stratum,mid,KC,20,0.55,0.758955223880597,,,
dinov2b_fitzft,7,simple,stratum,mid,MEL,4,0.25,0.5597014925373134,,,
dinov2b_fitzft,7,simple,stratum,mid,LYM,4,0.25,0.6343283582089553,,,
dinov2b_fitzft,7,simple,stratum,mid,OTH,2,0.0,0.16417910447761191,,,
dinov2b_fitzft,7,simple,stratum,dark,KC,3,0.3333333333333333,0.5104166666666666,,,
dinov2b_fitzft,7,simple,stratum,dark,MEL,4,0.25,0.64453125,,,
dinov2b_fitzft,7,simple,stratum,dark,LYM,11,0.18181818181818182,0.578125,,,
dinov2b_fitzft,7,simple,stratum,dark,OTH,1,1.0,0.953125,,,
dinov2b_fitzft,7,simple,overall,light,,20,0.35,,all,84.0,0.509375
dinov2b_fitzft,7,simple,overall,mid,,30,0.43333333333333335,,all,97.0,0.6761194029850747
dinov2b_fitzft,7,simple,overall,dark,,19,0.2631578947368421,,all,83.0,0.6011513157894737
dinov2b_fitzft,7,simple,overall,light,,18,0.3888888888888889,,noLYM,82.0,0.546875
dinov2b_fitzft,7,simple,overall,mid,,26,0.46153846153846156,,noLYM,93.0,0.682548794489093
dinov2b_fitzft,7,simple,overall,dark,,8,0.375,,noLYM,72.0,0.6328125
dinov2b_fitzft,7,fair,stratum,light,KC,12,0.75,0.5729166666666667,,,
dinov2b_fitzft,7,fair,stratum,light,MEL,4,1.0,0.796875,,,
dinov2b_fitzft,7,fair,stratum,light,LYM,2,0.5,0.3359375,,,
dinov2b_fitzft,7,fair,stratum,light,OTH,2,0.5,0.4921875,,,
dinov2b_fitzft,7,fair,stratum,mid,KC,20,0.65,0.664179104477612,,,
dinov2b_fitzft,7,fair,stratum,mid,MEL,4,0.5,0.6156716417910448,,,
dinov2b_fitzft,7,fair,stratum,mid,LYM,4,0.5,0.49253731343283585,,,
dinov2b_fitzft,7,fair,stratum,mid,OTH,2,0.0,0.29850746268656714,,,
dinov2b_fitzft,7,fair,stratum,dark,KC,3,0.6666666666666666,0.5729166666666666,,,
dinov2b_fitzft,7,fair,stratum,dark,MEL,4,0.5,0.67578125,,,
dinov2b_fitzft,7,fair,stratum,dark,LYM,11,0.5454545454545454,0.6036931818181819,,,
dinov2b_fitzft,7,fair,stratum,dark,OTH,1,1.0,0.859375,,,
dinov2b_fitzft,7,fair,overall,light,,20,0.75,,all,84.0,0.5859375
dinov2b_fitzft,7,fair,overall,mid,,30,0.5666666666666667,,all,97.0,0.6104477611940299
dinov2b_fitzft,7,fair,overall,dark,,19,0.5789473684210527,,all,83.0,0.6274671052631579
dinov2b_fitzft,7,fair,overall,light,,18,0.7777777777777778,,noLYM,82.0,0.6137152777777778
dinov2b_fitzft,7,fair,overall,mid,,26,0.5769230769230769,,noLYM,93.0,0.6285878300803673
dinov2b_fitzft,7,fair,overall,dark,,8,0.625,,noLYM,72.0,0.66015625
dinov2b_fitzft,8,source,stratum,light,KC,14,0.9285714285714286,0.65625,,,
dinov2b_fitzft,8,source,stratum,light,MEL,2,1.0,0.8984375,,,
dinov2b_fitzft,8,source,stratum,light,LYM,1,1.0,0.515625,,,
dinov2b_fitzft,8,source,stratum,light,OTH,3,0.6666666666666666,0.4270833333333333,,,
dinov2b_fitzft,8,source,stratum,mid,KC,26,0.9615384615384616,0.5683122847301951,,,
dinov2b_fitzft,8,source,stratum,mid,MEL,2,0.5,0.5522388059701493,,,
dinov2b_fitzft,8,source,stratum,mid,LYM,2,1.0,0.4552238805970149,,,
dinov2b_fitzft,8,source,stratum,dark,KC,4,1.0,0.57421875,,,
dinov2b_fitzft,8,source,stratum,dark,MEL,3,0.6666666666666666,0.45833333333333326,,,
dinov2b_fitzft,8,source,stratum,dark,LYM,10,1.0,0.5453125,,,
dinov2b_fitzft,8,source,stratum,dark,OTH,2,1.0,0.953125,,,
dinov2b_fitzft,8,source,overall,light,,20,0.9,,all,84.0,0.6390625
dinov2b_fitzft,8,source,overall,mid,,30,0.9333333333333333,,all,97.0,0.5597014925373134
dinov2b_fitzft,8,source,overall,dark,,19,0.9473684210526315,,all,83.0,0.5805921052631579
dinov2b_fitzft,8,source,overall,light,,19,0.8947368421052632,,noLYM,83.0,0.6455592105263157
dinov2b_fitzft,8,source,overall,mid,,28,0.9285714285714286,,noLYM,95.0,0.5671641791044777
dinov2b_fitzft,8,source,overall,dark,,9,0.8888888888888888,,noLYM,73.0,0.6197916666666666
dinov2b_fitzft,8,simple,stratum,light,KC,14,0.5,0.5926339285714286,,,
dinov2b_fitzft,8,simple,stratum,light,MEL,2,0.5,0.71875,,,
dinov2b_fitzft,8,simple,stratum,light,LYM,1,0.0,0.125,,,
dinov2b_fitzft,8,simple,stratum,light,OTH,3,0.3333333333333333,0.41666666666666663,,,
dinov2b_fitzft,8,simple,stratum,mid,KC,26,0.46153846153846156,0.664179104477612,,,
dinov2b_fitzft,8,simple,stratum,mid,MEL,2,0.5,0.5970149253731343,,,
dinov2b_fitzft,8,simple,stratum,mid,LYM,2,0.0,0.7388059701492538,,,
dinov2b_fitzft,8,simple,stratum,dark,KC,4,0.0,0.359375,,,
dinov2b_fitzft,8,simple,stratum,dark,MEL,3,0.0,0.203125,,,
dinov2b_fitzft,8,simple,stratum,dark,LYM,10,0.3,0.5421875,,,
dinov2b_fitzft,8,simple,stratum,dark,OTH,2,1.0,0.75,,,
dinov2b_fitzft,8,simple,overall,light,,20,0.45,,all,84.0,0.5554687500000001
dinov2b_fitzft,8,simple,overall,mid,,30,0.43333333333333335,,all,97.0,0.6646766169154229
dinov2b_fitzft,8,simple,overall,dark,,19,0.2631578947368421,,all,83.0,0.4720394736842105
dinov2b_fitzft,8,simple,overall,light,,19,0.47368421052631576,,noLYM,83.0,0.578125
dinov2b_fitzft,8,simple,overall,mid,,28,0.4642857142857143,,noLYM,95.0,0.6593816631130064
dinov2b_fitzft,8,simple,overall,dark,,9,0.2222222222222222,,noLYM,73.0,0.3940972222222222
dinov2b_fitzft,8,fair,stratum,light,KC,14,0.6428571428571429,0.609375,,,
dinov2b_fitzft,8,fair,stratum,light,MEL,2,1.0,0.984375,,,
dinov2b_fitzft,8,fair,stratum,light,LYM,1,0.0,0.21875,,,
dinov2b_fitzft,8,fair,stratum,light,OTH,3,0.3333333333333333,0.39583333333333326,,,
dinov2b_fitzft,8,fair,stratum,mid,KC,26,0.6538461538461539,0.6417910447761194,,,
dinov2b_fitzft,8,fair,stratum,mid,MEL,2,0.5,0.5149253731343284,,,
dinov2b_fitzft,8,fair,stratum,mid,LYM,2,0.0,0.34328358208955223,,,
dinov2b_fitzft,8,fair,stratum,dark,KC,4,0.25,0.421875,,,
dinov2b_fitzft,8,fair,stratum,dark,MEL,3,0.0,0.375,,,
dinov2b_fitzft,8,fair,stratum,dark,LYM,10,0.7,0.6234375,,,
dinov2b_fitzft,8,fair,stratum,dark,OTH,2,1.0,0.7890625,,,
dinov2b_fitzft,8,fair,overall,light,,20,0.6,,all,84.0,0.5953125
dinov2b_fitzft,8,fair,overall,mid,,30,0.6,,all,97.0,0.6134328358208956
dinov2b_fitzft,8,fair,overall,dark,,19,0.5263157894736842,,all,83.0,0.5592105263157895
dinov2b_fitzft,8,fair,overall,light,,19,0.631578947368421,,noLYM,83.0,0.6151315789473684
dinov2b_fitzft,8,fair,overall,mid,,28,0.6428571428571429,,noLYM,95.0,0.63272921108742
dinov2b_fitzft,8,fair,overall,dark,,9,0.3333333333333333,,noLYM,73.0,0.48784722222222227
dinov2b_fitzft,9,source,stratum,light,KC,16,0.875,0.6015625,,,
dinov2b_fitzft,9,source,stratum,light,MEL,1,1.0,0.890625,,,
dinov2b_fitzft,9,source,stratum,light,LYM,1,1.0,0.828125,,,
dinov2b_fitzft,9,source,stratum,light,OTH,2,1.0,0.5859375,,,
dinov2b_fitzft,9,source,stratum,mid,KC,23,0.782608695652174,0.5931213497728747,,,
dinov2b_fitzft,9,source,stratum,mid,MEL,4,0.5,0.42164179104477617,,,
dinov2b_fitzft,9,source,stratum,mid,LYM,2,1.0,0.7238805970149254,,,
dinov2b_fitzft,9,source,stratum,mid,OTH,1,1.0,0.6865671641791045,,,
dinov2b_fitzft,9,source,stratum,dark,KC,2,0.0,0.265625,,,
dinov2b_fitzft,9,source,stratum,dark,MEL,5,0.4,0.36562500000000003,,,
dinov2b_fitzft,9,source,stratum,dark,LYM,9,0.5555555555555556,0.4861111111111111,,,
dinov2b_fitzft,9,source,stratum,dark,OTH,3,1.0,0.7239583333333333,,,
dinov2b_fitzft,9,source,overall,light,,20,0.9,,all,84.0,0.62578125
dinov2b_fitzft,9,source,overall,mid,,30,0.7666666666666667,,all,97.0,0.582089552238806
dinov2b_fitzft,9,source,overall,dark,,19,0.5263157894736842,,all,83.0,0.46875
dinov2b_fitzft,9,source,overall,light,,19,0.8947368421052632,,noLYM,83.0,0.6151315789473684
dinov2b_fitzft,9,source,overall,mid,,28,0.75,,noLYM,95.0,0.5719616204690832
dinov2b_fitzft,9,source,overall,dark,,10,0.5,,noLYM,74.0,0.453125
dinov2b_fitzft,9,simple,stratum,light,KC,16,0.375,0.4853515625,,,
dinov2b_fitzft,9,simple,stratum,light,MEL,1,1.0,0.96875,,,
dinov2b_fitzft,9,simple,stratum,light,LYM,1,0.0,0.28125,,,
dinov2b_fitzft,9,simple,stratum,light,OTH,2,0.0,0.2734375,,,
dinov2b_fitzft,9,simple,stratum,mid,KC,23,0.21739130434782608,0.5321219987021415,,,
dinov2b_fitzft,9,simple,stratum,mid,MEL,4,0.0,0.2873134328358209,,,
dinov2b_fitzft,9,simple,stratum,mid,LYM,2,0.5,0.7014925373134329,,,
dinov2b_fitzft,9,simple,stratum,mid,OTH,1,0.0,0.25373134328358204,,,
dinov2b_fitzft,9,simple,stratum,dark,KC,2,0.5,0.6875,,,
dinov2b_fitzft,9,simple,stratum,dark,MEL,5,0.2,0.528125,,,
dinov2b_fitzft,9,simple,stratum,dark,LYM,9,0.4444444444444444,0.564236111111111,,,
dinov2b_fitzft,9,simple,stratum,dark,OTH,3,0.3333333333333333,0.6614583333333333,,,
dinov2b_fitzft,9,simple,overall,light,,20,0.35,,all,84.0,0.47812499999999997
dinov2b_fitzft,9,simple,overall,mid,,30,0.2,,all,97.0,0.5014925373134329
dinov2b_fitzft,9,simple,overall,dark,,19,0.3684210526315789,,all,83.0,0.5830592105263157
dinov2b_fitzft,9,simple,overall,light,,19,0.3684210526315789,,noLYM,83.0,0.48848684210526316
dinov2b_fitzft,9,simple,overall,mid,,28,0.17857142857142858,,noLYM,95.0,0.48720682302771856
dinov2b_fitzft,9,simple,overall,dark,,10,0.3,,noLYM,74.0,0.6
dinov2b_fitzft,9,fair,stratum,light,KC,16,0.5,0.4951171875,,,
dinov2b_fitzft,9,fair,stratum,light,MEL,1,1.0,1.0,,,
dinov2b_fitzft,9,fair,stratum,light,LYM,1,0.0,0.171875,,,
dinov2b_fitzft,9,fair,stratum,light,OTH,2,0.5,0.3515625,,,
dinov2b_fitzft,9,fair,stratum,mid,KC,23,0.391304347826087,0.46203763789746916,,,
dinov2b_fitzft,9,fair,stratum,mid,MEL,4,0.25,0.30970149253731344,,,
dinov2b_fitzft,9,fair,stratum,mid,LYM,2,0.5,0.708955223880597,,,
dinov2b_fitzft,9,fair,stratum,mid,OTH,1,0.0,0.32835820895522383,,,
dinov2b_fitzft,9,fair,stratum,dark,KC,2,1.0,0.9609375,,,
dinov2b_fitzft,9,fair,stratum,dark,MEL,5,0.4,0.603125,,,
dinov2b_fitzft,9,fair,stratum,dark,LYM,9,0.5555555555555556,0.6336805555555556,,,
dinov2b_fitzft,9,fair,stratum,dark,OTH,3,1.0,0.5989583333333334,,,
dinov2b_fitzft,9,fair,overall,light,,20,0.5,,all,84.0,0.48984375
dinov2b_fitzft,9,fair,overall,mid,,30,0.36666666666666664,,all,97.0,0.4537313432835821
dinov2b_fitzft,9,fair,overall,dark,,19,0.631578947368421,,all,83.0,0.6546052631578947
dinov2b_fitzft,9,fair,overall,light,,19,0.5263157894736842,,noLYM,83.0,0.506578947368421
dinov2b_fitzft,9,fair,overall,mid,,28,0.35714285714285715,,noLYM,95.0,0.43550106609808104
dinov2b_fitzft,9,fair,overall,dark,,10,0.7,,noLYM,74.0,0.6734375
dinov2b_fitzft,10,source,stratum,light,KC,16,1.0,0.65234375,,,
dinov2b_fitzft,10,source,stratum,light,MEL,2,0.5,0.4609375,,,
dinov2b_fitzft,10,source,stratum,light,LYM,1,1.0,0.875,,,
dinov2b_fitzft,10,source,stratum,light,OTH,1,1.0,0.421875,,,
dinov2b_fitzft,10,source,stratum,mid,KC,21,0.8571428571428571,0.5444207533759773,,,
dinov2b_fitzft,10,source,stratum,mid,MEL,3,0.6666666666666666,0.4626865671641791,,,
dinov2b_fitzft,10,source,stratum,mid,LYM,3,1.0,0.7164179104477612,,,
dinov2b_fitzft,10,source,stratum,mid,OTH,3,0.3333333333333333,0.2885572139303483,,,
dinov2b_fitzft,10,source,stratum,dark,KC,5,0.8,0.60625,,,
dinov2b_fitzft,10,source,stratum,dark,MEL,2,0.0,0.1875,,,
dinov2b_fitzft,10,source,stratum,dark,LYM,11,0.6363636363636364,0.4133522727272727,,,
dinov2b_fitzft,10,source,stratum,dark,OTH,1,1.0,0.546875,,,
dinov2b_fitzft,10,source,overall,light,,20,0.95,,all,84.0,0.6328125
dinov2b_fitzft,10,source,overall,mid,,30,0.8,,all,97.0,0.527860696517413
dinov2b_fitzft,10,source,overall,dark,,19,0.631578947368421,,all,83.0,0.4473684210526316
dinov2b_fitzft,10,source,overall,light,,19,0.9473684210526315,,noLYM,83.0,0.6200657894736842
dinov2b_fitzft,10,source,overall,mid,,27,0.7777777777777778,,noLYM,94.0,0.5069098949695965
dinov2b_fitzft,10,source,overall,dark,,8,0.625,,noLYM,72.0,0.494140625
dinov2b_fitzft,10,simple,stratum,light,KC,16,0.75,0.71875,,,
dinov2b_fitzft,10,simple,stratum,light,MEL,2,0.0,0.5078125,,,
dinov2b_fitzft,10,simple,stratum,light,LYM,1,0.0,0.203125,,,
dinov2b_fitzft,10,simple,stratum,light,OTH,1,0.0,0.5,,,
dinov2b_fitzft,10,simple,stratum,mid,KC,21,0.6190476190476191,0.6801705756929637,,,
dinov2b_fitzft,10,simple,stratum,mid,MEL,3,0.0,0.28358208955223885,,,
dinov2b_fitzft,10,simple,stratum,mid,LYM,3,0.3333333333333333,0.5621890547263682,,,
dinov2b_fitzft,10,simple,stratum,mid,OTH,3,0.3333333333333333,0.49751243781094523,,,
dinov2b_fitzft,10,simple,stratum,dark,KC,5,0.6,0.58125,,,
dinov2b_fitzft,10,simple,stratum,dark,MEL,2,0.0,0.3671875,,,
dinov2b_fitzft,10,simple,stratum,dark,LYM,11,0.2727272727272727,0.5355113636363635,,,
dinov2b_fitzft,10,simple,stratum,dark,OTH,1,1.0,0.828125,,,
dinov2b_fitzft,10,simple,overall,light,,20,0.6,,all,84.0,0.6609375
dinov2b_fitzft,10,simple,overall,mid,,30,0.5,,all,97.0,0.6104477611940298
dinov2b_fitzft,10,simple,overall,dark,,19,0.3684210526315789,,all,83.0,0.5452302631578947
dinov2b_fitzft,10,simple,overall,light,,19,0.631578947368421,,noLYM,83.0,0.6850328947368421
dinov2b_fitzft,10,simple,overall,mid,,27,0.5185185185185185,,noLYM,94.0,0.6158098396904367
dinov2b_fitzft,10,simple,overall,dark,,8,0.5,,noLYM,72.0,0.55859375
dinov2b_fitzft,10,fair,stratum,light,KC,16,0.9375,0.7568359375,,,
dinov2b_fitzft,10,fair,stratum,light,MEL,2,0.5,0.4609375,,,
dinov2b_fitzft,10,fair,stratum,light,LYM,1,0.0,0.046875,,,
dinov2b_fitzft,10,fair,stratum,light,OTH,1,0.0,0.140625,,,
dinov2b_fitzft,10,fair,stratum,mid,KC,21,0.7142857142857143,0.6716417910447762,,,
dinov2b_fitzft,10,fair,stratum,mid,MEL,3,0.3333333333333333,0.3383084577114428,,,
dinov2b_fitzft,10,fair,stratum,mid,LYM,3,0.3333333333333333,0.4079601990049751,,,
dinov2b_fitzft,10,fair,stratum,mid,OTH,3,0.6666666666666666,0.6119402985074627,,,
dinov2b_fitzft,10,fair,stratum,dark,KC,5,0.6,0.59375,,,
dinov2b_fitzft,10,fair,stratum,dark,MEL,2,0.0,0.328125,,,
dinov2b_fitzft,10,fair,stratum,dark,LYM,11,0.9090909090909091,0.7954545454545454,,,
dinov2b_fitzft,10,fair,stratum,dark,OTH,1,1.0,0.9375,,,
dinov2b_fitzft,10,fair,overall,light,,20,0.8,,all,84.0,0.6609375
dinov2b_fitzft,10,fair,overall,mid,,30,0.6333333333333333,,all,97.0,0.6059701492537314
dinov2b_fitzft,10,fair,overall,dark,,19,0.7368421052631579,,all,83.0,0.700657894736842
dinov2b_fitzft,10,fair,overall,light,,19,0.8421052631578947,,noLYM,83.0,0.6932565789473684
dinov2b_fitzft,10,fair,overall,mid,,27,0.6666666666666666,,noLYM,94.0,0.6279712548369264
dinov2b_fitzft,10,fair,overall,dark,,8,0.5,,noLYM,72.0,0.5703125
dinov2b_fitzft,11,source,stratum,light,KC,15,0.8666666666666667,0.6041666666666666,,,
dinov2b_fitzft,11,source,stratum,light,MEL,2,0.5,0.328125,,,
dinov2b_fitzft,11,source,stratum,light,LYM,1,1.0,0.625,,,
dinov2b_fitzft,11,source,stratum,light,OTH,2,0.5,0.515625,,,
dinov2b_fitzft,11,source,stratum,mid,KC,21,0.9047619047619048,0.7242359630419332,,,
dinov2b_fitzft,11,source,stratum,mid,MEL,4,0.5,0.6194029850746269,,,
dinov2b_fitzft,11,source,stratum,mid,LYM,2,1.0,0.5970149253731343,,,
dinov2b_fitzft,11,source,stratum,mid,OTH,3,0.3333333333333333,0.35323383084577115,,,
dinov2b_fitzft,11,source,stratum,dark,KC,4,0.5,0.44140625,,,
dinov2b_fitzft,11,source,stratum,dark,MEL,4,0.25,0.234375,,,
dinov2b_fitzft,11,source,stratum,dark,LYM,10,0.7,0.4859374999999999,,,
dinov2b_fitzft,11,source,stratum,dark,OTH,1,1.0,0.890625,,,
dinov2b_fitzft,11,source,overall,light,,20,0.8,,all,84.0,0.5687500000000001
dinov2b_fitzft,11,source,overall,mid,,30,0.8,,all,97.0,0.6646766169154229
dinov2b_fitzft,11,source,overall,dark,,19,0.5789473684210527,,all,83.0,0.4449013157894736
dinov2b_fitzft,11,source,overall,light,,19,0.7894736842105263,,noLYM,83.0,0.5657894736842106
dinov2b_fitzft,11,source,overall,mid,,28,0.7857142857142857,,noLYM,95.0,0.6695095948827292
dinov2b_fitzft,11,source,overall,dark,,9,0.4444444444444444,,noLYM,73.0,0.3993055555555555
dinov2b_fitzft,11,simple,stratum,light,KC,15,0.5333333333333333,0.5302083333333334,,,
dinov2b_fitzft,11,simple,stratum,light,MEL,2,0.5,0.6171875,,,
dinov2b_fitzft,11,simple,stratum,light,LYM,1,1.0,0.71875,,,
dinov2b_fitzft,11,simple,stratum,light,OTH,2,0.0,0.3359375,,,
dinov2b_fitzft,11,simple,stratum,mid,KC,21,0.3333333333333333,0.5685856432125088,,,
dinov2b_fitzft,11,simple,stratum,mid,MEL,4,0.25,0.49626865671641796,,,
dinov2b_fitzft,11,simple,stratum,mid,LYM,2,0.0,0.4328358208955224,,,
dinov2b_fitzft,11,simple,stratum,mid,OTH,3,0.3333333333333333,0.4477611940298507,,,
dinov2b_fitzft,11,simple,stratum,dark,KC,4,0.0,0.41015625,,,
dinov2b_fitzft,11,simple,stratum,dark,MEL,4,0.0,0.37109375,,,
dinov2b_fitzft,11,simple,stratum,dark,LYM,10,0.7,0.8203125,,,
dinov2b_fitzft,11,simple,stratum,dark,OTH,1,1.0,0.890625,,,
dinov2b_fitzft,11,simple,overall,light,,20,0.5,,all,84.0,0.52890625
dinov2b_fitzft,11,simple,overall,mid,,30,0.3,,all,97.0,0.5378109452736319
dinov2b_fitzft,11,simple,overall,dark,,19,0.42105263157894735,,all,83.0,0.643092105263158
dinov2b_fitzft,11,simple,overall,light,,19,0.47368421052631576,,noLYM,83.0,0.5189144736842105
dinov2b_fitzft,11,simple,overall,mid,,28,0.32142857142857145,,noLYM,95.0,0.5453091684434968
dinov2b_fitzft,11,simple,overall,dark,,9,0.1111111111111111,,noLYM,73.0,0.4461805555555555
dinov2b_fitzft,11,fair,stratum,light,KC,15,0.5333333333333333,0.4802083333333334,,,
dinov2b_fitzft,11,fair,stratum,light,MEL,2,1.0,0.734375,,,
dinov2b_fitzft,11,fair,stratum,light,LYM,1,1.0,0.875,,,
dinov2b_fitzft,11,fair,stratum,light,OTH,2,0.5,0.328125,,,
dinov2b_fitzft,11,fair,stratum,mid,KC,21,0.47619047619047616,0.5422885572139303,,,
dinov2b_fitzft,11,fair,stratum,mid,MEL,4,0.25,0.3805970149253731,,,
dinov2b_fitzft,11,fair,stratum,mid,LYM,2,0.0,0.3731343283582089,,,
dinov2b_fitzft,11,fair,stratum,mid,OTH,3,0.3333333333333333,0.4129353233830846,,,
dinov2b_fitzft,11,fair,stratum,dark,KC,4,0.25,0.44921875,,,
dinov2b_fitzft,11,fair,stratum,dark,MEL,4,0.25,0.40625,,,
dinov2b_fitzft,11,fair,stratum,dark,LYM,10,1.0,0.78125,,,
dinov2b_fitzft,11,fair,stratum,dark,OTH,1,1.0,0.828125,,,
dinov2b_fitzft,11,fair,overall,light,,20,0.6,,all,84.0,0.5101562500000001
dinov2b_fitzft,11,fair,overall,mid,,30,0.4,,all,97.0,0.49651741293532337
dinov2b_fitzft,11,fair,overall,dark,,19,0.6842105263157895,,all,83.0,0.6348684210526315
dinov2b_fitzft,11,fair,overall,light,,19,0.5789473684210527,,noLYM,83.0,0.490953947368421
dinov2b_fitzft,11,fair,overall,mid,,28,0.42857142857142855,,noLYM,95.0,0.5053304904051172
dinov2b_fitzft,11,fair,overall,dark,,9,0.3333333333333333,,noLYM,73.0,0.4722222222222222
dinov2b_fitzft,12,source,stratum,light,KC,14,0.7142857142857143,0.5915178571428571,,,
dinov2b_fitzft,12,source,stratum,light,MEL,3,1.0,0.828125,,,
dinov2b_fitzft,12,source,stratum,light,LYM,1,1.0,0.71875,,,
dinov2b_fitzft,12,source,stratum,light,OTH,2,1.0,0.640625,,,
dinov2b_fitzft,12,source,stratum,mid,KC,24,0.7916666666666666,0.5665422885572139,,,
dinov2b_fitzft,12,source,stratum,mid,MEL,1,0.0,0.28358208955223885,,,
dinov2b_fitzft,12,source,stratum,mid,LYM,3,1.0,0.691542288557214,,,
dinov2b_fitzft,12,source,stratum,mid,OTH,2,0.5,0.4104477611940298,,,
dinov2b_fitzft,12,source,stratum,dark,KC,3,0.3333333333333333,0.3489583333333333,,,
dinov2b_fitzft,12,source,stratum,dark,MEL,3,0.3333333333333333,0.30729166666666663,,,
dinov2b_fitzft,12,source,stratum,dark,LYM,12,0.5,0.4309895833333333,,,
dinov2b_fitzft,12,source,stratum,dark,OTH,1,1.0,0.734375,,,
dinov2b_fitzft,12,source,overall,light,,20,0.8,,all,84.0,0.6382812499999999
dinov2b_fitzft,12,source,overall,mid,,30,0.7666666666666667,,all,97.0,0.5592039800995026
dinov2b_fitzft,12,source,overall,dark,,19,0.47368421052631576,,all,83.0,0.4144736842105263
dinov2b_fitzft,12,source,overall,light,,19,0.7894736842105263,,noLYM,83.0,0.634046052631579
dinov2b_fitzft,12,source,overall,mid,,27,0.7407407407407407,,noLYM,94.0,0.5444997236042012
dinov2b_fitzft,12,source,overall,dark,,7,0.42857142857142855,,noLYM,71.0,0.3861607142857143
dinov2b_fitzft,12,simple,stratum,light,KC,14,0.35714285714285715,0.46986607142857145,,,
dinov2b_fitzft,12,simple,stratum,light,MEL,3,0.6666666666666666,0.7395833333333334,,,
dinov2b_fitzft,12,simple,stratum,light,LYM,1,1.0,0.8125,,,
dinov2b_fitzft,12,simple,stratum,light,OTH,2,0.5,0.703125,,,
dinov2b_fitzft,12,simple,stratum,mid,KC,24,0.4583333333333333,0.6480099502487563,,,
dinov2b_fitzft,12,simple,stratum,mid,MEL,1,0.0,0.08955223880597019,,,
dinov2b_fitzft,12,simple,stratum,mid,LYM,3,0.3333333333333333,0.6965174129353234,,,
dinov2b_fitzft,12,simple,stratum,mid,OTH,2,0.0,0.44776119402985076,,,
dinov2b_fitzft,12,simple,stratum,dark,KC,3,0.0,0.29166666666666663,,,
dinov2b_fitzft,12,simple,stratum,dark,MEL,3,0.0,0.3229166666666667,,,
dinov2b_fitzft,12,simple,stratum,dark,LYM,12,0.3333333333333333,0.6002604166666666,,,
dinov2b_fitzft,12,simple,stratum,dark,OTH,1,1.0,0.875,,,
dinov2b_fitzft,12,simple,overall,light,,20,0.45,,all,84.0,0.5507812499999999
dinov2b_fitzft,12,simple,overall,mid,,30,0.4,,all,97.0,0.6208955223880597
dinov2b_fitzft,12,simple,overall,dark,,19,0.2631578947368421,,all,83.0,0.522203947368421
dinov2b_fitzft,12,simple,overall,light,,19,0.42105263157894735,,noLYM,83.0,0.5370065789473685
dinov2b_fitzft,12,simple,overall,mid,,27,0.4074074074074074,,noLYM,94.0,0.6124930901050304
dinov2b_fitzft,12,simple,overall,dark,,7,0.14285714285714285,,noLYM,71.0,0.38839285714285715
dinov2b_fitzft,12,fair,stratum,light,KC,14,0.8571428571428571,0.5736607142857143,,,
dinov2b_fitzft,12,fair,stratum,light,MEL,3,1.0,0.9791666666666666,,,
dinov2b_fitzft,12,fair,stratum,light,LYM,1,1.0,0.890625,,,
dinov2b_fitzft,12,fair,stratum,light,OTH,2,1.0,0.5546875,,,
dinov2b_fitzft,12,fair,stratum,mid,KC,24,0.75,0.6368159203980099,,,
dinov2b_fitzft,12,fair,stratum,mid,MEL,1,1.0,0.6119402985074627,,,
dinov2b_fitzft,12,fair,stratum,mid,LYM,3,0.3333333333333333,0.3880597014925373,,,
dinov2b_fitzft,12,fair,stratum,mid,OTH,2,0.5,0.4029850746268657,,,
dinov2b_fitzft,12,fair,stratum,dark,KC,3,0.3333333333333333,0.43229166666666663,,,
dinov2b_fitzft,12,fair,stratum,dark,MEL,3,0.0,0.3802083333333333,,,
dinov2b_fitzft,12,fair,stratum,dark,LYM,12,0.75,0.6901041666666666,,,
dinov2b_fitzft,12,fair,stratum,dark,OTH,1,1.0,0.9375,,,
dinov2b_fitzft,12,fair,overall,light,,20,0.9,,all,84.0,0.6484375
dinov2b_fitzft,12,fair,overall,mid,,30,0.7,,all,97.0,0.5955223880597015
dinov2b_fitzft,12,fair,overall,dark,,19,0.5789473684210527,,all,83.0,0.613486842105263
dinov2b_fitzft,12,fair,overall,light,,19,0.8947368421052632,,noLYM,83.0,0.6356907894736843
dinov2b_fitzft,12,fair,overall,mid,,27,0.7407407407407407,,noLYM,94.0,0.6185737976782754
dinov2b_fitzft,12,fair,overall,dark,,7,0.2857142857142857,,noLYM,71.0,0.4821428571428571
dinov2b_fitzft,13,source,stratum,light,KC,10,0.9,0.43281249999999993,,,
dinov2b_fitzft,13,source,stratum,light,MEL,5,0.6,0.515625,,,
dinov2b_fitzft,13,source,stratum,light,LYM,1,1.0,0.578125,,,
dinov2b_fitzft,13,source,stratum,light,OTH,4,0.5,0.37109375,,,
dinov2b_fitzft,13,source,stratum,mid,KC,19,0.8947368421052632,0.6025137470542026,,,
dinov2b_fitzft,13,source,stratum,mid,MEL,5,0.6,0.5313432835820896,,,
dinov2b_fitzft,13,source,stratum,mid,LYM,4,1.0,0.6753731343283582,,,
dinov2b_fitzft,13,source,stratum,mid,OTH,2,0.5,0.417910447761194,,,
dinov2b_fitzft,13,source,stratum,dark,KC,4,0.5,0.4296875,,,
dinov2b_fitzft,13,source,stratum,dark,MEL,3,1.0,0.7083333333333333,,,
dinov2b_fitzft,13,source,stratum,dark,LYM,12,0.5833333333333334,0.4934895833333333,,,
dinov2b_fitzft,13,source,overall,light,,20,0.75,,all,84.0,0.4484375
dinov2b_fitzft,13,source,overall,mid,,30,0.8333333333333334,,all,97.0,0.5880597014925373
dinov2b_fitzft,13,source,overall,dark,,19,0.631578947368421,,all,83.0,0.5139802631578947
dinov2b_fitzft,13,source,overall,light,,19,0.7368421052631579,,noLYM,83.0,0.44161184210526316
dinov2b_fitzft,13,source,overall,mid,,26,0.8076923076923077,,noLYM,93.0,0.5746268656716418
dinov2b_fitzft,13,source,overall,dark,,7,0.7142857142857143,,noLYM,71.0,0.5491071428571428
dinov2b_fitzft,13,simple,stratum,light,KC,10,0.5,0.46875,,,
dinov2b_fitzft,13,simple,stratum,light,MEL,5,0.4,0.6125,,,
dinov2b_fitzft,13,simple,stratum,light,LYM,1,1.0,0.8125,,,
dinov2b_fitzft,13,simple,stratum,light,OTH,4,0.25,0.453125,,,
dinov2b_fitzft,13,simple,stratum,mid,KC,19,0.42105263157894735,0.6928515318146111,,,
dinov2b_fitzft,13,simple,stratum,mid,MEL,5,0.2,0.435820895522388,,,
dinov2b_fitzft,13,simple,stratum,mid,LYM,4,0.5,0.7238805970149254,,,
dinov2b_fitzft,13,simple,stratum,mid,OTH,2,0.0,0.4626865671641791,,,
dinov2b_fitzft,13,simple,stratum,dark,KC,4,0.5,0.70703125,,,
dinov2b_fitzft,13,simple,stratum,dark,MEL,3,0.3333333333333333,0.40625,,,
dinov2b_fitzft,13,simple,stratum,dark,LYM,12,0.25,0.44140625,,,
dinov2b_fitzft,13,simple,overall,light,,20,0.45,,all,84.0,0.51875
dinov2b_fitzft,13,simple,overall,mid,,30,0.36666666666666664,,all,97.0,0.6388059701492537
dinov2b_fitzft,13,simple,overall,dark,,19,0.3157894736842105,,all,83.0,0.4917763157894737
dinov2b_fitzft,13,simple,overall,light,,19,0.42105263157894735,,noLYM,83.0,0.5032894736842106
dinov2b_fitzft,13,simple,overall,mid,,26,0.34615384615384615,,noLYM,93.0,0.6257175660160734
dinov2b_fitzft,13,simple,overall,dark,,7,0.42857142857142855,,noLYM,71.0,0.578125
dinov2b_fitzft,13,fair,stratum,light,KC,10,0.7,0.5390625,,,
dinov2b_fitzft,13,fair,stratum,light,MEL,5,0.8,0.64375,,,
dinov2b_fitzft,13,fair,stratum,light,LYM,1,1.0,0.890625,,,
dinov2b_fitzft,13,fair,stratum,light,OTH,4,0.25,0.3515625,,,
dinov2b_fitzft,13,fair,stratum,mid,KC,19,0.42105263157894735,0.5640219952867243,,,
dinov2b_fitzft,13,fair,stratum,mid,MEL,5,0.4,0.4895522388059701,,,
dinov2b_fitzft,13,fair,stratum,mid,LYM,4,0.5,0.5783582089552239,,,
dinov2b_fitzft,13,fair,stratum,mid,OTH,2,1.0,0.6417910447761194,,,
dinov2b_fitzft,13,fair,stratum,dark,KC,4,0.75,0.68359375,,,
dinov2b_fitzft,13,fair,stratum,dark,MEL,3,0.3333333333333333,0.2708333333333333,,,
dinov2b_fitzft,13,fair,stratum,dark,LYM,12,0.75,0.65234375,,,
dinov2b_fitzft,13,fair,overall,light,,20,0.65,,all,84.0,0.5453125000000001
dinov2b_fitzft,13,fair,overall,mid,,30,0.4666666666666667,,all,97.0,0.5587064676616916
dinov2b_fitzft,13,fair,overall,dark,,19,0.6842105263157895,,all,83.0,0.5986842105263157
dinov2b_fitzft,13,fair,overall,light,,19,0.631578947368421,,noLYM,83.0,0.5271381578947368
dinov2b_fitzft,13,fair,overall,mid,,26,0.46153846153846156,,noLYM,93.0,0.5556831228473019
dinov2b_fitzft,13,fair,overall,dark,,7,0.5714285714285714,,noLYM,71.0,0.5066964285714286
dinov2b_fitzft,14,source,stratum,light,KC,15,0.8666666666666667,0.4614583333333333,,,
dinov2b_fitzft,14,source,stratum,light,MEL,4,0.75,0.60546875,,,
dinov2b_fitzft,14,source,stratum,light,LYM,1,1.0,0.53125,,,
dinov2b_fitzft,14,source,stratum,mid,KC,27,0.8518518518518519,0.4969596462133776,,,
dinov2b_fitzft,14,source,stratum,mid,MEL,2,1.0,0.9253731343283582,,,
dinov2b_fitzft,14,source,stratum,mid,LYM,1,1.0,0.9104477611940298,,,
dinov2b_fitzft,14,source,stratum,dark,KC,2,1.0,0.703125,,,
dinov2b_fitzft,14,source,stratum,dark,MEL,2,1.0,0.7578125,,,
dinov2b_fitzft,14,source,stratum,dark,LYM,13,0.7692307692307693,0.6334134615384616,,,
dinov2b_fitzft,14,source,stratum,dark,OTH,2,1.0,0.84375,,,
dinov2b_fitzft,14,source,overall,light,,20,0.85,,all,84.0,0.49374999999999997
dinov2b_fitzft,14,source,overall,mid,,30,0.8666666666666667,,all,97.0,0.5393034825870646
dinov2b_fitzft,14,source,overall,dark,,19,0.8421052631578947,,all,83.0,0.675986842105263
dinov2b_fitzft,14,source,overall,light,,19,0.8421052631578947,,noLYM,83.0,0.4917763157894737
dinov2b_fitzft,14,source,overall,mid,,29,0.8620689655172413,,noLYM,96.0,0.5265054040144107
dinov2b_fitzft,14,source,overall,dark,,6,1.0,,noLYM,70.0,0.7682291666666667
dinov2b_fitzft,14,simple,stratum,light,KC,15,0.3333333333333333,0.5135416666666667,,,
dinov2b_fitzft,14,simple,stratum,light,MEL,4,0.5,0.6640625,,,
dinov2b_fitzft,14,simple,stratum,light,LYM,1,0.0,0.515625,,,
dinov2b_fitzft,14,simple,stratum,mid,KC,27,0.48148148148148145,0.6876727473742399,,,
dinov2b_fitzft,14,simple,stratum,mid,MEL,2,0.5,0.48507462686567165,,,
dinov2b_fitzft,14,simple,stratum,mid,LYM,1,0.0,0.5074626865671642,,,
dinov2b_fitzft,14,simple,stratum,dark,KC,2,0.5,0.59375,,,
dinov2b_fitzft,14,simple,stratum,dark,MEL,2,0.5,0.6328125,,,
dinov2b_fitzft,14,simple,stratum,dark,LYM,13,0.46153846153846156,0.5997596153846154,,,
dinov2b_fitzft,14,simple,stratum,dark,OTH,2,1.0,0.8984375,,,
dinov2b_fitzft,14,simple,overall,light,,20,0.35,,all,84.0,0.54375
dinov2b_fitzft,14,simple,overall,mid,,30,0.4666666666666667,,all,97.0,0.6681592039800996
dinov2b_fitzft,14,simple,overall,dark,,19,0.5263157894736842,,all,83.0,0.6340460526315789
dinov2b_fitzft,14,simple,overall,light,,19,0.3684210526315789,,noLYM,83.0,0.5452302631578947
dinov2b_fitzft,14,simple,overall,mid,,29,0.4827586206896552,,noLYM,96.0,0.6737004632012352
dinov2b_fitzft,14,simple,overall,dark,,6,0.6666666666666666,,noLYM,70.0,0.7083333333333333
dinov2b_fitzft,14,fair,stratum,light,KC,15,0.7333333333333333,0.5739583333333333,,,
dinov2b_fitzft,14,fair,stratum,light,MEL,4,1.0,0.796875,,,
dinov2b_fitzft,14,fair,stratum,light,LYM,1,1.0,0.484375,,,
dinov2b_fitzft,14,fair,stratum,mid,KC,27,0.7037037037037037,0.6130458817025982,,,
dinov2b_fitzft,14,fair,stratum,mid,MEL,2,0.5,0.5,,,
dinov2b_fitzft,14,fair,stratum,mid,LYM,1,0.0,0.11940298507462688,,,
dinov2b_fitzft,14,fair,stratum,dark,KC,2,0.5,0.5703125,,,
dinov2b_fitzft,14,fair,stratum,dark,MEL,2,1.0,0.765625,,,
dinov2b_fitzft,14,fair,stratum,dark,LYM,13,0.8461538461538461,0.6947115384615384,,,
dinov2b_fitzft,14,fair,stratum,dark,OTH,2,1.0,0.8359375,,,
dinov2b_fitzft,14,fair,overall,light,,20,0.8,,all,84.0,0.6140625
dinov2b_fitzft,14,fair,overall,mid,,30,0.6666666666666666,,all,97.0,0.5890547263681593
dinov2b_fitzft,14,fair,overall,dark,,19,0.8421052631578947,,all,83.0,0.7039473684210527
dinov2b_fitzft,14,fair,overall,light,,19,0.7894736842105263,,noLYM,83.0,0.6208881578947367
dinov2b_fitzft,14,fair,overall,mid,,29,0.6896551724137931,,noLYM,96.0,0.6052496139989707
dinov2b_fitzft,14,fair,overall,dark,,6,0.8333333333333334,,noLYM,70.0,0.7239583333333333
dinov2b_fitzft,15,source,stratum,light,KC,14,0.7142857142857143,0.48995535714285715,,,
dinov2b_fitzft,15,source,stratum,light,MEL,4,0.5,0.48046875,,,
dinov2b_fitzft,15,source,stratum,light,LYM,1,1.0,0.859375,,,
dinov2b_fitzft,15,source,stratum,light,OTH,1,1.0,0.8125,,,
dinov2b_fitzft,15,source,stratum,mid,KC,22,0.9090909090909091,0.5698778833107191,,,
dinov2b_fitzft,15,source,stratum,mid,MEL,2,0.0,0.291044776119403,,,
dinov2b_fitzft,15,source,stratum,mid,LYM,4,1.0,0.582089552238806,,,
dinov2b_fitzft,15,source,stratum,mid,OTH,2,0.0,0.208955223880597,,,
dinov2b_fitzft,15,source,stratum,dark,KC,4,0.5,0.359375,,,
dinov2b_fitzft,15,source,stratum,dark,MEL,3,0.6666666666666666,0.5104166666666666,,,
dinov2b_fitzft,15,source,stratum,dark,LYM,10,0.5,0.35625,,,
dinov2b_fitzft,15,source,stratum,dark,OTH,2,1.0,0.71875,,,
dinov2b_fitzft,15,source,overall,light,,20,0.7,,all,84.0,0.52265625
dinov2b_fitzft,15,source,overall,mid,,30,0.8,,all,97.0,0.5288557213930348
dinov2b_fitzft,15,source,overall,dark,,19,0.5789473684210527,,all,83.0,0.4194078947368421
dinov2b_fitzft,15,source,overall,light,,19,0.6842105263157895,,noLYM,83.0,0.5049342105263158
dinov2b_fitzft,15,source,overall,mid,,26,0.7692307692307693,,noLYM,93.0,0.5206659012629162
dinov2b_fitzft,15,source,overall,dark,,9,0.6666666666666666,,noLYM,73.0,0.48958333333333326
dinov2b_fitzft,15,simple,stratum,light,KC,14,0.42857142857142855,0.5189732142857142,,,
dinov2b_fitzft,15,simple,stratum,light,MEL,4,0.75,0.625,,,
dinov2b_fitzft,15,simple,stratum,light,LYM,1,0.0,0.328125,,,
dinov2b_fitzft,15,simple,stratum,light,OTH,1,0.0,0.625,,,
dinov2b_fitzft,15,simple,stratum,mid,KC,22,0.45454545454545453,0.6363636363636365,,,
dinov2b_fitzft,15,simple,stratum,mid,MEL,2,0.5,0.4477611940298507,,,
dinov2b_fitzft,15,simple,stratum,mid,LYM,4,0.75,0.7500000000000001,,,
dinov2b_fitzft,15,simple,stratum,mid,OTH,2,0.0,0.23880597014925375,,,
dinov2b_fitzft,15,simple,stratum,dark,KC,4,0.25,0.4609375,,,
dinov2b_fitzft,15,simple,stratum,dark,MEL,3,0.6666666666666666,0.8177083333333334,,,
dinov2b_fitzft,15,simple,stratum,dark,LYM,10,0.1,0.5265625,,,
dinov2b_fitzft,15,simple,stratum,dark,OTH,2,0.0,0.6328125,,,
dinov2b_fitzft,15,simple,overall,light,,20,0.45,,all,84.0,0.5359375
dinov2b_fitzft,15,simple,overall,mid,,30,0.4666666666666667,,all,97.0,0.6124378109452737
dinov2b_fitzft,15,simple,overall,dark,,19,0.21052631578947367,,all,83.0,0.5699013157894737
dinov2b_fitzft,15,simple,overall,light,,19,0.47368421052631576,,noLYM,83.0,0.546875
dinov2b_fitzft,15,simple,overall,mid,,26,0.4230769230769231,,noLYM,93.0,0.5912743972445464
dinov2b_fitzft,15,simple,overall,dark,,9,0.3333333333333333,,noLYM,73.0,0.6180555555555556
dinov2b_fitzft,15,fair,stratum,light,KC,14,0.5714285714285714,0.43973214285714285,,,
dinov2b_fitzft,15,fair,stratum,light,MEL,4,0.75,0.67578125,,,
dinov2b_fitzft,15,fair,stratum,light,LYM,1,0.0,0.125,,,
dinov2b_fitzft,15,fair,stratum,light,OTH,1,1.0,0.46875,,,
dinov2b_fitzft,15,fair,stratum,mid,KC,22,0.7727272727272727,0.6546811397557666,,,
dinov2b_fitzft,15,fair,stratum,mid,MEL,2,0.0,0.14179104477611942,,,
dinov2b_fitzft,15,fair,stratum,mid,LYM,4,0.5,0.6753731343283582,,,
dinov2b_fitzft,15,fair,stratum,mid,OTH,2,0.0,0.23880597014925375,,,
dinov2b_fitzft,15,fair,stratum,dark,KC,4,0.5,0.50390625,,,
dinov2b_fitzft,15,fair,stratum,dark,MEL,3,1.0,0.7447916666666666,,,
dinov2b_fitzft,15,fair,stratum,dark,LYM,10,0.8,0.6421875,,,
dinov2b_fitzft,15,fair,stratum,dark,OTH,2,1.0,0.609375,,,
dinov2b_fitzft,15,fair,overall,light,,20,0.6,,all,84.0,0.47265625
dinov2b_fitzft,15,fair,overall,mid,,30,0.6333333333333333,,all,97.0,0.5955223880597016
dinov2b_fitzft,15,fair,overall,dark,,19,0.7894736842105263,,all,83.0,0.6258223684210527
dinov2b_fitzft,15,fair,overall,light,,19,0.631578947368421,,noLYM,83.0,0.490953947368421
dinov2b_fitzft,15,fair,overall,mid,,26,0.6538461538461539,,noLYM,93.0,0.5832376578645236
dinov2b_fitzft,15,fair,overall,dark,,9,0.7777777777777778,,noLYM,73.0,0.6076388888888888
dinov2b_fitzft,16,source,stratum,light,KC,14,0.9285714285714286,0.5479910714285715,,,
dinov2b_fitzft,16,source,stratum,light,MEL,3,1.0,0.9166666666666666,,,
dinov2b_fitzft,16,source,stratum,light,LYM,2,1.0,0.8203125,,,
dinov2b_fitzft,16,source,stratum,light,OTH,1,1.0,0.421875,,,
dinov2b_fitzft,16,source,stratum,mid,KC,23,0.9565217391304348,0.6132381570408826,,,
dinov2b_fitzft,16,source,stratum,mid,MEL,3,0.6666666666666666,0.42288557213930345,,,
dinov2b_fitzft,16,source,stratum,mid,LYM,3,1.0,0.6119402985074627,,,
dinov2b_fitzft,16,source,stratum,mid,OTH,1,0.0,0.13432835820895528,,,
dinov2b_fitzft,16,source,stratum,dark,KC,5,0.4,0.221875,,,
dinov2b_fitzft,16,source,stratum,dark,MEL,3,1.0,0.6979166666666666,,,
dinov2b_fitzft,16,source,stratum,dark,LYM,8,1.0,0.693359375,,,
dinov2b_fitzft,16,source,stratum,dark,OTH,3,1.0,0.8125,,,
dinov2b_fitzft,16,source,overall,light,,20,0.95,,all,84.0,0.62421875
dinov2b_fitzft,16,source,overall,mid,,30,0.9,,all,97.0,0.5781094527363184
dinov2b_fitzft,16,source,overall,dark,,19,0.8421052631578947,,all,83.0,0.5888157894736842
dinov2b_fitzft,16,source,overall,light,,18,0.9444444444444444,,noLYM,82.0,0.6024305555555556
dinov2b_fitzft,16,source,overall,mid,,27,0.8888888888888888,,noLYM,94.0,0.5743504698728579
dinov2b_fitzft,16,source,overall,dark,,11,0.7272727272727273,,noLYM,75.0,0.5127840909090908
dinov2b_fitzft,16,simple,stratum,light,KC,14,0.42857142857142855,0.47544642857142855,,,
dinov2b_fitzft,16,simple,stratum,light,MEL,3,0.6666666666666666,0.6041666666666666,,,
dinov2b_fitzft,16,simple,stratum,light,LYM,2,0.5,0.5390625,,,
dinov2b_fitzft,16,simple,stratum,light,OTH,1,1.0,0.828125,,,
dinov2b_fitzft,16,simple,stratum,mid,KC,23,0.5652173913043478,0.7216093445814407,,,
dinov2b_fitzft,16,simple,stratum,mid,MEL,3,0.0,0.5572139303482587,,,
dinov2b_fitzft,16,simple,stratum,mid,LYM,3,0.0,0.4427860696517413,,,
dinov2b_fitzft,16,simple,stratum,mid,OTH,1,0.0,0.20895522388059706,,,
dinov2b_fitzft,16,simple,stratum,dark,KC,5,0.4,0.534375,,,
dinov2b_fitzft,16,simple,stratum,dark,MEL,3,0.6666666666666666,0.6197916666666666,,,
dinov2b_fitzft,16,simple,stratum,dark,LYM,8,0.0,0.349609375,,,
dinov2b_fitzft,16,simple,stratum,dark,OTH,3,0.6666666666666666,0.8072916666666666,,,
dinov2b_fitzft,16,simple,overall,light,,20,0.5,,all,84.0,0.5187499999999999
dinov2b_fitzft,16,simple,overall,mid,,30,0.43333333333333335,,all,97.0,0.6601990049751244
dinov2b_fitzft,16,simple,overall,dark,,19,0.3157894736842105,,all,83.0,0.513157894736842
dinov2b_fitzft,16,simple,overall,light,,18,0.5,,noLYM,82.0,0.5164930555555556
dinov2b_fitzft,16,simple,overall,mid,,27,0.48148148148148145,,noLYM,94.0,0.6843559977888336
dinov2b_fitzft,16,simple,overall,dark,,11,0.5454545454545454,,noLYM,75.0,0.6321022727272727
dinov2b_fitzft,16,fair,stratum,light,KC,14,0.6428571428571429,0.5078125,,,
dinov2b_fitzft,16,fair,stratum,light,MEL,3,1.0,0.8958333333333334,,,
dinov2b_fitzft,16,fair,stratum,light,LYM,2,0.5,0.4609375,,,
dinov2b_fitzft,16,fair,stratum,light,OTH,1,0.0,0.25,,,
dinov2b_fitzft,16,fair,stratum,mid,KC,23,0.8695652173913043,0.6703439325113563,,,
dinov2b_fitzft,16,fair,stratum,mid,MEL,3,0.3333333333333333,0.27860696517412936,,,
dinov2b_fitzft,16,fair,stratum,mid,LYM,3,0.6666666666666666,0.527363184079602,,,
dinov2b_fitzft,16,fair,stratum,mid,OTH,1,0.0,0.4029850746268657,,,
dinov2b_fitzft,16,fair,stratum,dark,KC,5,0.6,0.60625,,,
dinov2b_fitzft,16,fair,stratum,dark,MEL,3,0.6666666666666666,0.5260416666666666,,,
dinov2b_fitzft,16,fair,stratum,dark,LYM,8,0.75,0.677734375,,,
dinov2b_fitzft,16,fair,stratum,dark,OTH,3,1.0,0.8958333333333334,,,
dinov2b_fitzft,16,fair,overall,light,,20,0.65,,all,84.0,0.5484375
dinov2b_fitzft,16,fair,overall,mid,,30,0.7666666666666667,,all,97.0,0.6079601990049752
dinov2b_fitzft,16,fair,overall,dark,,19,0.7368421052631579,,all,83.0,0.669407894736842
dinov2b_fitzft,16,fair,overall,light,,18,0.6666666666666666,,noLYM,82.0,0.5581597222222222
dinov2b_fitzft,16,fair,overall,mid,,27,0.7777777777777778,,noLYM,94.0,0.6169154228855721
dinov2b_fitzft,16,fair,overall,dark,,11,0.7272727272727273,,noLYM,75.0,0.6633522727272727
dinov2b_fitzft,17,source,stratum,light,KC,14,0.9285714285714286,0.6450892857142858,,,
dinov2b_fitzft,17,source,stratum,light,MEL,4,0.75,0.671875,,,
dinov2b_fitzft,17,source,stratum,light,OTH,2,0.5,0.5625,,,
dinov2b_fitzft,17,source,stratum,mid,KC,23,0.9130434782608695,0.5425048669695003,,,
dinov2b_fitzft,17,source,stratum,mid,MEL,4,0.5,0.35447761194029853,,,
dinov2b_fitzft,17,source,stratum,mid,LYM,2,1.0,0.7537313432835822,,,
dinov2b_fitzft,17,source,stratum,mid,OTH,1,0.0,0.05970149253731338,,,
dinov2b_fitzft,17,source,stratum,dark,KC,4,0.5,0.41796875,,,
dinov2b_fitzft,17,source,stratum,dark,MEL,4,0.5,0.3515625,,,
dinov2b_fitzft,17,source,stratum,dark,LYM,9,0.6666666666666666,0.39583333333333337,,,
dinov2b_fitzft,17,source,stratum,dark,OTH,2,1.0,0.5546875,,,
dinov2b_fitzft,17,source,overall,light,,20,0.85,,all,84.0,0.6421874999999999
dinov2b_fitzft,17,source,overall,mid,,30,0.8333333333333334,,all,97.0,0.5154228855721393
dinov2b_fitzft,17,source,overall,dark,,19,0.631578947368421,,all,83.0,0.4078947368421053
dinov2b_fitzft,17,source,overall,light,,20,0.85,,noLYM,84.0,0.6421874999999999
dinov2b_fitzft,17,source,overall,mid,,28,0.8214285714285714,,noLYM,95.0,0.49840085287846486
dinov2b_fitzft,17,source,overall,dark,,10,0.6,,noLYM,74.0,0.41875
dinov2b_fitzft,17,simple,stratum,light,KC,14,0.5,0.5736607142857142,,,
dinov2b_fitzft,17,simple,stratum,light,MEL,4,0.5,0.7890625,,,
dinov2b_fitzft,17,simple,stratum,light,OTH,2,0.0,0.6328125,,,
dinov2b_fitzft,17,simple,stratum,mid,KC,23,0.6956521739130435,0.7287475665152497,,,
dinov2b_fitzft,17,simple,stratum,mid,MEL,4,0.0,0.208955223880597,,,
dinov2b_fitzft,17,simple,stratum,mid,LYM,2,0.0,0.4925373134328358,,,
dinov2b_fitzft,17,simple,stratum,mid,OTH,1,0.0,0.20895522388059706,,,
dinov2b_fitzft,17,simple,stratum,dark,KC,4,1.0,0.90625,,,
dinov2b_fitzft,17,simple,stratum,dark,MEL,4,0.0,0.48046875,,,
dinov2b_fitzft,17,simple,stratum,dark,LYM,9,0.1111111111111111,0.3333333333333333,,,
dinov2b_fitzft,17,simple,stratum,dark,OTH,2,0.5,0.7578125,,,
dinov2b_fitzft,17,simple,overall,light,,20,0.45,,all,84.0,0.6226562499999999
dinov2b_fitzft,17,simple,overall,mid,,30,0.5333333333333333,,all,97.0,0.6263681592039803
dinov2b_fitzft,17,simple,overall,dark,,19,0.3157894736842105,,all,83.0,0.5296052631578947
dinov2b_fitzft,17,simple,overall,light,,20,0.45,,noLYM,84.0,0.6226562499999999
dinov2b_fitzft,17,simple,overall,mid,,28,0.5714285714285714,,noLYM,95.0,0.6359275053304904
dinov2b_fitzft,17,simple,overall,dark,,10,0.5,,noLYM,74.0,0.70625
dinov2b_fitzft,17,fair,stratum,light,KC,14,0.7142857142857143,0.5859375,,,
dinov2b_fitzft,17,fair,stratum,light,MEL,4,1.0,0.9453125,,,
dinov2b_fitzft,17,fair,stratum,light,OTH,2,0.5,0.4765625,,,
dinov2b_fitzft,17,fair,stratum,mid,KC,23,0.8695652173913043,0.7404282933160286,,,
dinov2b_fitzft,17,fair,stratum,mid,MEL,4,0.5,0.332089552238806,,,
dinov2b_fitzft,17,fair,stratum,mid,LYM,2,0.5,0.29104477611940294,,,
dinov2b_fitzft,17,fair,stratum,mid,OTH,1,0.0,0.32835820895522383,,,
dinov2b_fitzft,17,fair,stratum,dark,KC,4,1.0,0.84375,,,
dinov2b_fitzft,17,fair,stratum,dark,MEL,4,0.5,0.55859375,,,
dinov2b_fitzft,17,fair,stratum,dark,LYM,9,0.7777777777777778,0.5538194444444444,,,
dinov2b_fitzft,17,fair,stratum,dark,OTH,2,1.0,0.7734375,,,
dinov2b_fitzft,17,fair,overall,light,,20,0.75,,all,84.0,0.646875
dinov2b_fitzft,17,fair,overall,mid,,30,0.7666666666666667,,all,97.0,0.6422885572139303
dinov2b_fitzft,17,fair,overall,dark,,19,0.7894736842105263,,all,83.0,0.6389802631578947
dinov2b_fitzft,17,fair,overall,light,,20,0.75,,noLYM,84.0,0.646875
dinov2b_fitzft,17,fair,overall,mid,,28,0.7857142857142857,,noLYM,95.0,0.6673773987206822
dinov2b_fitzft,17,fair,overall,dark,,10,0.8,,noLYM,74.0,0.7156250000000001
dinov2b_fitzft,18,source,stratum,light,KC,16,0.9375,0.63671875,,,
dinov2b_fitzft,18,source,stratum,light,MEL,3,0.6666666666666666,0.5625,,,
dinov2b_fitzft,18,source,stratum,light,OTH,1,0.0,0.15625,,,
dinov2b_fitzft,18,source,stratum,mid,KC,23,0.8260869565217391,0.5684620376378975,,,
dinov2b_fitzft,18,source,stratum,mid,MEL,3,0.6666666666666666,0.5074626865671642,,,
dinov2b_fitzft,18,source,stratum,mid,LYM,2,1.0,0.6940298507462687,,,
dinov2b_fitzft,18,source,stratum,mid,OTH,2,0.0,0.2014925373134328,,,
dinov2b_fitzft,18,source,stratum,dark,KC,4,1.0,0.84765625,,,
dinov2b_fitzft,18,source,stratum,dark,MEL,5,0.6,0.559375,,,
dinov2b_fitzft,18,source,stratum,dark,LYM,7,0.7142857142857143,0.5334821428571428,,,
dinov2b_fitzft,18,source,stratum,dark,OTH,3,1.0,0.8333333333333334,,,
dinov2b_fitzft,18,source,overall,light,,20,0.85,,all,84.0,0.6015625
dinov2b_fitzft,18,source,overall,mid,,30,0.7666666666666667,,all,97.0,0.5462686567164179
dinov2b_fitzft,18,source,overall,dark,,19,0.7894736842105263,,all,83.0,0.6537828947368421
dinov2b_fitzft,18,source,overall,light,,20,0.85,,noLYM,84.0,0.6015625
dinov2b_fitzft,18,source,overall,mid,,28,0.75,,noLYM,95.0,0.5357142857142858
dinov2b_fitzft,18,source,overall,dark,,12,0.8333333333333334,,noLYM,76.0,0.7239583333333334
dinov2b_fitzft,18,simple,stratum,light,KC,16,0.1875,0.390625,,,
dinov2b_fitzft,18,simple,stratum,light,MEL,3,0.6666666666666666,0.8385416666666666,,,
dinov2b_fitzft,18,simple,stratum,light,OTH,1,0.0,0.609375,,,
dinov2b_fitzft,18,simple,stratum,mid,KC,23,0.43478260869565216,0.6417910447761195,,,
dinov2b_fitzft,18,simple,stratum,mid,MEL,3,0.0,0.3582089552238806,,,
dinov2b_fitzft,18,simple,stratum,mid,LYM,2,0.0,0.3283582089552239,,,
dinov2b_fitzft,18,simple,stratum,mid,OTH,2,0.0,0.417910447761194,,,
dinov2b_fitzft,18,simple,stratum,dark,KC,4,0.5,0.59765625,,,
dinov2b_fitzft,18,simple,stratum,dark,MEL,5,0.0,0.29375,,,
dinov2b_fitzft,18,simple,stratum,dark,LYM,7,0.0,0.5892857142857143,,,
dinov2b_fitzft,18,simple,stratum,dark,OTH,3,0.6666666666666666,0.859375,,,
dinov2b_fitzft,18,simple,overall,light,,20,0.25,,all,84.0,0.46875000000000006
dinov2b_fitzft,18,simple,overall,mid,,30,0.3333333333333333,,all,97.0,0.5776119402985075
dinov2b_fitzft,18,simple,overall,dark,,19,0.21052631578947367,,all,83.0,0.555921052631579
dinov2b_fitzft,18,simple,overall,light,,20,0.25,,noLYM,84.0,0.46875000000000006
dinov2b_fitzft,18,simple,overall,mid,,28,0.35714285714285715,,noLYM,95.0,0.5954157782515991
dinov2b_fitzft,18,simple,overall,dark,,12,0.3333333333333333,,noLYM,76.0,0.5364583333333333
dinov2b_fitzft,18,fair,stratum,light,KC,16,0.5625,0.509765625,,,
dinov2b_fitzft,18,fair,stratum,light,MEL,3,1.0,0.9114583333333333,,,
dinov2b_fitzft,18,fair,stratum,light,OTH,1,1.0,0.578125,,,
dinov2b_fitzft,18,fair,stratum,mid,KC,23,0.6956521739130435,0.6093445814406229,,,
dinov2b_fitzft,18,fair,stratum,mid,MEL,3,0.6666666666666666,0.38308457711442784,,,
dinov2b_fitzft,18,fair,stratum,mid,LYM,2,0.0,0.2462686567164179,,,
dinov2b_fitzft,18,fair,stratum,mid,OTH,2,0.0,0.2238805970149254,,,
dinov2b_fitzft,18,fair,stratum,dark,KC,4,0.75,0.67578125,,,
dinov2b_fitzft,18,fair,stratum,dark,MEL,5,0.4,0.51875,,,
dinov2b_fitzft,18,fair,stratum,dark,LYM,7,0.5714285714285714,0.44419642857142855,,,
dinov2b_fitzft,18,fair,stratum,dark,OTH,3,1.0,0.8645833333333334,,,
dinov2b_fitzft,18,fair,overall,light,,20,0.65,,all,84.0,0.5734375
dinov2b_fitzft,18,fair,overall,mid,,30,0.6,,all,97.0,0.53681592039801
dinov2b_fitzft,18,fair,overall,dark,,19,0.631578947368421,,all,83.0,0.5789473684210525
dinov2b_fitzft,18,fair,overall,light,,20,0.65,,noLYM,84.0,0.5734375
dinov2b_fitzft,18,fair,overall,mid,,28,0.6428571428571429,,noLYM,95.0,0.5575692963752665
dinov2b_fitzft,18,fair,overall,dark,,12,0.6666666666666666,,noLYM,76.0,0.6575520833333333
dinov2b_fitzft,19,source,stratum,light,KC,17,0.9411764705882353,0.6351102941176471,,,
dinov2b_fitzft,19,source,stratum,light,MEL,1,1.0,0.859375,,,
dinov2b_fitzft,19,source,stratum,light,LYM,1,1.0,0.75,,,
dinov2b_fitzft,19,source,stratum,light,OTH,1,1.0,0.234375,,,
dinov2b_fitzft,19,source,stratum,mid,KC,23,0.9130434782608695,0.5931213497728748,,,
dinov2b_fitzft,19,source,stratum,mid,MEL,5,1.0,0.5044776119402985,,,
dinov2b_fitzft,19,source,stratum,mid,LYM,2,1.0,0.7014925373134329,,,
dinov2b_fitzft,19,source,stratum,dark,KC,2,1.0,0.5078125,,,
dinov2b_fitzft,19,source,stratum,dark,MEL,4,0.75,0.60546875,,,
dinov2b_fitzft,19,source,stratum,dark,LYM,10,0.8,0.575,,,
dinov2b_fitzft,19,source,stratum,dark,OTH,3,1.0,0.7916666666666666,,,
dinov2b_fitzft,19,source,overall,light,,20,0.95,,all,84.0,0.63203125
dinov2b_fitzft,19,source,overall,mid,,30,0.9333333333333333,,all,97.0,0.5855721393034826
dinov2b_fitzft,19,source,overall,dark,,19,0.8421052631578947,,all,83.0,0.6085526315789472
dinov2b_fitzft,19,source,overall,light,,19,0.9473684210526315,,noLYM,83.0,0.6258223684210527
dinov2b_fitzft,19,source,overall,mid,,28,0.9285714285714286,,noLYM,95.0,0.5772921108742004
dinov2b_fitzft,19,source,overall,dark,,9,0.8888888888888888,,noLYM,73.0,0.6458333333333334
dinov2b_fitzft,19,simple,stratum,light,KC,17,0.7058823529411765,0.5863970588235293,,,
dinov2b_fitzft,19,simple,stratum,light,MEL,1,1.0,0.875,,,
dinov2b_fitzft,19,simple,stratum,light,LYM,1,1.0,0.796875,,,
dinov2b_fitzft,19,simple,stratum,light,OTH,1,0.0,0.109375,,,
dinov2b_fitzft,19,simple,stratum,mid,KC,23,0.34782608695652173,0.654769630110318,,,
dinov2b_fitzft,19,simple,stratum,mid,MEL,5,0.2,0.3761194029850746,,,
dinov2b_fitzft,19,simple,stratum,mid,LYM,2,0.0,0.28358208955223885,,,
dinov2b_fitzft,19,simple,stratum,dark,KC,2,1.0,0.8828125,,,
dinov2b_fitzft,19,simple,stratum,dark,MEL,4,0.25,0.515625,,,
dinov2b_fitzft,19,simple,stratum,dark,LYM,10,0.4,0.565625,,,
dinov2b_fitzft,19,simple,stratum,dark,OTH,3,1.0,0.9322916666666667,,,
dinov2b_fitzft,19,simple,overall,light,,20,0.7,,all,84.0,0.5875
dinov2b_fitzft,19,simple,overall,mid,,30,0.3,,all,97.0,0.5835820895522388
dinov2b_fitzft,19,simple,overall,dark,,19,0.5263157894736842,,all,83.0,0.6463815789473684
dinov2b_fitzft,19,simple,overall,light,,19,0.6842105263157895,,noLYM,83.0,0.5764802631578947
dinov2b_fitzft,19,simple,overall,mid,,28,0.32142857142857145,,noLYM,95.0,0.6050106609808101
dinov2b_fitzft,19,simple,overall,dark,,9,0.6666666666666666,,noLYM,73.0,0.7361111111111112
dinov2b_fitzft,19,fair,stratum,light,KC,17,0.8823529411764706,0.6378676470588235,,,
dinov2b_fitzft,19,fair,stratum,light,MEL,1,1.0,0.953125,,,
dinov2b_fitzft,19,fair,stratum,light,LYM,1,1.0,0.890625,,,
dinov2b_fitzft,19,fair,stratum,light,OTH,1,0.0,0.046875,,,
dinov2b_fitzft,19,fair,stratum,mid,KC,23,0.6956521739130435,0.5327709279688514,,,
dinov2b_fitzft,19,fair,stratum,mid,MEL,5,0.8,0.48059701492537316,,,
dinov2b_fitzft,19,fair,stratum,mid,LYM,2,0.0,0.08208955223880599,,,
dinov2b_fitzft,19,fair,stratum,dark,KC,2,1.0,0.828125,,,
dinov2b_fitzft,19,fair,stratum,dark,MEL,4,0.5,0.453125,,,
dinov2b_fitzft,19,fair,stratum,dark,LYM,10,0.9,0.7296875,,,
dinov2b_fitzft,19,fair,stratum,dark,OTH,3,1.0,0.875,,,
dinov2b_fitzft,19,fair,overall,light,,20,0.85,,all,84.0,0.6367187499999999
dinov2b_fitzft,19,fair,overall,mid,,30,0.6666666666666666,,all,97.0,0.4940298507462687
dinov2b_fitzft,19,fair,overall,dark,,19,0.8421052631578947,,all,83.0,0.7047697368421053
dinov2b_fitzft,19,fair,overall,light,,19,0.8421052631578947,,noLYM,83.0,0.6233552631578947
dinov2b_fitzft,19,fair,overall,mid,,28,0.7142857142857143,,noLYM,95.0,0.523454157782516
dinov2b_fitzft,19,fair,overall,dark,,9,0.7777777777777778,,noLYM,73.0,0.6770833333333333
dinov2l_frozen,0,source,stratum,light,KC,16,0.875,0.6572265625,,,
dinov2l_frozen,0,source,stratum,light,MEL,2,1.0,0.75,,,
dinov2l_frozen,0,source,stratum,light,OTH,2,0.5,0.3046875,,,
dinov2l_frozen,0,source,stratum,mid,KC,24,0.9583333333333334,0.7742537313432836,,,
dinov2l_frozen,0,source,stratum,mid,MEL,4,0.75,0.45522388059701496,,,
dinov2l_frozen,0,source,stratum,mid,LYM,1,1.0,0.4029850746268657,,,
dinov2l_frozen,0,source,stratum,mid,OTH,1,1.0,0.6417910447761195,,,
dinov2l_frozen,0,source,stratum,dark,KC,4,0.75,0.65234375,,,
dinov2l_frozen,0,source,stratum,dark,MEL,4,1.0,0.68359375,,,
dinov2l_frozen,0,source,stratum,dark,LYM,11,0.9090909090909091,0.6974431818181818,,,
dinov2l_frozen,0,source,overall,light,,20,0.85,,all,84.0,0.63125
dinov2l_frozen,0,source,overall,mid,,30,0.9333333333333333,,all,97.0,0.7149253731343282
dinov2l_frozen,0,source,overall,dark,,19,0.8947368421052632,,all,83.0,0.6850328947368421
dinov2l_frozen,0,source,overall,light,,20,0.85,,noLYM,84.0,0.63125
dinov2l_frozen,0,source,overall,mid,,29,0.9310344827586207,,noLYM,96.0,0.7256819351518271
dinov2l_frozen,0,source,overall,dark,,8,0.875,,noLYM,72.0,0.66796875
dinov2l_frozen,0,simple,stratum,light,KC,16,0.0625,0.7041015625,,,
dinov2l_frozen,0,simple,stratum,light,MEL,2,0.0,0.578125,,,
dinov2l_frozen,0,simple,stratum,light,OTH,2,0.0,0.3203125,,,
dinov2l_frozen,0,simple,stratum,mid,KC,24,0.2916666666666667,0.7027363184079601,,,
dinov2l_frozen,0,simple,stratum,mid,MEL,4,0.25,0.5746268656716418,,,
dinov2l_frozen,0,simple,stratum,mid,LYM,1,0.0,0.5522388059701493,,,
dinov2l_frozen,0,simple,stratum,mid,OTH,1,0.0,0.7014925373134329,,,
dinov2l_frozen,0,simple,stratum,dark,KC,4,0.0,0.8984375,,,
dinov2l_frozen,0,simple,stratum,dark,MEL,4,0.0,0.37890625,,,
dinov2l_frozen,0,simple,stratum,dark,LYM,11,0.18181818181818182,0.8664772727272727,,,
dinov2l_frozen,0,simple,overall,light,,20,0.05,,all,84.0,0.653125
dinov2l_frozen,0,simple,overall,mid,,30,0.26666666666666666,,all,97.0,0.6805970149253733
dinov2l_frozen,0,simple,overall,dark,,19,0.10526315789473684,,all,83.0,0.7705592105263158
dinov2l_frozen,0,simple,overall,light,,20,0.05,,noLYM,84.0,0.653125
dinov2l_frozen,0,simple,overall,mid,,29,0.27586206896551724,,noLYM,96.0,0.6850231600617601
dinov2l_frozen,0,simple,overall,dark,,8,0.0,,noLYM,72.0,0.638671875
dinov2l_frozen,0,fair,stratum,light,KC,16,0.3125,0.763671875,,,
dinov2l_frozen,0,fair,stratum,light,MEL,2,0.0,0.46875,,,
dinov2l_frozen,0,fair,stratum,light,OTH,2,0.0,0.375,,,
dinov2l_frozen,0,fair,stratum,mid,KC,24,0.2916666666666667,0.7400497512437811,,,
dinov2l_frozen,0,fair,stratum,mid,MEL,4,0.25,0.5634328358208955,,,
dinov2l_frozen,0,fair,stratum,mid,LYM,1,0.0,0.7313432835820896,,,
dinov2l_frozen,0,fair,stratum,mid,OTH,1,0.0,0.6119402985074627,,,
dinov2l_frozen,0,fair,stratum,dark,KC,4,0.25,0.91796875,,,
dinov2l_frozen,0,fair,stratum,dark,MEL,4,0.0,0.44921875,,,
dinov2l_frozen,0,fair,stratum,dark,LYM,11,0.5454545454545454,0.921875,,,
dinov2l_frozen,0,fair,overall,light,,20,0.25,,all,84.0,0.6953125
dinov2l_frozen,0,fair,overall,mid,,30,0.26666666666666666,,all,97.0,0.7119402985074628
dinov2l_frozen,0,fair,overall,dark,,19,0.3684210526315789,,all,83.0,0.821546052631579
dinov2l_frozen,0,fair,overall,light,,20,0.25,,noLYM,84.0,0.6953125
dinov2l_frozen,0,fair,overall,mid,,29,0.27586206896551724,,noLYM,96.0,0.7112712300566135
dinov2l_frozen,0,fair,overall,dark,,8,0.125,,noLYM,72.0,0.68359375
dinov2l_frozen,1,source,stratum,light,KC,15,1.0,0.8572916666666667,,,
dinov2l_frozen,1,source,stratum,light,MEL,3,0.6666666666666666,0.41145833333333326,,,
dinov2l_frozen,1,source,stratum,light,OTH,2,0.5,0.3125,,,
dinov2l_frozen,1,source,stratum,mid,KC,17,0.8235294117647058,0.688323090430202,,,
dinov2l_frozen,1,source,stratum,mid,MEL,6,0.8333333333333334,0.49004975124378114,,,
dinov2l_frozen,1,source,stratum,mid,LYM,4,0.75,0.5373134328358209,,,
dinov2l_frozen,1,source,stratum,mid,OTH,3,1.0,0.6417910447761194,,,
dinov2l_frozen,1,source,stratum,dark,KC,2,0.5,0.6484375,,,
dinov2l_frozen,1,source,stratum,dark,MEL,3,0.6666666666666666,0.7708333333333333,,,
dinov2l_frozen,1,source,stratum,dark,LYM,13,0.6153846153846154,0.5889423076923077,,,
dinov2l_frozen,1,source,stratum,dark,OTH,1,1.0,0.921875,,,
dinov2l_frozen,1,source,overall,light,,20,0.9,,all,84.0,0.7359375
dinov2l_frozen,1,source,overall,mid,,30,0.8333333333333334,,all,97.0,0.6238805970149254
dinov2l_frozen,1,source,overall,dark,,19,0.631578947368421,,all,83.0,0.6414473684210527
dinov2l_frozen,1,source,overall,light,,20,0.9,,noLYM,84.0,0.7359375
dinov2l_frozen,1,source,overall,mid,,26,0.8461538461538461,,noLYM,93.0,0.6371986222732491
dinov2l_frozen,1,source,overall,dark,,6,0.6666666666666666,,noLYM,70.0,0.7552083333333334
dinov2l_frozen,1,simple,stratum,light,KC,15,0.13333333333333333,0.7322916666666667,,,
dinov2l_frozen,1,simple,stratum,light,MEL,3,0.0,0.36458333333333326,,,
dinov2l_frozen,1,simple,stratum,light,OTH,2,0.0,0.390625,,,
dinov2l_frozen,1,simple,stratum,mid,KC,17,0.17647058823529413,0.810359964881475,,,
dinov2l_frozen,1,simple,stratum,mid,MEL,6,0.16666666666666666,0.592039800995025,,,
dinov2l_frozen,1,simple,stratum,mid,LYM,4,0.25,0.6194029850746268,,,
dinov2l_frozen,1,simple,stratum,mid,OTH,3,0.3333333333333333,0.8059701492537313,,,
dinov2l_frozen,1,simple,stratum,dark,KC,2,0.0,0.5859375,,,
dinov2l_frozen,1,simple,stratum,dark,MEL,3,0.0,0.609375,,,
dinov2l_frozen,1,simple,stratum,dark,LYM,13,0.38461538461538464,0.8990384615384616,,,
dinov2l_frozen,1,simple,stratum,dark,OTH,1,1.0,1.0,,,
dinov2l_frozen,1,simple,overall,light,,20,0.1,,all,84.0,0.6429687500000001
dinov2l_frozen,1,simple,overall,mid,,30,0.2,,all,97.0,0.7407960199004975
dinov2l_frozen,1,simple,overall,dark,,19,0.3157894736842105,,all,83.0,0.825657894736842
dinov2l_frozen,1,simple,overall,light,,20,0.1,,noLYM,84.0,0.6429687500000001
dinov2l_frozen,1,simple,overall,mid,,26,0.19230769230769232,,noLYM,93.0,0.75947187141217
dinov2l_frozen,1,simple,overall,dark,,6,0.16666666666666666,,noLYM,70.0,0.6666666666666666
dinov2l_frozen,1,fair,stratum,light,KC,15,0.13333333333333333,0.7375,,,
dinov2l_frozen,1,fair,stratum,light,MEL,3,0.0,0.43749999999999994,,,
dinov2l_frozen,1,fair,stratum,light,OTH,2,0.0,0.359375,,,
dinov2l_frozen,1,fair,stratum,mid,KC,17,0.29411764705882354,0.8323090430201932,,,
dinov2l_frozen,1,fair,stratum,mid,MEL,6,0.16666666666666666,0.6144278606965173,,,
dinov2l_frozen,1,fair,stratum,mid,LYM,4,0.25,0.6380597014925373,,,
dinov2l_frozen,1,fair,stratum,mid,OTH,3,0.6666666666666666,0.8009950248756219,,,
dinov2l_frozen,1,fair,stratum,dark,KC,2,0.0,0.5390625,,,
dinov2l_frozen,1,fair,stratum,dark,MEL,3,0.0,0.46874999999999994,,,
dinov2l_frozen,1,fair,stratum,dark,LYM,13,0.38461538461538464,0.8942307692307693,,,
dinov2l_frozen,1,fair,stratum,dark,OTH,1,1.0,1.0,,,
dinov2l_frozen,1,fair,overall,light,,20,0.1,,all,84.0,0.6546875000000001
dinov2l_frozen,1,fair,overall,mid,,30,0.3,,all,97.0,0.7597014925373134
dinov2l_frozen,1,fair,overall,dark,,19,0.3157894736842105,,all,83.0,0.7952302631578947
dinov2l_frozen,1,fair,overall,light,,20,0.1,,noLYM,84.0,0.6546875000000001
dinov2l_frozen,1,fair,overall,mid,,26,0.3076923076923077,,noLYM,93.0,0.7784156142365097
dinov2l_frozen,1,fair,overall,dark,,6,0.16666666666666666,,noLYM,70.0,0.5807291666666667
dinov2l_frozen,2,source,stratum,light,KC,12,0.9166666666666666,0.7805989583333333,,,
dinov2l_frozen,2,source,stratum,light,MEL,4,0.75,0.41796875,,,
dinov2l_frozen,2,source,stratum,light,LYM,2,0.5,0.4375,,,
dinov2l_frozen,2,source,stratum,light,OTH,2,1.0,0.515625,,,
dinov2l_frozen,2,source,stratum,mid,KC,25,0.92,0.7761194029850746,,,
dinov2l_frozen,2,source,stratum,mid,MEL,3,0.6666666666666666,0.43781094527363185,,,
dinov2l_frozen,2,source,stratum,mid,LYM,1,1.0,0.4477611940298507,,,
dinov2l_frozen,2,source,stratum,mid,OTH,1,1.0,0.6716417910447761,,,
dinov2l_frozen,2,source,stratum,dark,KC,4,1.0,0.83984375,,,
dinov2l_frozen,2,source,stratum,dark,MEL,4,1.0,0.84375,,,
dinov2l_frozen,2,source,stratum,dark,LYM,9,0.8888888888888888,0.7673611111111112,,,
dinov2l_frozen,2,source,stratum,dark,OTH,2,1.0,0.8125,,,
dinov2l_frozen,2,source,overall,light,,20,0.85,,all,84.0,0.6472656250000001
dinov2l_frozen,2,source,overall,mid,,30,0.9,,all,97.0,0.727860696517413
dinov2l_frozen,2,source,overall,dark,,19,0.9473684210526315,,all,83.0,0.803453947368421
dinov2l_frozen,2,source,overall,light,,18,0.8888888888888888,,noLYM,82.0,0.6705729166666666
dinov2l_frozen,2,source,overall,mid,,29,0.896551724137931,,noLYM,96.0,0.7375193000514667
dinov2l_frozen,2,source,overall,dark,,10,1.0,,noLYM,74.0,0.8359375
dinov2l_frozen,2,simple,stratum,light,KC,12,0.16666666666666666,0.79296875,,,
dinov2l_frozen,2,simple,stratum,light,MEL,4,0.0,0.42578125,,,
dinov2l_frozen,2,simple,stratum,light,LYM,2,0.0,0.703125,,,
dinov2l_frozen,2,simple,stratum,light,OTH,2,0.0,0.359375,,,
dinov2l_frozen,2,simple,stratum,mid,KC,25,0.28,0.6758208955223881,,,
dinov2l_frozen,2,simple,stratum,mid,MEL,3,0.0,0.3582089552238806,,,
dinov2l_frozen,2,simple,stratum,mid,LYM,1,1.0,0.9701492537313433,,,
dinov2l_frozen,2,simple,stratum,mid,OTH,1,0.0,0.4477611940298507,,,
dinov2l_frozen,2,simple,stratum,dark,KC,4,0.5,0.765625,,,
dinov2l_frozen,2,simple,stratum,dark,MEL,4,0.0,0.5,,,
dinov2l_frozen,2,simple,stratum,dark,LYM,9,0.5555555555555556,0.9635416666666666,,,
dinov2l_frozen,2,simple,stratum,dark,OTH,2,0.0,0.8984375,,,
dinov2l_frozen,2,simple,overall,light,,20,0.1,,all,84.0,0.6671875
dinov2l_frozen,2,simple,overall,mid,,30,0.26666666666666666,,all,97.0,0.6462686567164179
dinov2l_frozen,2,simple,overall,dark,,19,0.3684210526315789,,all,83.0,0.8174342105263158
dinov2l_frozen,2,simple,overall,light,,18,0.1111111111111111,,noLYM,82.0,0.6631944444444444
dinov2l_frozen,2,simple,overall,mid,,29,0.2413793103448276,,noLYM,96.0,0.6351003602676274
dinov2l_frozen,2,simple,overall,dark,,10,0.2,,noLYM,74.0,0.6859375
dinov2l_frozen,2,fair,stratum,light,KC,12,0.25,0.7838541666666666,,,
dinov2l_frozen,2,fair,stratum,light,MEL,4,0.0,0.453125,,,
dinov2l_frozen,2,fair,stratum,light,LYM,2,0.0,0.7265625,,,
dinov2l_frozen,2,fair,stratum,light,OTH,2,0.0,0.390625,,,
dinov2l_frozen,2,fair,stratum,mid,KC,25,0.28,0.7259701492537314,,,
dinov2l_frozen,2,fair,stratum,mid,MEL,3,0.0,0.4079601990049751,,,
dinov2l_frozen,2,fair,stratum,mid,LYM,1,1.0,0.9701492537313433,,,
dinov2l_frozen,2,fair,stratum,mid,OTH,1,0.0,0.4328358208955224,,,
dinov2l_frozen,2,fair,stratum,dark,KC,4,0.75,0.75,,,
dinov2l_frozen,2,fair,stratum,dark,MEL,4,0.0,0.47265625,,,
dinov2l_frozen,2,fair,stratum,dark,LYM,9,0.7777777777777778,0.9826388888888888,,,
dinov2l_frozen,2,fair,stratum,dark,OTH,2,0.5,0.953125,,,
dinov2l_frozen,2,fair,overall,light,,20,0.15,,all,84.0,0.67265625
dinov2l_frozen,2,fair,overall,mid,,30,0.26666666666666666,,all,97.0,0.6925373134328359
dinov2l_frozen,2,fair,overall,dark,,19,0.5789473684210527,,all,83.0,0.8231907894736842
dinov2l_frozen,2,fair,overall,light,,18,0.16666666666666666,,noLYM,82.0,0.6666666666666667
dinov2l_frozen,2,fair,overall,mid,,29,0.2413793103448276,,noLYM,96.0,0.6829644879053011
dinov2l_frozen,2,fair,overall,dark,,10,0.4,,noLYM,74.0,0.6796875
dinov2l_frozen,3,source,stratum,light,KC,14,0.8571428571428571,0.8024553571428572,,,
dinov2l_frozen,3,source,stratum,light,MEL,3,0.6666666666666666,0.4270833333333333,,,
dinov2l_frozen,3,source,stratum,light,LYM,2,1.0,0.59375,,,
dinov2l_frozen,3,source,stratum,light,OTH,1,1.0,0.65625,,,
dinov2l_frozen,3,source,stratum,mid,KC,28,0.9285714285714286,0.7318763326226013,,,
dinov2l_frozen,3,source,stratum,mid,MEL,1,0.0,0.0,,,
dinov2l_frozen,3,source,stratum,mid,LYM,1,1.0,0.5373134328358209,,,
dinov2l_frozen,3,source,stratum,dark,KC,3,1.0,0.78125,,,
dinov2l_frozen,3,source,stratum,dark,MEL,3,0.6666666666666666,0.7604166666666667,,,
dinov2l_frozen,3,source,stratum,dark,LYM,11,0.5454545454545454,0.5809659090909092,,,
dinov2l_frozen,3,source,stratum,dark,OTH,2,1.0,0.9140625,,,
dinov2l_frozen,3,source,overall,light,,20,0.85,,all,84.0,0.71796875
dinov2l_frozen,3,source,overall,mid,,30,0.9,,all,97.0,0.7009950248756218
dinov2l_frozen,3,source,overall,dark,,19,0.6842105263157895,,all,83.0,0.675986842105263
dinov2l_frozen,3,source,overall,light,,18,0.8333333333333334,,noLYM,82.0,0.7317708333333335
dinov2l_frozen,3,source,overall,mid,,29,0.896551724137931,,noLYM,96.0,0.7066392177045806
dinov2l_frozen,3,source,overall,dark,,8,0.875,,noLYM,72.0,0.806640625
dinov2l_frozen,3,simple,stratum,light,KC,14,0.14285714285714285,0.8125,,,
dinov2l_frozen,3,simple,stratum,light,MEL,3,0.0,0.6302083333333333,,,
dinov2l_frozen,3,simple,stratum,light,LYM,2,0.0,0.5078125,,,
dinov2l_frozen,3,simple,stratum,light,OTH,1,0.0,0.59375,,,
dinov2l_frozen,3,simple,stratum,mid,KC,28,0.14285714285714285,0.761727078891258,,,
dinov2l_frozen,3,simple,stratum,mid,MEL,1,0.0,0.10447761194029848,,,
dinov2l_frozen,3,simple,stratum,mid,LYM,1,0.0,0.835820895522388,,,
dinov2l_frozen,3,simple,stratum,dark,KC,3,0.3333333333333333,0.6119791666666666,,,
dinov2l_frozen,3,simple,stratum,dark,MEL,3,0.0,0.7395833333333333,,,
dinov2l_frozen,3,simple,stratum,dark,LYM,11,0.36363636363636365,0.8323863636363636,,,
dinov2l_frozen,3,simple,stratum,dark,OTH,2,0.5,0.796875,,,
dinov2l_frozen,3,simple,overall,light,,20,0.1,,all,84.0,0.74375
dinov2l_frozen,3,simple,overall,mid,,30,0.13333333333333333,,all,97.0,0.7422885572139303
dinov2l_frozen,3,simple,overall,dark,,19,0.3157894736842105,,all,83.0,0.7791940789473684
dinov2l_frozen,3,simple,overall,light,,18,0.1111111111111111,,noLYM,82.0,0.7699652777777777
dinov2l_frozen,3,simple,overall,mid,,29,0.13793103448275862,,noLYM,96.0,0.7390633041688112
dinov2l_frozen,3,simple,overall,dark,,8,0.25,,noLYM,72.0,0.7060546875
dinov2l_frozen,3,fair,stratum,light,KC,14,0.35714285714285715,0.7901785714285714,,,
dinov2l_frozen,3,fair,stratum,light,MEL,3,0.0,0.6145833333333333,,,
dinov2l_frozen,3,fair,stratum,light,LYM,2,0.0,0.4765625,,,
dinov2l_frozen,3,fair,stratum,light,OTH,1,0.0,0.640625,,,
dinov2l_frozen,3,fair,stratum,mid,KC,28,0.21428571428571427,0.7643923240938166,,,
dinov2l_frozen,3,fair,stratum,mid,MEL,1,0.0,0.05970149253731338,,,
dinov2l_frozen,3,fair,stratum,mid,LYM,1,0.0,0.9253731343283582,,,
dinov2l_frozen,3,fair,stratum,dark,KC,3,0.3333333333333333,0.6354166666666666,,,
dinov2l_frozen,3,fair,stratum,dark,MEL,3,0.0,0.6770833333333333,,,
dinov2l_frozen,3,fair,stratum,dark,LYM,11,0.5454545454545454,0.8707386363636364,,,
dinov2l_frozen,3,fair,stratum,dark,OTH,2,0.5,0.8828125,,,
dinov2l_frozen,3,fair,overall,light,,20,0.25,,all,84.0,0.725
dinov2l_frozen,3,fair,overall,mid,,30,0.2,,all,97.0,0.7462686567164178
dinov2l_frozen,3,fair,overall,dark,,19,0.42105263157894735,,all,83.0,0.8042763157894736
dinov2l_frozen,3,fair,overall,light,,18,0.2777777777777778,,noLYM,82.0,0.7526041666666666
dinov2l_frozen,3,fair,overall,mid,,29,0.20689655172413793,,noLYM,96.0,0.7400926402470406
dinov2l_frozen,3,fair,overall,dark,,8,0.25,,noLYM,72.0,0.712890625
dinov2l_frozen,4,source,stratum,light,KC,13,0.9230769230769231,0.7872596153846154,,,
dinov2l_frozen,4,source,stratum,light,MEL,5,0.8,0.53125,,,
dinov2l_frozen,4,source,stratum,light,LYM,1,1.0,0.484375,,,
dinov2l_frozen,4,source,stratum,light,OTH,1,1.0,0.625,,,
dinov2l_frozen,4,source,stratum,mid,KC,25,0.96,0.7259701492537314,,,
dinov2l_frozen,4,source,stratum,mid,MEL,3,0.6666666666666666,0.42288557213930345,,,
dinov2l_frozen,4,source,stratum,mid,LYM,1,1.0,0.5223880597014925,,,
dinov2l_frozen,4,source,stratum,mid,OTH,1,1.0,0.9104477611940298,,,
dinov2l_frozen,4,source,stratum,dark,KC,4,1.0,0.765625,,,
dinov2l_frozen,4,source,stratum,dark,MEL,2,1.0,0.421875,,,
dinov2l_frozen,4,source,stratum,dark,LYM,12,0.75,0.6067708333333333,,,
dinov2l_frozen,4,source,stratum,dark,OTH,1,1.0,0.90625,,,
dinov2l_frozen,4,source,overall,light,,20,0.9,,all,84.0,0.7
dinov2l_frozen,4,source,overall,mid,,30,0.9333333333333333,,all,97.0,0.6950248756218906
dinov2l_frozen,4,source,overall,dark,,19,0.8421052631578947,,all,83.0,0.6365131578947368
dinov2l_frozen,4,source,overall,light,,19,0.8947368421052632,,noLYM,83.0,0.7113486842105263
dinov2l_frozen,4,source,overall,mid,,29,0.9310344827586207,,noLYM,96.0,0.700977869274318
dinov2l_frozen,4,source,overall,dark,,7,1.0,,noLYM,71.0,0.6875
dinov2l_frozen,4,simple,stratum,light,KC,13,0.23076923076923078,0.7608173076923077,,,
dinov2l_frozen,4,simple,stratum,light,MEL,5,0.0,0.5562499999999999,,,
dinov2l_frozen,4,simple,stratum,light,LYM,1,0.0,0.34375,,,
dinov2l_frozen,4,simple,stratum,light,OTH,1,0.0,0.71875,,,
dinov2l_frozen,4,simple,stratum,mid,KC,25,0.16,0.813134328358209,,,
dinov2l_frozen,4,simple,stratum,mid,MEL,3,0.0,0.39303482587064675,,,
dinov2l_frozen,4,simple,stratum,mid,LYM,1,0.0,0.835820895522388,,,
dinov2l_frozen,4,simple,stratum,mid,OTH,1,1.0,0.9701492537313433,,,
dinov2l_frozen,4,simple,stratum,dark,KC,4,0.25,0.52734375,,,
dinov2l_frozen,4,simple,stratum,dark,MEL,2,0.0,0.3203125,,,
dinov2l_frozen,4,simple,stratum,dark,LYM,12,0.4166666666666667,0.8802083333333334,,,
dinov2l_frozen,4,simple,stratum,dark,OTH,1,1.0,0.96875,,,
dinov2l_frozen,4,simple,overall,light,,20,0.15,,all,84.0,0.68671875
dinov2l_frozen,4,simple,overall,mid,,30,0.16666666666666666,,all,97.0,0.7771144278606964
dinov2l_frozen,4,simple,overall,dark,,19,0.3684210526315789,,all,83.0,0.7516447368421053
dinov2l_frozen,4,simple,overall,light,,19,0.15789473684210525,,noLYM,83.0,0.7047697368421052
dinov2l_frozen,4,simple,overall,mid,,29,0.1724137931034483,,noLYM,96.0,0.7750900669068451
dinov2l_frozen,4,simple,overall,dark,,7,0.2857142857142857,,noLYM,71.0,0.53125
dinov2l_frozen,4,fair,stratum,light,KC,13,0.46153846153846156,0.8197115384615384,,,
dinov2l_frozen,4,fair,stratum,light,MEL,5,0.0,0.5375000000000001,,,
dinov2l_frozen,4,fair,stratum,light,LYM,1,0.0,0.28125,,,
dinov2l_frozen,4,fair,stratum,light,OTH,1,0.0,0.703125,,,
dinov2l_frozen,4,fair,stratum,mid,KC,25,0.28,0.8208955223880597,,,
dinov2l_frozen,4,fair,stratum,mid,MEL,3,0.0,0.41293532338308453,,,
dinov2l_frozen,4,fair,stratum,mid,LYM,1,0.0,0.9104477611940298,,,
dinov2l_frozen,4,fair,stratum,mid,OTH,1,1.0,0.9701492537313433,,,
dinov2l_frozen,4,fair,stratum,dark,KC,4,0.25,0.50390625,,,
dinov2l_frozen,4,fair,stratum,dark,MEL,2,0.0,0.25,,,
dinov2l_frozen,4,fair,stratum,dark,LYM,12,0.6666666666666666,0.9192708333333333,,,
dinov2l_frozen,4,fair,stratum,dark,OTH,1,1.0,0.984375,,,
dinov2l_frozen,4,fair,overall,light,,20,0.3,,all,84.0,0.7164062499999999
dinov2l_frozen,4,fair,overall,mid,,30,0.26666666666666666,,all,97.0,0.7880597014925373
dinov2l_frozen,4,fair,overall,dark,,19,0.5263157894736842,,all,83.0,0.7648026315789473
dinov2l_frozen,4,fair,overall,light,,19,0.3157894736842105,,noLYM,83.0,0.7393092105263158
dinov2l_frozen,4,fair,overall,mid,,29,0.27586206896551724,,noLYM,96.0,0.7838394235717961
dinov2l_frozen,4,fair,overall,dark,,7,0.2857142857142857,,noLYM,71.0,0.5
dinov2l_frozen,5,source,stratum,light,KC,14,0.8571428571428571,0.7801339285714285,,,
dinov2l_frozen,5,source,stratum,light,MEL,3,0.3333333333333333,0.2864583333333333,,,
dinov2l_frozen,5,source,stratum,light,LYM,1,1.0,0.484375,,,
dinov2l_frozen,5,source,stratum,light,OTH,2,1.0,0.5703125,,,
dinov2l_frozen,5,source,stratum,mid,KC,26,0.9230769230769231,0.7244546498277842,,,
dinov2l_frozen,5,source,stratum,mid,MEL,3,0.3333333333333333,0.31343283582089554,,,
dinov2l_frozen,5,source,stratum,mid,LYM,1,1.0,0.7313432835820896,,,
dinov2l_frozen,5,source,stratum,dark,KC,3,1.0,0.8072916666666666,,,
dinov2l_frozen,5,source,stratum,dark,MEL,5,0.6,0.7406250000000001,,,
dinov2l_frozen,5,source,stratum,dark,LYM,10,0.7,0.65625,,,
dinov2l_frozen,5,source,stratum,dark,OTH,1,1.0,0.640625,,,
dinov2l_frozen,5,source,overall,light,,20,0.8,,all,84.0,0.6703125
dinov2l_frozen,5,source,overall,mid,,30,0.8666666666666667,,all,97.0,0.6835820895522389
dinov2l_frozen,5,source,overall,dark,,19,0.7368421052631579,,all,83.0,0.7014802631578947
dinov2l_frozen,5,source,overall,light,,19,0.7894736842105263,,noLYM,83.0,0.6800986842105263
dinov2l_frozen,5,source,overall,mid,,29,0.8620689655172413,,noLYM,96.0,0.6819351518270715
dinov2l_frozen,5,source,overall,dark,,9,0.7777777777777778,,noLYM,73.0,0.7517361111111112
dinov2l_frozen,5,simple,stratum,light,KC,14,0.07142857142857142,0.6674107142857143,,,
dinov2l_frozen,5,simple,stratum,light,MEL,3,0.0,0.3802083333333333,,,
dinov2l_frozen,5,simple,stratum,light,LYM,1,0.0,0.21875,,,
dinov2l_frozen,5,simple,stratum,light,OTH,2,0.0,0.421875,,,
dinov2l_frozen,5,simple,stratum,mid,KC,26,0.3076923076923077,0.7893226176808267,,,
dinov2l_frozen,5,simple,stratum,mid,MEL,3,0.0,0.4079601990049751,,,
dinov2l_frozen,5,simple,stratum,mid,LYM,1,0.0,0.9402985074626866,,,
dinov2l_frozen,5,simple,stratum,dark,KC,3,0.0,0.53125,,,
dinov2l_frozen,5,simple,stratum,dark,MEL,5,0.0,0.63125,,,
dinov2l_frozen,5,simple,stratum,dark,LYM,10,0.5,0.9375,,,
dinov2l_frozen,5,simple,stratum,dark,OTH,1,0.0,0.90625,,,
dinov2l_frozen,5,simple,overall,light,,20,0.05,,all,84.0,0.57734375
dinov2l_frozen,5,simple,overall,mid,,30,0.26666666666666666,,all,97.0,0.7562189054726369
dinov2l_frozen,5,simple,overall,dark,,19,0.2631578947368421,,all,83.0,0.7911184210526315
dinov2l_frozen,5,simple,overall,light,,19,0.05263157894736842,,noLYM,83.0,0.5962171052631579
dinov2l_frozen,5,simple,overall,mid,,29,0.27586206896551724,,noLYM,96.0,0.7498713329902214
dinov2l_frozen,5,simple,overall,dark,,9,0.0,,noLYM,73.0,0.6284722222222222
dinov2l_frozen,5,fair,stratum,light,KC,14,0.21428571428571427,0.6640625,,,
dinov2l_frozen,5,fair,stratum,light,MEL,3,0.0,0.44791666666666663,,,
dinov2l_frozen,5,fair,stratum,light,LYM,1,0.0,0.28125,,,
dinov2l_frozen,5,fair,stratum,light,OTH,2,0.0,0.3828125,,,
dinov2l_frozen,5,fair,stratum,mid,KC,26,0.38461538461538464,0.8111366245694605,,,
dinov2l_frozen,5,fair,stratum,mid,MEL,3,0.0,0.2537313432835821,,,
dinov2l_frozen,5,fair,stratum,mid,LYM,1,1.0,0.9701492537313433,,,
dinov2l_frozen,5,fair,stratum,dark,KC,3,0.0,0.5260416666666666,,,
dinov2l_frozen,5,fair,stratum,dark,MEL,5,0.0,0.6125,,,
dinov2l_frozen,5,fair,stratum,dark,LYM,10,0.7,0.975,,,
dinov2l_frozen,5,fair,stratum,dark,OTH,1,0.0,0.921875,,,
dinov2l_frozen,5,fair,overall,light,,20,0.15,,all,84.0,0.584375
dinov2l_frozen,5,fair,overall,mid,,30,0.36666666666666664,,all,97.0,0.7606965174129353
dinov2l_frozen,5,fair,overall,dark,,19,0.3684210526315789,,all,83.0,0.805921052631579
dinov2l_frozen,5,fair,overall,light,,19,0.15789473684210525,,noLYM,83.0,0.600328947368421
dinov2l_frozen,5,fair,overall,mid,,29,0.3448275862068966,,noLYM,96.0,0.7534740092640247
dinov2l_frozen,5,fair,overall,dark,,9,0.0,,noLYM,73.0,0.6180555555555556
dinov2l_frozen,6,source,stratum,light,KC,16,0.8125,0.638671875,,,
dinov2l_frozen,6,source,stratum,light,MEL,2,1.0,0.4921875,,,
dinov2l_frozen,6,source,stratum,light,LYM,1,1.0,0.4375,,,
dinov2l_frozen,6,source,stratum,light,OTH,1,1.0,0.65625,,,
dinov2l_frozen,6,source,stratum,mid,KC,23,0.9565217391304348,0.7871512005191434,,,
dinov2l_frozen,6,source,stratum,mid,MEL,3,1.0,0.6318407960199005,,,
dinov2l_frozen,6,source,stratum,mid,LYM,3,0.6666666666666666,0.5223880597014926,,,
dinov2l_frozen,6,source,stratum,mid,OTH,1,1.0,0.9402985074626866,,,
dinov2l_frozen,6,source,stratum,dark,KC,2,1.0,0.8046875,,,
dinov2l_frozen,6,source,stratum,dark,MEL,5,0.8,0.83125,,,
dinov2l_frozen,6,source,stratum,dark,LYM,11,0.7272727272727273,0.6136363636363635,,,
dinov2l_frozen,6,source,stratum,dark,OTH,1,1.0,0.96875,,,
dinov2l_frozen,6,source,overall,light,,20,0.85,,all,84.0,0.61484375
dinov2l_frozen,6,source,overall,mid,,30,0.9333333333333333,,all,97.0,0.7502487562189055
dinov2l_frozen,6,source,overall,dark,,19,0.7894736842105263,,all,83.0,0.709703947368421
dinov2l_frozen,6,source,overall,light,,19,0.8421052631578947,,noLYM,83.0,0.6241776315789473
dinov2l_frozen,6,source,overall,mid,,27,0.9629629629629629,,noLYM,94.0,0.7755666113875069
dinov2l_frozen,6,source,overall,dark,,8,0.875,,noLYM,72.0,0.841796875
dinov2l_frozen,6,simple,stratum,light,KC,16,0.25,0.7587890625,,,
dinov2l_frozen,6,simple,stratum,light,MEL,2,0.0,0.71875,,,
dinov2l_frozen,6,simple,stratum,light,LYM,1,0.0,0.296875,,,
dinov2l_frozen,6,simple,stratum,light,OTH,1,0.0,0.578125,,,
dinov2l_frozen,6,simple,stratum,mid,KC,23,0.21739130434782608,0.8040233614536015,,,
dinov2l_frozen,6,simple,stratum,mid,MEL,3,0.3333333333333333,0.8855721393034826,,,
dinov2l_frozen,6,simple,stratum,mid,LYM,3,0.0,0.6567164179104478,,,
dinov2l_frozen,6,simple,stratum,mid,OTH,1,0.0,0.9701492537313433,,,
dinov2l_frozen,6,simple,stratum,dark,KC,2,0.5,0.8359375,,,
dinov2l_frozen,6,simple,stratum,dark,MEL,5,0.0,0.484375,,,
dinov2l_frozen,6,simple,stratum,dark,LYM,11,0.5454545454545454,0.8309659090909091,,,
dinov2l_frozen,6,simple,stratum,dark,OTH,1,1.0,0.953125,,,
dinov2l_frozen,6,simple,overall,light,,20,0.2,,all,84.0,0.72265625
dinov2l_frozen,6,simple,overall,mid,,30,0.2,,all,97.0,0.8029850746268657
dinov2l_frozen,6,simple,overall,dark,,19,0.42105263157894735,,all,83.0,0.7467105263157894
dinov2l_frozen,6,simple,overall,light,,19,0.21052631578947367,,noLYM,83.0,0.7450657894736842
dinov2l_frozen,6,simple,overall,mid,,27,0.2222222222222222,,noLYM,94.0,0.8192371475953565
dinov2l_frozen,6,simple,overall,dark,,8,0.25,,noLYM,72.0,0.630859375
dinov2l_frozen,6,fair,stratum,light,KC,16,0.3125,0.7548828125,,,
dinov2l_frozen,6,fair,stratum,light,MEL,2,0.0,0.59375,,,
dinov2l_frozen,6,fair,stratum,light,LYM,1,0.0,0.203125,,,
dinov2l_frozen,6,fair,stratum,light,OTH,1,0.0,0.546875,,,
dinov2l_frozen,6,fair,stratum,mid,KC,23,0.391304347826087,0.8150551589876703,,,
dinov2l_frozen,6,fair,stratum,mid,MEL,3,0.6666666666666666,0.8706467661691542,,,
dinov2l_frozen,6,fair,stratum,mid,LYM,3,0.3333333333333333,0.6567164179104477,,,
dinov2l_frozen,6,fair,stratum,mid,OTH,1,1.0,0.9552238805970149,,,
dinov2l_frozen,6,fair,stratum,dark,KC,2,0.5,0.9140625,,,
dinov2l_frozen,6,fair,stratum,dark,MEL,5,0.0,0.40625,,,
dinov2l_frozen,6,fair,stratum,dark,LYM,11,0.5454545454545454,0.8650568181818181,,,
dinov2l_frozen,6,fair,stratum,dark,OTH,1,1.0,0.953125,,,
dinov2l_frozen,6,fair,overall,light,,20,0.25,,all,84.0,0.70078125
dinov2l_frozen,6,fair,overall,mid,,30,0.43333333333333335,,all,97.0,0.8094527363184081
dinov2l_frozen,6,fair,overall,dark,,19,0.42105263157894735,,all,83.0,0.7541118421052632
dinov2l_frozen,6,fair,overall,light,,19,0.2631578947368421,,noLYM,83.0,0.7269736842105263
dinov2l_frozen,6,fair,overall,mid,,27,0.4444444444444444,,noLYM,94.0,0.8264234383637369
dinov2l_frozen,6,fair,overall,dark,,8,0.25,,noLYM,72.0,0.6015625
dinov2l_frozen,7,source,stratum,light,KC,12,0.9166666666666666,0.78125,,,
dinov2l_frozen,7,source,stratum,light,MEL,4,0.75,0.49609375,,,
dinov2l_frozen,7,source,stratum,light,LYM,2,0.5,0.328125,,,
dinov2l_frozen,7,source,stratum,light,OTH,2,1.0,0.640625,,,
dinov2l_frozen,7,source,stratum,mid,KC,20,0.9,0.7597014925373134,,,
dinov2l_frozen,7,source,stratum,mid,MEL,4,0.5,0.34701492537313433,,,
dinov2l_frozen,7,source,stratum,mid,LYM,4,0.5,0.5634328358208955,,,
dinov2l_frozen,7,source,stratum,mid,OTH,2,1.0,0.5895522388059701,,,
dinov2l_frozen,7,source,stratum,dark,KC,3,1.0,0.9375,,,
dinov2l_frozen,7,source,stratum,dark,MEL,4,0.75,0.703125,,,
dinov2l_frozen,7,source,stratum,dark,LYM,11,0.6363636363636364,0.5838068181818181,,,
dinov2l_frozen,7,source,stratum,dark,OTH,1,1.0,0.59375,,,
dinov2l_frozen,7,source,overall,light,,20,0.85,,all,84.0,0.66484375
dinov2l_frozen,7,source,overall,mid,,30,0.8,,all,97.0,0.6671641791044776
dinov2l_frozen,7,source,overall,dark,,19,0.7368421052631579,,all,83.0,0.665296052631579
dinov2l_frozen,7,source,overall,light,,18,0.8888888888888888,,noLYM,82.0,0.7022569444444445
dinov2l_frozen,7,source,overall,mid,,26,0.8461538461538461,,noLYM,93.0,0.6831228473019517
dinov2l_frozen,7,source,overall,dark,,8,0.875,,noLYM,72.0,0.77734375
dinov2l_frozen,7,simple,stratum,light,KC,12,0.3333333333333333,0.8385416666666667,,,
dinov2l_frozen,7,simple,stratum,light,MEL,4,0.0,0.52734375,,,
dinov2l_frozen,7,simple,stratum,light,LYM,2,0.0,0.4140625,,,
dinov2l_frozen,7,simple,stratum,light,OTH,2,0.0,0.6953125,,,
dinov2l_frozen,7,simple,stratum,mid,KC,20,0.25,0.7216417910447761,,,
dinov2l_frozen,7,simple,stratum,mid,MEL,4,0.0,0.2947761194029851,,,
dinov2l_frozen,7,simple,stratum,mid,LYM,4,0.0,0.7313432835820897,,,
dinov2l_frozen,7,simple,stratum,mid,OTH,2,0.0,0.5671641791044777,,,
dinov2l_frozen,7,simple,stratum,dark,KC,3,0.0,0.8333333333333334,,,
dinov2l_frozen,7,simple,stratum,dark,MEL,4,0.0,0.62890625,,,
dinov2l_frozen,7,simple,stratum,dark,LYM,11,0.5454545454545454,0.8565340909090908,,,
dinov2l_frozen,7,simple,stratum,dark,OTH,1,0.0,0.84375,,,
dinov2l_frozen,7,simple,overall,light,,20,0.2,,all,84.0,0.71953125
dinov2l_frozen,7,simple,overall,mid,,30,0.16666666666666666,,all,97.0,0.6557213930348259
dinov2l_frozen,7,simple,overall,dark,,19,0.3157894736842105,,all,83.0,0.8042763157894737
dinov2l_frozen,7,simple,overall,light,,18,0.2222222222222222,,noLYM,82.0,0.7534722222222222
dinov2l_frozen,7,simple,overall,mid,,26,0.19230769230769232,,noLYM,93.0,0.6440872560275545
dinov2l_frozen,7,simple,overall,dark,,8,0.0,,noLYM,72.0,0.732421875
dinov2l_frozen,7,fair,stratum,light,KC,12,0.5833333333333334,0.85546875,,,
dinov2l_frozen,7,fair,stratum,light,MEL,4,0.0,0.546875,,,
dinov2l_frozen,7,fair,stratum,light,LYM,2,0.0,0.546875,,,
dinov2l_frozen,7,fair,stratum,light,OTH,2,0.0,0.71875,,,
dinov2l_frozen,7,fair,stratum,mid,KC,20,0.35,0.7462686567164178,,,
dinov2l_frozen,7,fair,stratum,mid,MEL,4,0.0,0.30597014925373134,,,
dinov2l_frozen,7,fair,stratum,mid,LYM,4,0.25,0.7014925373134329,,,
dinov2l_frozen,7,fair,stratum,mid,OTH,2,0.0,0.6343283582089552,,,
dinov2l_frozen,7,fair,stratum,dark,KC,3,0.0,0.78125,,,
dinov2l_frozen,7,fair,stratum,dark,MEL,4,0.0,0.6328125,,,
dinov2l_frozen,7,fair,stratum,dark,LYM,11,0.5454545454545454,0.8835227272727273,,,
dinov2l_frozen,7,fair,stratum,dark,OTH,1,0.0,0.875,,,
dinov2l_frozen,7,fair,overall,light,,20,0.35,,all,84.0,0.74921875
dinov2l_frozen,7,fair,overall,mid,,30,0.26666666666666666,,all,97.0,0.6741293532338308
dinov2l_frozen,7,fair,overall,dark,,19,0.3157894736842105,,all,83.0,0.8141447368421053
dinov2l_frozen,7,fair,overall,light,,18,0.3888888888888889,,noLYM,82.0,0.7717013888888888
dinov2l_frozen,7,fair,overall,mid,,26,0.2692307692307692,,noLYM,93.0,0.6699196326061998
dinov2l_frozen,7,fair,overall,dark,,8,0.0,,noLYM,72.0,0.71875
dinov2l_frozen,8,source,stratum,light,KC,14,0.7142857142857143,0.6037946428571428,,,
dinov2l_frozen,8,source,stratum,light,MEL,2,0.0,0.1640625,,,
dinov2l_frozen,8,source,stratum,light,LYM,1,1.0,0.453125,,,
dinov2l_frozen,8,source,stratum,light,OTH,3,0.6666666666666666,0.3645833333333333,,,
dinov2l_frozen,8,source,stratum,mid,KC,26,0.9615384615384616,0.6888633754305397,,,
dinov2l_frozen,8,source,stratum,mid,MEL,2,0.5,0.291044776119403,,,
dinov2l_frozen,8,source,stratum,mid,LYM,2,0.5,0.4253731343283582,,,
dinov2l_frozen,8,source,stratum,dark,KC,4,0.75,0.7734375,,,
dinov2l_frozen,8,source,stratum,dark,MEL,3,0.6666666666666666,0.7447916666666666,,,
dinov2l_frozen,8,source,stratum,dark,LYM,10,0.5,0.525,,,
dinov2l_frozen,8,source,stratum,dark,OTH,2,1.0,0.9296875,,,
dinov2l_frozen,8,source,overall,light,,20,0.65,,all,84.0,0.51640625
dinov2l_frozen,8,source,overall,mid,,30,0.9,,all,97.0,0.6447761194029851
dinov2l_frozen,8,source,overall,dark,,19,0.631578947368421,,all,83.0,0.6546052631578947
dinov2l_frozen,8,source,overall,light,,19,0.631578947368421,,noLYM,83.0,0.519736842105263
dinov2l_frozen,8,source,overall,mid,,28,0.9285714285714286,,noLYM,95.0,0.6604477611940298
dinov2l_frozen,8,source,overall,dark,,9,0.7777777777777778,,noLYM,73.0,0.7986111111111112
dinov2l_frozen,8,simple,stratum,light,KC,14,0.14285714285714285,0.7622767857142858,,,
dinov2l_frozen,8,simple,stratum,light,MEL,2,0.5,0.5625,,,
dinov2l_frozen,8,simple,stratum,light,LYM,1,0.0,0.390625,,,
dinov2l_frozen,8,simple,stratum,light,OTH,3,0.0,0.328125,,,
dinov2l_frozen,8,simple,stratum,mid,KC,26,0.19230769230769232,0.7101033295063145,,,
dinov2l_frozen,8,simple,stratum,mid,MEL,2,0.0,0.3805970149253731,,,
dinov2l_frozen,8,simple,stratum,mid,LYM,2,0.0,0.4925373134328358,,,
dinov2l_frozen,8,simple,stratum,dark,KC,4,0.25,0.8203125,,,
dinov2l_frozen,8,simple,stratum,dark,MEL,3,0.0,0.8125,,,
dinov2l_frozen,8,simple,stratum,dark,LYM,10,0.4,0.8359375,,,
dinov2l_frozen,8,simple,stratum,dark,OTH,2,0.5,0.9453125,,,
dinov2l_frozen,8,simple,overall,light,,20,0.15,,all,84.0,0.65859375
dinov2l_frozen,8,simple,overall,mid,,30,0.16666666666666666,,all,97.0,0.6736318407960199
dinov2l_frozen,8,simple,overall,dark,,19,0.3157894736842105,,all,83.0,0.8404605263157895
dinov2l_frozen,8,simple,overall,light,,19,0.15789473684210525,,noLYM,83.0,0.6726973684210525
dinov2l_frozen,8,simple,overall,mid,,28,0.17857142857142858,,noLYM,95.0,0.6865671641791045
dinov2l_frozen,8,simple,overall,dark,,9,0.2222222222222222,,noLYM,73.0,0.8454861111111112
dinov2l_frozen,8,fair,stratum,light,KC,14,0.2857142857142857,0.8069196428571428,,,
dinov2l_frozen,8,fair,stratum,light,MEL,2,0.5,0.6796875,,,
dinov2l_frozen,8,fair,stratum,light,LYM,1,0.0,0.203125,,,
dinov2l_frozen,8,fair,stratum,light,OTH,3,0.0,0.390625,,,
dinov2l_frozen,8,fair,stratum,mid,KC,26,0.19230769230769232,0.7376578645235361,,,
dinov2l_frozen,8,fair,stratum,mid,MEL,2,0.0,0.4552238805970149,,,
dinov2l_frozen,8,fair,stratum,mid,LYM,2,0.0,0.44776119402985076,,,
dinov2l_frozen,8,fair,stratum,dark,KC,4,0.25,0.6875,,,
dinov2l_frozen,8,fair,stratum,dark,MEL,3,0.0,0.8020833333333334,,,
dinov2l_frozen,8,fair,stratum,dark,LYM,10,0.7,0.846875,,,
dinov2l_frozen,8,fair,stratum,dark,OTH,2,1.0,1.0,,,
dinov2l_frozen,8,fair,overall,light,,20,0.25,,all,84.0,0.7015625000000001
dinov2l_frozen,8,fair,overall,mid,,30,0.16666666666666666,,all,97.0,0.699502487562189
dinov2l_frozen,8,fair,overall,dark,,19,0.5263157894736842,,all,83.0,0.8223684210526316
dinov2l_frozen,8,fair,overall,light,,19,0.2631578947368421,,noLYM,83.0,0.7277960526315789
dinov2l_frozen,8,fair,overall,mid,,28,0.17857142857142858,,noLYM,95.0,0.7174840085287847
dinov2l_frozen,8,fair,overall,dark,,9,0.3333333333333333,,noLYM,73.0,0.7951388888888888
dinov2l_frozen,9,source,stratum,light,KC,16,0.8125,0.732421875,,,
dinov2l_frozen,9,source,stratum,light,MEL,1,0.0,0.15625,,,
dinov2l_frozen,9,source,stratum,light,LYM,1,0.0,0.1875,,,
dinov2l_frozen,9,source,stratum,light,OTH,2,1.0,0.5859375,,,
dinov2l_frozen,9,source,stratum,mid,KC,23,0.9130434782608695,0.773523685918235,,,
dinov2l_frozen,9,source,stratum,mid,MEL,4,0.5,0.39179104477611937,,,
dinov2l_frozen,9,source,stratum,mid,LYM,2,0.5,0.5074626865671642,,,
dinov2l_frozen,9,source,stratum,mid,OTH,1,1.0,0.9552238805970149,,,
dinov2l_frozen,9,source,stratum,dark,KC,2,1.0,0.7734375,,,
dinov2l_frozen,9,source,stratum,dark,MEL,5,0.6,0.70625,,,
dinov2l_frozen,9,source,stratum,dark,LYM,9,0.5555555555555556,0.5711805555555556,,,
dinov2l_frozen,9,source,stratum,dark,OTH,3,1.0,0.84375,,,
dinov2l_frozen,9,source,overall,light,,20,0.75,,all,84.0,0.66171875
dinov2l_frozen,9,source,overall,mid,,30,0.8333333333333334,,all,97.0,0.7109452736318408
dinov2l_frozen,9,source,overall,dark,,19,0.6842105263157895,,all,83.0,0.6710526315789473
dinov2l_frozen,9,source,overall,light,,19,0.7894736842105263,,noLYM,83.0,0.6866776315789473
dinov2l_frozen,9,source,overall,mid,,28,0.8571428571428571,,noLYM,95.0,0.7254797441364607
dinov2l_frozen,9,source,overall,dark,,10,0.8,,noLYM,74.0,0.7609375
dinov2l_frozen,9,simple,stratum,light,KC,16,0.125,0.685546875,,,
dinov2l_frozen,9,simple,stratum,light,MEL,1,0.0,0.65625,,,
dinov2l_frozen,9,simple,stratum,light,LYM,1,1.0,0.953125,,,
dinov2l_frozen,9,simple,stratum,light,OTH,2,0.0,0.3125,,,
dinov2l_frozen,9,simple,stratum,mid,KC,23,0.2608695652173913,0.7845554834523036,,,
dinov2l_frozen,9,simple,stratum,mid,MEL,4,0.0,0.4104477611940298,,,
dinov2l_frozen,9,simple,stratum,mid,LYM,2,0.0,0.8059701492537314,,,
dinov2l_frozen,9,simple,stratum,mid,OTH,1,0.0,0.9850746268656716,,,
dinov2l_frozen,9,simple,stratum,dark,KC,2,0.5,0.4765625,,,
dinov2l_frozen,9,simple,stratum,dark,MEL,5,0.0,0.83125,,,
dinov2l_frozen,9,simple,stratum,dark,LYM,9,0.4444444444444444,0.8489583333333333,,,
dinov2l_frozen,9,simple,stratum,dark,OTH,3,0.0,0.8697916666666666,,,
dinov2l_frozen,9,simple,overall,light,,20,0.15,,all,84.0,0.66015625
dinov2l_frozen,9,simple,overall,mid,,30,0.2,,all,97.0,0.7427860696517413
dinov2l_frozen,9,simple,overall,dark,,19,0.2631578947368421,,all,83.0,0.8083881578947367
dinov2l_frozen,9,simple,overall,light,,19,0.10526315789473684,,noLYM,83.0,0.644736842105263
dinov2l_frozen,9,simple,overall,mid,,28,0.21428571428571427,,noLYM,95.0,0.738272921108742
dinov2l_frozen,9,simple,overall,dark,,10,0.1,,noLYM,74.0,0.7718750000000001
dinov2l_frozen,9,fair,stratum,light,KC,16,0.4375,0.7578125,,,
dinov2l_frozen,9,fair,stratum,light,MEL,1,0.0,0.75,,,
dinov2l_frozen,9,fair,stratum,light,LYM,1,1.0,0.953125,,,
dinov2l_frozen,9,fair,stratum,light,OTH,2,0.0,0.3359375,,,
dinov2l_frozen,9,fair,stratum,mid,KC,23,0.391304347826087,0.8163530175210901,,,
dinov2l_frozen,9,fair,stratum,mid,MEL,4,0.0,0.3619402985074627,,,
dinov2l_frozen,9,fair,stratum,mid,LYM,2,0.0,0.8507462686567164,,,
dinov2l_frozen,9,fair,stratum,mid,OTH,1,1.0,0.9850746268656716,,,
dinov2l_frozen,9,fair,stratum,dark,KC,2,0.5,0.484375,,,
dinov2l_frozen,9,fair,stratum,dark,MEL,5,0.0,0.7375,,,
dinov2l_frozen,9,fair,stratum,dark,LYM,9,0.5555555555555556,0.8506944444444444,,,
dinov2l_frozen,9,fair,stratum,dark,OTH,3,0.3333333333333333,0.90625,,,
dinov2l_frozen,9,fair,overall,light,,20,0.4,,all,84.0,0.725
dinov2l_frozen,9,fair,overall,mid,,30,0.3333333333333333,,all,97.0,0.763681592039801
dinov2l_frozen,9,fair,overall,dark,,19,0.3684210526315789,,all,83.0,0.7911184210526316
dinov2l_frozen,9,fair,overall,light,,19,0.3684210526315789,,noLYM,83.0,0.7129934210526315
dinov2l_frozen,9,fair,overall,mid,,28,0.35714285714285715,,noLYM,95.0,0.7574626865671642
dinov2l_frozen,9,fair,overall,dark,,10,0.2,,noLYM,74.0,0.7375
dinov2l_frozen,10,source,stratum,light,KC,16,0.875,0.7685546875,,,
dinov2l_frozen,10,source,stratum,light,MEL,2,1.0,0.421875,,,
dinov2l_frozen,10,source,stratum,light,LYM,1,0.0,0.078125,,,
dinov2l_frozen,10,source,stratum,light,OTH,1,1.0,0.5,,,
dinov2l_frozen,10,source,stratum,mid,KC,21,0.9047619047619048,0.7348969438521677,,,
dinov2l_frozen,10,source,stratum,mid,MEL,3,0.6666666666666666,0.5522388059701493,,,
dinov2l_frozen,10,source,stratum,mid,LYM,3,0.6666666666666666,0.5970149253731343,,,
dinov2l_frozen,10,source,stratum,mid,OTH,3,0.6666666666666666,0.7014925373134329,,,
dinov2l_frozen,10,source,stratum,dark,KC,5,0.8,0.671875,,,
dinov2l_frozen,10,source,stratum,dark,MEL,2,1.0,0.7734375,,,
dinov2l_frozen,10,source,stratum,dark,LYM,11,0.36363636363636365,0.40625,,,
dinov2l_frozen,10,source,stratum,dark,OTH,1,1.0,0.8125,,,
dinov2l_frozen,10,source,overall,light,,20,0.85,,all,84.0,0.6859375
dinov2l_frozen,10,source,overall,mid,,30,0.8333333333333334,,all,97.0,0.6995024875621891
dinov2l_frozen,10,source,overall,dark,,19,0.5789473684210527,,all,83.0,0.5361842105263157
dinov2l_frozen,10,source,overall,light,,19,0.8947368421052632,,noLYM,83.0,0.7179276315789473
dinov2l_frozen,10,source,overall,mid,,27,0.8518518518518519,,noLYM,94.0,0.710889994472084
dinov2l_frozen,10,source,overall,dark,,8,0.875,,noLYM,72.0,0.71484375
dinov2l_frozen,10,simple,stratum,light,KC,16,0.25,0.7685546875,,,
dinov2l_frozen,10,simple,stratum,light,MEL,2,0.0,0.5234375,,,
dinov2l_frozen,10,simple,stratum,light,LYM,1,0.0,0.703125,,,
dinov2l_frozen,10,simple,stratum,light,OTH,1,0.0,0.3125,,,
dinov2l_frozen,10,simple,stratum,mid,KC,21,0.2857142857142857,0.7960199004975125,,,
dinov2l_frozen,10,simple,stratum,mid,MEL,3,0.0,0.5273631840796019,,,
dinov2l_frozen,10,simple,stratum,mid,LYM,3,0.0,0.8855721393034826,,,
dinov2l_frozen,10,simple,stratum,mid,OTH,3,0.3333333333333333,0.8756218905472637,,,
dinov2l_frozen,10,simple,stratum,dark,KC,5,0.4,0.7906249999999999,,,
dinov2l_frozen,10,simple,stratum,dark,MEL,2,0.0,0.625,,,
dinov2l_frozen,10,simple,stratum,dark,LYM,11,0.2727272727272727,0.7272727272727273,,,
dinov2l_frozen,10,simple,stratum,dark,OTH,1,0.0,0.671875,,,
dinov2l_frozen,10,simple,overall,light,,20,0.2,,all,84.0,0.71796875
dinov2l_frozen,10,simple,overall,mid,,30,0.23333333333333334,,all,97.0,0.7860696517412935
dinov2l_frozen,10,simple,overall,dark,,19,0.2631578947368421,,all,83.0,0.7302631578947368
dinov2l_frozen,10,simple,overall,light,,19,0.21052631578947367,,noLYM,83.0,0.71875
dinov2l_frozen,10,simple,overall,mid,,27,0.25925925925925924,,noLYM,94.0,0.7750138197899391
dinov2l_frozen,10,simple,overall,dark,,8,0.25,,noLYM,72.0,0.734375
dinov2l_frozen,10,fair,stratum,light,KC,16,0.4375,0.8115234375,,,
dinov2l_frozen,10,fair,stratum,light,MEL,2,0.5,0.625,,,
dinov2l_frozen,10,fair,stratum,light,LYM,1,0.0,0.6875,,,
dinov2l_frozen,10,fair,stratum,light,OTH,1,0.0,0.375,,,
dinov2l_frozen,10,fair,stratum,mid,KC,21,0.42857142857142855,0.83226723525231,,,
dinov2l_frozen,10,fair,stratum,mid,MEL,3,0.0,0.49751243781094523,,,
dinov2l_frozen,10,fair,stratum,mid,LYM,3,0.6666666666666666,0.8507462686567163,,,
dinov2l_frozen,10,fair,stratum,mid,OTH,3,0.6666666666666666,0.8756218905472637,,,
dinov2l_frozen,10,fair,stratum,dark,KC,5,0.6,0.853125,,,
dinov2l_frozen,10,fair,stratum,dark,MEL,2,0.0,0.671875,,,
dinov2l_frozen,10,fair,stratum,dark,LYM,11,0.36363636363636365,0.8139204545454546,,,
dinov2l_frozen,10,fair,stratum,dark,OTH,1,0.0,0.78125,,,
dinov2l_frozen,10,fair,overall,light,,20,0.4,,all,84.0,0.76484375
dinov2l_frozen,10,fair,overall,mid,,30,0.43333333333333335,,all,97.0,0.8049751243781095
dinov2l_frozen,10,fair,overall,dark,,19,0.3684210526315789,,all,83.0,0.8075657894736843
dinov2l_frozen,10,fair,overall,light,,19,0.42105263157894735,,noLYM,83.0,0.7689144736842105
dinov2l_frozen,10,fair,overall,mid,,27,0.4074074074074074,,noLYM,94.0,0.7998894416804865
dinov2l_frozen,10,fair,overall,dark,,8,0.375,,noLYM,72.0,0.798828125
dinov2l_frozen,11,source,stratum,light,KC,15,0.8,0.6249999999999999,,,
dinov2l_frozen,11,source,stratum,light,MEL,2,1.0,0.6328125,,,
dinov2l_frozen,11,source,stratum,light,LYM,1,1.0,0.703125,,,
dinov2l_frozen,11,source,stratum,light,OTH,2,0.5,0.3046875,,,
dinov2l_frozen,11,source,stratum,mid,KC,21,0.8571428571428571,0.6872778962331201,,,
dinov2l_frozen,11,source,stratum,mid,MEL,4,1.0,0.6305970149253731,,,
dinov2l_frozen,11,source,stratum,mid,LYM,2,0.0,0.3656716417910448,,,
dinov2l_frozen,11,source,stratum,mid,OTH,3,1.0,0.6368159203980099,,,
dinov2l_frozen,11,source,stratum,dark,KC,4,1.0,0.95703125,,,
dinov2l_frozen,11,source,stratum,dark,MEL,4,0.75,0.75,,,
dinov2l_frozen,11,source,stratum,dark,LYM,10,0.7,0.684375,,,
dinov2l_frozen,11,source,stratum,dark,OTH,1,1.0,0.9375,,,
dinov2l_frozen,11,source,overall,light,,20,0.8,,all,84.0,0.59765625
dinov2l_frozen,11,source,overall,mid,,30,0.8333333333333334,,all,97.0,0.6532338308457712
dinov2l_frozen,11,source,overall,dark,,19,0.7894736842105263,,all,83.0,0.7689144736842104
dinov2l_frozen,11,source,overall,light,,19,0.7894736842105263,,noLYM,83.0,0.5921052631578947
dinov2l_frozen,11,source,overall,mid,,28,0.8928571428571429,,noLYM,95.0,0.673773987206823
dinov2l_frozen,11,source,overall,dark,,9,0.8888888888888888,,noLYM,73.0,0.8628472222222222
dinov2l_frozen,11,simple,stratum,light,KC,15,0.06666666666666667,0.6072916666666667,,,
dinov2l_frozen,11,simple,stratum,light,MEL,2,0.0,0.546875,,,
dinov2l_frozen,11,simple,stratum,light,LYM,1,0.0,0.859375,,,
dinov2l_frozen,11,simple,stratum,light,OTH,2,0.0,0.25,,,
dinov2l_frozen,11,simple,stratum,mid,KC,21,0.09523809523809523,0.6972281449893389,,,
dinov2l_frozen,11,simple,stratum,mid,MEL,4,0.0,0.7126865671641791,,,
dinov2l_frozen,11,simple,stratum,mid,LYM,2,0.0,0.7388059701492538,,,
dinov2l_frozen,11,simple,stratum,mid,OTH,3,0.0,0.7960199004975124,,,
dinov2l_frozen,11,simple,stratum,dark,KC,4,0.5,0.84375,,,
dinov2l_frozen,11,simple,stratum,dark,MEL,4,0.0,0.62109375,,,
dinov2l_frozen,11,simple,stratum,dark,LYM,10,0.5,0.91875,,,
dinov2l_frozen,11,simple,stratum,dark,OTH,1,0.0,0.859375,,,
dinov2l_frozen,11,simple,overall,light,,20,0.05,,all,84.0,0.578125
dinov2l_frozen,11,simple,overall,mid,,30,0.06666666666666667,,all,97.0,0.7119402985074628
dinov2l_frozen,11,simple,overall,dark,,19,0.3684210526315789,,all,83.0,0.8371710526315789
dinov2l_frozen,11,simple,overall,light,,19,0.05263157894736842,,noLYM,83.0,0.5633223684210527
dinov2l_frozen,11,simple,overall,mid,,28,0.07142857142857142,,noLYM,95.0,0.7100213219616205
dinov2l_frozen,11,simple,overall,dark,,9,0.2222222222222222,,noLYM,73.0,0.7465277777777777
dinov2l_frozen,11,fair,stratum,light,KC,15,0.13333333333333333,0.6312500000000001,,,
dinov2l_frozen,11,fair,stratum,light,MEL,2,0.0,0.5390625,,,
dinov2l_frozen,11,fair,stratum,light,LYM,1,0.0,0.890625,,,
dinov2l_frozen,11,fair,stratum,light,OTH,2,0.0,0.3203125,,,
dinov2l_frozen,11,fair,stratum,mid,KC,21,0.19047619047619047,0.736318407960199,,,
dinov2l_frozen,11,fair,stratum,mid,MEL,4,0.25,0.7238805970149254,,,
dinov2l_frozen,11,fair,stratum,mid,LYM,2,0.0,0.7388059701492538,,,
dinov2l_frozen,11,fair,stratum,mid,OTH,3,0.6666666666666666,0.8159203980099503,,,
dinov2l_frozen,11,fair,stratum,dark,KC,4,0.5,0.84375,,,
dinov2l_frozen,11,fair,stratum,dark,MEL,4,0.0,0.58203125,,,
dinov2l_frozen,11,fair,stratum,dark,LYM,10,0.8,0.9375,,,
dinov2l_frozen,11,fair,stratum,dark,OTH,1,1.0,0.984375,,,
dinov2l_frozen,11,fair,overall,light,,20,0.1,,all,84.0,0.60390625
dinov2l_frozen,11,fair,overall,mid,,30,0.23333333333333334,,all,97.0,0.7427860696517413
dinov2l_frozen,11,fair,overall,dark,,19,0.5789473684210527,,all,83.0,0.8453947368421053
dinov2l_frozen,11,fair,overall,light,,19,0.10526315789473684,,noLYM,83.0,0.5888157894736842
dinov2l_frozen,11,fair,overall,mid,,28,0.25,,noLYM,95.0,0.7430703624733476
dinov2l_frozen,11,fair,overall,dark,,9,0.3333333333333333,,noLYM,73.0,0.7430555555555556
dinov2l_frozen,12,source,stratum,light,KC,14,0.8571428571428571,0.6808035714285714,,,
dinov2l_frozen,12,source,stratum,light,MEL,3,0.3333333333333333,0.3333333333333333,,,
dinov2l_frozen,12,source,stratum,light,LYM,1,1.0,0.703125,,,
dinov2l_frozen,12,source,stratum,light,OTH,2,1.0,0.546875,,,
dinov2l_frozen,12,source,stratum,mid,KC,24,0.9166666666666666,0.7562189054726368,,,
dinov2l_frozen,12,source,stratum,mid,MEL,1,0.0,0.14925373134328357,,,
dinov2l_frozen,12,source,stratum,mid,LYM,3,0.3333333333333333,0.5373134328358209,,,
dinov2l_frozen,12,source,stratum,mid,OTH,2,1.0,0.7835820895522388,,,
dinov2l_frozen,12,source,stratum,dark,KC,3,1.0,0.7916666666666666,,,
dinov2l_frozen,12,source,stratum,dark,MEL,3,0.3333333333333333,0.4791666666666667,,,
dinov2l_frozen,12,source,stratum,dark,LYM,12,0.5,0.546875,,,
dinov2l_frozen,12,source,stratum,dark,OTH,1,1.0,0.59375,,,
dinov2l_frozen,12,source,overall,light,,20,0.8,,all,84.0,0.61640625
dinov2l_frozen,12,source,overall,mid,,30,0.8333333333333334,,all,97.0,0.7159203980099503
dinov2l_frozen,12,source,overall,dark,,19,0.5789473684210527,,all,83.0,0.5773026315789473
dinov2l_frozen,12,source,overall,light,,19,0.7894736842105263,,noLYM,83.0,0.6118421052631579
dinov2l_frozen,12,source,overall,mid,,27,0.8888888888888888,,noLYM,94.0,0.7357656163626313
dinov2l_frozen,12,source,overall,dark,,7,0.7142857142857143,,noLYM,71.0,0.6294642857142857
dinov2l_frozen,12,simple,stratum,light,KC,14,0.21428571428571427,0.7700892857142857,,,
dinov2l_frozen,12,simple,stratum,light,MEL,3,0.0,0.6614583333333333,,,
dinov2l_frozen,12,simple,stratum,light,LYM,1,0.0,0.875,,,
dinov2l_frozen,12,simple,stratum,light,OTH,2,0.0,0.2265625,,,
dinov2l_frozen,12,simple,stratum,mid,KC,24,0.375,0.7649253731343284,,,
dinov2l_frozen,12,simple,stratum,mid,MEL,1,0.0,0.14925373134328357,,,
dinov2l_frozen,12,simple,stratum,mid,LYM,3,0.3333333333333333,0.5820895522388059,,,
dinov2l_frozen,12,simple,stratum,mid,OTH,2,0.5,0.8059701492537314,,,
dinov2l_frozen,12,simple,stratum,dark,KC,3,0.0,0.4114583333333333,,,
dinov2l_frozen,12,simple,stratum,dark,MEL,3,0.0,0.53125,,,
dinov2l_frozen,12,simple,stratum,dark,LYM,12,0.25,0.8294270833333333,,,
dinov2l_frozen,12,simple,stratum,dark,OTH,1,0.0,0.859375,,,
dinov2l_frozen,12,simple,overall,light,,20,0.15,,all,84.0,0.7046874999999999
dinov2l_frozen,12,simple,overall,mid,,30,0.36666666666666664,,all,97.0,0.7288557213930349
dinov2l_frozen,12,simple,overall,dark,,19,0.15789473684210525,,all,83.0,0.7179276315789473
dinov2l_frozen,12,simple,overall,light,,19,0.15789473684210525,,noLYM,83.0,0.6957236842105263
dinov2l_frozen,12,simple,overall,mid,,27,0.37037037037037035,,noLYM,94.0,0.7451630735212825
dinov2l_frozen,12,simple,overall,dark,,7,0.0,,noLYM,71.0,0.5267857142857143
dinov2l_frozen,12,fair,stratum,light,KC,14,0.35714285714285715,0.7823660714285714,,,
dinov2l_frozen,12,fair,stratum,light,MEL,3,0.3333333333333333,0.7552083333333333,,,
dinov2l_frozen,12,fair,stratum,light,LYM,1,0.0,0.9375,,,
dinov2l_frozen,12,fair,stratum,light,OTH,2,0.0,0.3125,,,
dinov2l_frozen,12,fair,stratum,mid,KC,24,0.5416666666666666,0.7779850746268657,,,
dinov2l_frozen,12,fair,stratum,mid,MEL,1,0.0,0.16417910447761197,,,
dinov2l_frozen,12,fair,stratum,mid,LYM,3,0.3333333333333333,0.6218905472636815,,,
dinov2l_frozen,12,fair,stratum,mid,OTH,2,0.5,0.7761194029850746,,,
dinov2l_frozen,12,fair,stratum,dark,KC,3,0.0,0.44791666666666663,,,
dinov2l_frozen,12,fair,stratum,dark,MEL,3,0.0,0.5208333333333333,,,
dinov2l_frozen,12,fair,stratum,dark,LYM,12,0.5833333333333334,0.8658854166666667,,,
dinov2l_frozen,12,fair,stratum,dark,OTH,1,0.0,0.859375,,,
dinov2l_frozen,12,fair,overall,light,,20,0.3,,all,84.0,0.7390625
dinov2l_frozen,12,fair,overall,mid,,30,0.5,,all,97.0,0.7417910447761195
dinov2l_frozen,12,fair,overall,dark,,19,0.3684210526315789,,all,83.0,0.7450657894736842
dinov2l_frozen,12,fair,overall,light,,19,0.3157894736842105,,noLYM,83.0,0.7286184210526315
dinov2l_frozen,12,fair,overall,mid,,27,0.5185185185185185,,noLYM,94.0,0.7551133222775013
dinov2l_frozen,12,fair,overall,dark,,7,0.0,,noLYM,71.0,0.5379464285714286
dinov2l_frozen,13,source,stratum,light,KC,10,1.0,0.7093750000000001,,,
dinov2l_frozen,13,source,stratum,light,MEL,5,0.6,0.5125,,,
dinov2l_frozen,13,source,stratum,light,LYM,1,1.0,0.625,,,
dinov2l_frozen,13,source,stratum,light,OTH,4,0.75,0.4140625,,,
dinov2l_frozen,13,source,stratum,mid,KC,19,0.7368421052631579,0.6975648075412411,,,
dinov2l_frozen,13,source,stratum,mid,MEL,5,0.4,0.4,,,
dinov2l_frozen,13,source,stratum,mid,LYM,4,0.5,0.5037313432835822,,,
dinov2l_frozen,13,source,stratum,mid,OTH,2,0.5,0.7164179104477612,,,
dinov2l_frozen,13,source,stratum,dark,KC,4,1.0,0.91796875,,,
dinov2l_frozen,13,source,stratum,dark,MEL,3,0.3333333333333333,0.6041666666666666,,,
dinov2l_frozen,13,source,stratum,dark,LYM,12,0.5,0.5611979166666666,,,
dinov2l_frozen,13,source,overall,light,,20,0.85,,all,84.0,0.596875
dinov2l_frozen,13,source,overall,mid,,30,0.6333333333333333,,all,97.0,0.6233830845771144
dinov2l_frozen,13,source,overall,dark,,19,0.5789473684210527,,all,83.0,0.6430921052631579
dinov2l_frozen,13,source,overall,light,,19,0.8421052631578947,,noLYM,83.0,0.5953947368421052
dinov2l_frozen,13,source,overall,mid,,26,0.6538461538461539,,noLYM,93.0,0.6417910447761194
dinov2l_frozen,13,source,overall,dark,,7,0.7142857142857143,,noLYM,71.0,0.7834821428571428
dinov2l_frozen,13,simple,stratum,light,KC,10,0.3,0.79375,,,
dinov2l_frozen,13,simple,stratum,light,MEL,5,0.0,0.24687499999999998,,,
dinov2l_frozen,13,simple,stratum,light,LYM,1,0.0,0.875,,,
dinov2l_frozen,13,simple,stratum,light,OTH,4,0.25,0.359375,,,
dinov2l_frozen,13,simple,stratum,mid,KC,19,0.2631578947368421,0.8130400628436764,,,
dinov2l_frozen,13,simple,stratum,mid,MEL,5,0.0,0.4716417910447761,,,
dinov2l_frozen,13,simple,stratum,mid,LYM,4,0.0,0.7649253731343284,,,
dinov2l_frozen,13,simple,stratum,mid,OTH,2,0.5,0.8208955223880597,,,
dinov2l_frozen,13,simple,stratum,dark,KC,4,0.25,0.91796875,,,
dinov2l_frozen,13,simple,stratum,dark,MEL,3,0.0,0.6979166666666666,,,
dinov2l_frozen,13,simple,stratum,dark,LYM,12,0.5,0.8880208333333333,,,
dinov2l_frozen,13,simple,overall,light,,20,0.2,,all,84.0,0.57421875
dinov2l_frozen,13,simple,overall,mid,,30,0.2,,all,97.0,0.7502487562189055
dinov2l_frozen,13,simple,overall,dark,,19,0.3684210526315789,,all,83.0,0.8643092105263157
dinov2l_frozen,13,simple,overall,light,,19,0.21052631578947367,,noLYM,83.0,0.5583881578947368
dinov2l_frozen,13,simple,overall,mid,,26,0.23076923076923078,,noLYM,93.0,0.7479908151549943
dinov2l_frozen,13,simple,overall,dark,,7,0.14285714285714285,,noLYM,71.0,0.8236607142857143
dinov2l_frozen,13,fair,stratum,light,KC,10,0.3,0.8125,,,
dinov2l_frozen,13,fair,stratum,light,MEL,5,0.0,0.278125,,,
dinov2l_frozen,13,fair,stratum,light,LYM,1,0.0,0.90625,,,
dinov2l_frozen,13,fair,stratum,light,OTH,4,0.25,0.41015625,,,
dinov2l_frozen,13,fair,stratum,mid,KC,19,0.42105263157894735,0.8499607227022781,,,
dinov2l_frozen,13,fair,stratum,mid,MEL,5,0.0,0.4447761194029851,,,
dinov2l_frozen,13,fair,stratum,mid,LYM,4,0.25,0.7761194029850746,,,
dinov2l_frozen,13,fair,stratum,mid,OTH,2,0.5,0.9402985074626866,,,
dinov2l_frozen,13,fair,stratum,dark,KC,4,0.75,0.90625,,,
dinov2l_frozen,13,fair,stratum,dark,MEL,3,0.0,0.5729166666666666,,,
dinov2l_frozen,13,fair,stratum,dark,LYM,12,0.75,0.9192708333333333,,,
dinov2l_frozen,13,fair,overall,light,,20,0.2,,all,84.0,0.603125
dinov2l_frozen,13,fair,overall,mid,,30,0.3333333333333333,,all,97.0,0.7786069651741294
dinov2l_frozen,13,fair,overall,dark,,19,0.631578947368421,,all,83.0,0.861842105263158
dinov2l_frozen,13,fair,overall,light,,19,0.21052631578947367,,noLYM,83.0,0.587171052631579
dinov2l_frozen,13,fair,overall,mid,,26,0.34615384615384615,,noLYM,93.0,0.7789896670493686
dinov2l_frozen,13,fair,overall,dark,,7,0.42857142857142855,,noLYM,71.0,0.7633928571428571
dinov2l_frozen,14,source,stratum,light,KC,15,0.8,0.659375,,,
dinov2l_frozen,14,source,stratum,light,MEL,4,0.75,0.43359375,,,
dinov2l_frozen,14,source,stratum,light,LYM,1,1.0,0.421875,,,
dinov2l_frozen,14,source,stratum,mid,KC,27,0.9259259259259259,0.7783305693753454,,,
dinov2l_frozen,14,source,stratum,mid,MEL,2,1.0,0.664179104477612,,,
dinov2l_frozen,14,source,stratum,mid,LYM,1,1.0,0.835820895522388,,,
dinov2l_frozen,14,source,stratum,dark,KC,2,0.5,0.5390625,,,
dinov2l_frozen,14,source,stratum,dark,MEL,2,0.5,0.6953125,,,
dinov2l_frozen,14,source,stratum,dark,LYM,13,0.6923076923076923,0.6610576923076923,,,
dinov2l_frozen,14,source,stratum,dark,OTH,2,1.0,0.84375,,,
dinov2l_frozen,14,source,overall,light,,20,0.8,,all,84.0,0.60234375
dinov2l_frozen,14,source,overall,mid,,30,0.9333333333333333,,all,97.0,0.772636815920398
dinov2l_frozen,14,source,overall,dark,,19,0.6842105263157895,,all,83.0,0.6710526315789473
dinov2l_frozen,14,source,overall,light,,19,0.7894736842105263,,noLYM,83.0,0.6118421052631579
dinov2l_frozen,14,source,overall,mid,,29,0.9310344827586207,,noLYM,96.0,0.7704580545548122
dinov2l_frozen,14,source,overall,dark,,6,0.6666666666666666,,noLYM,70.0,0.6927083333333334
dinov2l_frozen,14,simple,stratum,light,KC,15,0.06666666666666667,0.6343749999999999,,,
dinov2l_frozen,14,simple,stratum,light,MEL,4,0.0,0.33203125,,,
dinov2l_frozen,14,simple,stratum,light,LYM,1,0.0,0.078125,,,
dinov2l_frozen,14,simple,stratum,mid,KC,27,0.14814814814814814,0.7611940298507462,,,
dinov2l_frozen,14,simple,stratum,mid,MEL,2,0.0,0.5597014925373134,,,
dinov2l_frozen,14,simple,stratum,mid,LYM,1,0.0,0.791044776119403,,,
dinov2l_frozen,14,simple,stratum,dark,KC,2,0.0,0.8515625,,,
dinov2l_frozen,14,simple,stratum,dark,MEL,2,0.0,0.4140625,,,
dinov2l_frozen,14,simple,stratum,dark,LYM,13,0.7692307692307693,0.8641826923076923,,,
dinov2l_frozen,14,simple,stratum,dark,OTH,2,0.0,0.8671875,,,
dinov2l_frozen,14,simple,overall,light,,20,0.05,,all,84.0,0.54609375
dinov2l_frozen,14,simple,overall,mid,,30,0.13333333333333333,,all,97.0,0.7487562189054727
dinov2l_frozen,14,simple,overall,dark,,19,0.5263157894736842,,all,83.0,0.8157894736842105
dinov2l_frozen,14,simple,overall,light,,19,0.05263157894736842,,noLYM,83.0,0.5707236842105263
dinov2l_frozen,14,simple,overall,mid,,29,0.13793103448275862,,noLYM,96.0,0.7472979927946474
dinov2l_frozen,14,simple,overall,dark,,6,0.0,,noLYM,70.0,0.7109375
dinov2l_frozen,14,fair,stratum,light,KC,15,0.2,0.6770833333333334,,,
dinov2l_frozen,14,fair,stratum,light,MEL,4,0.0,0.30859375,,,
dinov2l_frozen,14,fair,stratum,light,LYM,1,0.0,0.078125,,,
dinov2l_frozen,14,fair,stratum,mid,KC,27,0.2962962962962963,0.7943615257048092,,,
dinov2l_frozen,14,fair,stratum,mid,MEL,2,0.0,0.7014925373134329,,,
dinov2l_frozen,14,fair,stratum,mid,LYM,1,0.0,0.9701492537313433,,,
dinov2l_frozen,14,fair,stratum,dark,KC,2,0.5,0.6875,,,
dinov2l_frozen,14,fair,stratum,dark,MEL,2,0.0,0.5234375,,,
dinov2l_frozen,14,fair,stratum,dark,LYM,13,0.8461538461538461,0.90625,,,
dinov2l_frozen,14,fair,stratum,dark,OTH,2,0.0,0.953125,,,
dinov2l_frozen,14,fair,overall,light,,20,0.15,,all,84.0,0.5734375
dinov2l_frozen,14,fair,overall,mid,,30,0.26666666666666666,,all,97.0,0.7940298507462686
dinov2l_frozen,14,fair,overall,dark,,19,0.631578947368421,,all,83.0,0.8478618421052632
dinov2l_frozen,14,fair,overall,light,,19,0.15789473684210525,,noLYM,83.0,0.5995065789473684
dinov2l_frozen,14,fair,overall,mid,,29,0.27586206896551724,,noLYM,96.0,0.7879567678847144
dinov2l_frozen,14,fair,overall,dark,,6,0.16666666666666666,,noLYM,70.0,0.7213541666666667
dinov2l_frozen,15,source,stratum,light,KC,14,0.8571428571428571,0.703125,,,
dinov2l_frozen,15,source,stratum,light,MEL,4,0.75,0.5234375,,,
dinov2l_frozen,15,source,stratum,light,LYM,1,0.0,0.171875,,,
dinov2l_frozen,15,source,stratum,light,OTH,1,1.0,0.4375,,,
dinov2l_frozen,15,source,stratum,mid,KC,22,0.9545454545454546,0.7089552238805971,,,
dinov2l_frozen,15,source,stratum,mid,MEL,2,1.0,0.6567164179104478,,,
dinov2l_frozen,15,source,stratum,mid,LYM,4,0.5,0.40298507462686567,,,
dinov2l_frozen,15,source,stratum,mid,OTH,2,0.5,0.4626865671641791,,,
dinov2l_frozen,15,source,stratum,dark,KC,4,0.75,0.6640625,,,
dinov2l_frozen,15,source,stratum,dark,MEL,3,0.3333333333333333,0.5625,,,
dinov2l_frozen,15,source,stratum,dark,LYM,10,0.5,0.528125,,,
dinov2l_frozen,15,source,stratum,dark,OTH,2,1.0,0.8984375,,,
dinov2l_frozen,15,source,overall,light,,20,0.8,,all,84.0,0.62734375
dinov2l_frozen,15,source,overall,mid,,30,0.8666666666666667,,all,97.0,0.6482587064676617
dinov2l_frozen,15,source,overall,dark,,19,0.5789473684210527,,all,83.0,0.6011513157894737
dinov2l_frozen,15,source,overall,light,,19,0.8421052631578947,,noLYM,83.0,0.6513157894736841
dinov2l_frozen,15,source,overall,mid,,26,0.9230769230769231,,noLYM,93.0,0.6859931113662456
dinov2l_frozen,15,source,overall,dark,,9,0.6666666666666666,,noLYM,73.0,0.6822916666666666
dinov2l_frozen,15,simple,stratum,light,KC,14,0.14285714285714285,0.7790178571428572,,,
dinov2l_frozen,15,simple,stratum,light,MEL,4,0.0,0.28125,,,
dinov2l_frozen,15,simple,stratum,light,LYM,1,0.0,0.90625,,,
dinov2l_frozen,15,simple,stratum,light,OTH,1,0.0,0.328125,,,
dinov2l_frozen,15,simple,stratum,mid,KC,22,0.045454545454545456,0.7611940298507462,,,
dinov2l_frozen,15,simple,stratum,mid,MEL,2,0.0,0.5,,,
dinov2l_frozen,15,simple,stratum,mid,LYM,4,0.0,0.6679104477611939,,,
dinov2l_frozen,15,simple,stratum,mid,OTH,2,0.0,0.7462686567164178,,,
dinov2l_frozen,15,simple,stratum,dark,KC,4,0.25,0.61328125,,,
dinov2l_frozen,15,simple,stratum,dark,MEL,3,0.0,0.4635416666666667,,,
dinov2l_frozen,15,simple,stratum,dark,LYM,10,0.2,0.7812500000000001,,,
dinov2l_frozen,15,simple,stratum,dark,OTH,2,0.5,0.8671875,,,
dinov2l_frozen,15,simple,overall,light,,20,0.1,,all,84.0,0.6632812499999999
dinov2l_frozen,15,simple,overall,mid,,30,0.03333333333333333,,all,97.0,0.7303482587064677
dinov2l_frozen,15,simple,overall,dark,,19,0.21052631578947367,,all,83.0,0.7047697368421053
dinov2l_frozen,15,simple,overall,light,,19,0.10526315789473684,,noLYM,83.0,0.6504934210526316
dinov2l_frozen,15,simple,overall,mid,,26,0.038461538461538464,,noLYM,93.0,0.7399540757749713
dinov2l_frozen,15,simple,overall,dark,,9,0.2222222222222222,,noLYM,73.0,0.6197916666666666
dinov2l_frozen,15,fair,stratum,light,KC,14,0.42857142857142855,0.8337053571428572,,,
dinov2l_frozen,15,fair,stratum,light,MEL,4,0.0,0.359375,,,
dinov2l_frozen,15,fair,stratum,light,LYM,1,0.0,0.875,,,
dinov2l_frozen,15,fair,stratum,light,OTH,1,0.0,0.203125,,,
dinov2l_frozen,15,fair,stratum,mid,KC,22,0.2727272727272727,0.8134328358208955,,,
dinov2l_frozen,15,fair,stratum,mid,MEL,2,0.0,0.6268656716417911,,,
dinov2l_frozen,15,fair,stratum,mid,LYM,4,0.0,0.7313432835820894,,,
dinov2l_frozen,15,fair,stratum,mid,OTH,2,0.5,0.7761194029850746,,,
dinov2l_frozen,15,fair,stratum,dark,KC,4,0.25,0.55859375,,,
dinov2l_frozen,15,fair,stratum,dark,MEL,3,0.0,0.40625,,,
dinov2l_frozen,15,fair,stratum,dark,LYM,10,0.4,0.8,,,
dinov2l_frozen,15,fair,stratum,dark,OTH,2,0.5,0.8046875,,,
dinov2l_frozen,15,fair,overall,light,,20,0.3,,all,84.0,0.7093750000000001
dinov2l_frozen,15,fair,overall,mid,,30,0.23333333333333334,,all,97.0,0.7875621890547264
dinov2l_frozen,15,fair,overall,dark,,19,0.3157894736842105,,all,83.0,0.6875
dinov2l_frozen,15,fair,overall,light,,19,0.3157894736842105,,noLYM,83.0,0.7006578947368421
dinov2l_frozen,15,fair,overall,mid,,26,0.2692307692307692,,noLYM,93.0,0.796211251435132
dinov2l_frozen,15,fair,overall,dark,,9,0.2222222222222222,,noLYM,73.0,0.5625
dinov2l_frozen,16,source,stratum,light,KC,14,0.9285714285714286,0.7924107142857143,,,
dinov2l_frozen,16,source,stratum,light,MEL,3,0.3333333333333333,0.234375,,,
dinov2l_frozen,16,source,stratum,light,LYM,2,0.5,0.3984375,,,
dinov2l_frozen,16,source,stratum,light,OTH,1,1.0,0.53125,,,
dinov2l_frozen,16,source,stratum,mid,KC,23,0.9130434782608695,0.7806619078520441,,,
dinov2l_frozen,16,source,stratum,mid,MEL,3,0.6666666666666666,0.4079601990049751,,,
dinov2l_frozen,16,source,stratum,mid,LYM,3,0.6666666666666666,0.5422885572139303,,,
dinov2l_frozen,16,source,stratum,mid,OTH,1,1.0,0.6268656716417911,,,
dinov2l_frozen,16,source,stratum,dark,KC,5,0.8,0.65,,,
dinov2l_frozen,16,source,stratum,dark,MEL,3,0.6666666666666666,0.6614583333333333,,,
dinov2l_frozen,16,source,stratum,dark,LYM,8,0.625,0.587890625,,,
dinov2l_frozen,16,source,stratum,dark,OTH,3,1.0,0.890625,,,
dinov2l_frozen,16,source,overall,light,,20,0.8,,all,84.0,0.65625
dinov2l_frozen,16,source,overall,mid,,30,0.8666666666666667,,all,97.0,0.7144278606965174
dinov2l_frozen,16,source,overall,dark,,19,0.7368421052631579,,all,83.0,0.6636513157894737
dinov2l_frozen,16,source,overall,light,,18,0.8333333333333334,,noLYM,82.0,0.6848958333333334
dinov2l_frozen,16,source,overall,mid,,27,0.8888888888888888,,noLYM,94.0,0.7335544499723604
dinov2l_frozen,16,source,overall,dark,,11,0.8181818181818182,,noLYM,75.0,0.71875
dinov2l_frozen,16,simple,stratum,light,KC,14,0.35714285714285715,0.796875,,,
dinov2l_frozen,16,simple,stratum,light,MEL,3,0.0,0.24999999999999997,,,
dinov2l_frozen,16,simple,stratum,light,LYM,2,0.5,0.9609375,,,
dinov2l_frozen,16,simple,stratum,light,OTH,1,0.0,0.46875,,,
dinov2l_frozen,16,simple,stratum,mid,KC,23,0.13043478260869565,0.7475665152498377,,,
dinov2l_frozen,16,simple,stratum,mid,MEL,3,0.0,0.5223880597014925,,,
dinov2l_frozen,16,simple,stratum,mid,LYM,3,0.0,0.7960199004975125,,,
dinov2l_frozen,16,simple,stratum,mid,OTH,1,0.0,0.4925373134328358,,,
dinov2l_frozen,16,simple,stratum,dark,KC,5,0.0,0.47187500000000004,,,
dinov2l_frozen,16,simple,stratum,dark,MEL,3,0.0,0.71875,,,
dinov2l_frozen,16,simple,stratum,dark,LYM,8,0.25,0.80859375,,,
dinov2l_frozen,16,simple,stratum,dark,OTH,3,0.6666666666666666,0.828125,,,
dinov2l_frozen,16,simple,overall,light,,20,0.3,,all,84.0,0.7148437499999999
dinov2l_frozen,16,simple,overall,mid,,30,0.1,,all,97.0,0.7213930348258707
dinov2l_frozen,16,simple,overall,dark,,19,0.21052631578947367,,all,83.0,0.7088815789473684
dinov2l_frozen,16,simple,overall,light,,18,0.2777777777777778,,noLYM,82.0,0.6874999999999999
dinov2l_frozen,16,simple,overall,mid,,27,0.1111111111111111,,noLYM,94.0,0.7131011608623549
dinov2l_frozen,16,simple,overall,dark,,11,0.18181818181818182,,noLYM,75.0,0.6363636363636364
dinov2l_frozen,16,fair,stratum,light,KC,14,0.35714285714285715,0.8147321428571429,,,
dinov2l_frozen,16,fair,stratum,light,MEL,3,0.0,0.2864583333333333,,,
dinov2l_frozen,16,fair,stratum,light,LYM,2,0.5,0.9375,,,
dinov2l_frozen,16,fair,stratum,light,OTH,1,0.0,0.46875,,,
dinov2l_frozen,16,fair,stratum,mid,KC,23,0.2608695652173913,0.7871512005191434,,,
dinov2l_frozen,16,fair,stratum,mid,MEL,3,0.0,0.5522388059701493,,,
dinov2l_frozen,16,fair,stratum,mid,LYM,3,0.0,0.9154228855721394,,,
dinov2l_frozen,16,fair,stratum,mid,OTH,1,0.0,0.4029850746268657,,,
dinov2l_frozen,16,fair,stratum,dark,KC,5,0.0,0.515625,,,
dinov2l_frozen,16,fair,stratum,dark,MEL,3,0.0,0.6302083333333334,,,
dinov2l_frozen,16,fair,stratum,dark,LYM,8,0.625,0.859375,,,
dinov2l_frozen,16,fair,stratum,dark,OTH,3,0.6666666666666666,0.8854166666666666,,,
dinov2l_frozen,16,fair,overall,light,,20,0.3,,all,84.0,0.7304687499999999
dinov2l_frozen,16,fair,overall,mid,,30,0.2,,all,97.0,0.763681592039801
dinov2l_frozen,16,fair,overall,dark,,19,0.3684210526315789,,all,83.0,0.7368421052631579
dinov2l_frozen,16,fair,overall,light,,18,0.2777777777777778,,noLYM,82.0,0.7074652777777777
dinov2l_frozen,16,fair,overall,mid,,27,0.2222222222222222,,noLYM,94.0,0.7468214483139857
dinov2l_frozen,16,fair,overall,dark,,11,0.18181818181818182,,noLYM,75.0,0.6477272727272728
dinov2l_frozen,17,source,stratum,light,KC,14,0.9285714285714286,0.7332589285714286,,,
dinov2l_frozen,17,source,stratum,light,MEL,4,0.5,0.5078125,,,
dinov2l_frozen,17,source,stratum,light,OTH,2,1.0,0.515625,,,
dinov2l_frozen,17,source,stratum,mid,KC,23,0.7391304347826086,0.6716417910447762,,,
dinov2l_frozen,17,source,stratum,mid,MEL,4,0.5,0.34328358208955223,,,
dinov2l_frozen,17,source,stratum,mid,LYM,2,0.5,0.6119402985074627,,,
dinov2l_frozen,17,source,stratum,mid,OTH,1,0.0,0.4626865671641791,,,
dinov2l_frozen,17,source,stratum,dark,KC,4,1.0,0.80078125,,,
dinov2l_frozen,17,source,stratum,dark,MEL,4,0.5,0.53125,,,
dinov2l_frozen,17,source,stratum,dark,LYM,9,0.4444444444444444,0.5277777777777778,,,
dinov2l_frozen,17,source,stratum,dark,OTH,2,1.0,0.7265625,,,
dinov2l_frozen,17,source,overall,light,,20,0.85,,all,84.0,0.6664062500000001
dinov2l_frozen,17,source,overall,mid,,30,0.6666666666666666,,all,97.0,0.6169154228855722
dinov2l_frozen,17,source,overall,dark,,19,0.631578947368421,,all,83.0,0.606907894736842
dinov2l_frozen,17,source,overall,light,,20,0.85,,noLYM,84.0,0.6664062500000001
dinov2l_frozen,17,source,overall,mid,,28,0.6785714285714286,,noLYM,95.0,0.6172707889125799
dinov2l_frozen,17,source,overall,dark,,10,0.8,,noLYM,74.0,0.6781250000000001
dinov2l_frozen,17,simple,stratum,light,KC,14,0.14285714285714285,0.7790178571428572,,,
dinov2l_frozen,17,simple,stratum,light,MEL,4,0.0,0.44921875,,,
dinov2l_frozen,17,simple,stratum,light,OTH,2,0.0,0.390625,,,
dinov2l_frozen,17,simple,stratum,mid,KC,23,0.13043478260869565,0.7177157689811811,,,
dinov2l_frozen,17,simple,stratum,mid,MEL,4,0.0,0.48134328358208955,,,
dinov2l_frozen,17,simple,stratum,mid,LYM,2,0.0,0.7686567164179104,,,
dinov2l_frozen,17,simple,stratum,mid,OTH,1,0.0,0.6119402985074627,,,
dinov2l_frozen,17,simple,stratum,dark,KC,4,0.5,0.87890625,,,
dinov2l_frozen,17,simple,stratum,dark,MEL,4,0.0,0.609375,,,
dinov2l_frozen,17,simple,stratum,dark,LYM,9,0.2222222222222222,0.8333333333333334,,,
dinov2l_frozen,17,simple,stratum,dark,OTH,2,0.0,0.75,,,
dinov2l_frozen,17,simple,overall,light,,20,0.1,,all,84.0,0.67421875
dinov2l_frozen,17,simple,overall,mid,,30,0.1,,all,97.0,0.6860696517412935
dinov2l_frozen,17,simple,overall,dark,,19,0.21052631578947367,,all,83.0,0.7870065789473684
dinov2l_frozen,17,simple,overall,light,,20,0.1,,noLYM,84.0,0.67421875
dinov2l_frozen,17,simple,overall,mid,,28,0.10714285714285714,,noLYM,95.0,0.6801705756929637
dinov2l_frozen,17,simple,overall,dark,,10,0.2,,noLYM,74.0,0.7453125
dinov2l_frozen,17,fair,stratum,light,KC,14,0.35714285714285715,0.8058035714285714,,,
dinov2l_frozen,17,fair,stratum,light,MEL,4,0.25,0.50390625,,,
dinov2l_frozen,17,fair,stratum,light,OTH,2,0.0,0.40625,,,
dinov2l_frozen,17,fair,stratum,mid,KC,23,0.30434782608695654,0.772874756651525,,,
dinov2l_frozen,17,fair,stratum,mid,MEL,4,0.25,0.44029850746268656,,,
dinov2l_frozen,17,fair,stratum,mid,LYM,2,0.0,0.8432835820895522,,,
dinov2l_frozen,17,fair,stratum,mid,OTH,1,0.0,0.8805970149253731,,,
dinov2l_frozen,17,fair,stratum,dark,KC,4,0.75,0.94921875,,,
dinov2l_frozen,17,fair,stratum,dark,MEL,4,0.0,0.52734375,,,
dinov2l_frozen,17,fair,stratum,dark,LYM,9,0.6666666666666666,0.8628472222222222,,,
dinov2l_frozen,17,fair,stratum,dark,OTH,2,0.0,0.78125,,,
dinov2l_frozen,17,fair,overall,light,,20,0.3,,all,84.0,0.70546875
dinov2l_frozen,17,fair,overall,mid,,30,0.26666666666666666,,all,97.0,0.7368159203980099
dinov2l_frozen,17,fair,overall,dark,,19,0.47368421052631576,,all,83.0,0.8018092105263158
dinov2l_frozen,17,fair,overall,light,,20,0.3,,noLYM,84.0,0.70546875
dinov2l_frozen,17,fair,overall,mid,,28,0.2857142857142857,,noLYM,95.0,0.7292110874200427
dinov2l_frozen,17,fair,overall,dark,,10,0.3,,noLYM,74.0,0.746875
dinov2l_frozen,18,source,stratum,light,KC,16,0.8125,0.6357421875,,,
dinov2l_frozen,18,source,stratum,light,MEL,3,0.6666666666666666,0.453125,,,
dinov2l_frozen,18,source,stratum,light,OTH,1,1.0,0.4375,,,
dinov2l_frozen,18,source,stratum,mid,KC,23,0.9565217391304348,0.7592472420506164,,,
dinov2l_frozen,18,source,stratum,mid,MEL,3,0.6666666666666666,0.5124378109452736,,,
dinov2l_frozen,18,source,stratum,mid,LYM,2,0.5,0.5149253731343284,,,
dinov2l_frozen,18,source,stratum,mid,OTH,2,1.0,0.5522388059701493,,,
dinov2l_frozen,18,source,stratum,dark,KC,4,1.0,0.86328125,,,
dinov2l_frozen,18,source,stratum,dark,MEL,5,0.6,0.671875,,,
dinov2l_frozen,18,source,stratum,dark,LYM,7,0.7142857142857143,0.6361607142857143,,,
dinov2l_frozen,18,source,stratum,dark,OTH,3,1.0,0.9479166666666667,,,
dinov2l_frozen,18,source,overall,light,,20,0.8,,all,84.0,0.5984375
dinov2l_frozen,18,source,overall,mid,,30,0.9,,all,97.0,0.7044776119402985
dinov2l_frozen,18,source,overall,dark,,19,0.7894736842105263,,all,83.0,0.7425986842105263
dinov2l_frozen,18,source,overall,light,,20,0.8,,noLYM,84.0,0.5984375
dinov2l_frozen,18,source,overall,mid,,28,0.9285714285714286,,noLYM,95.0,0.7180170575692963
dinov2l_frozen,18,source,overall,dark,,12,0.8333333333333334,,noLYM,76.0,0.8046875
dinov2l_frozen,18,simple,stratum,light,KC,16,0.1875,0.6982421875,,,
dinov2l_frozen,18,simple,stratum,light,MEL,3,0.0,0.41145833333333337,,,
dinov2l_frozen,18,simple,stratum,light,OTH,1,0.0,0.421875,,,
dinov2l_frozen,18,simple,stratum,mid,KC,23,0.2608695652173913,0.7923426346528228,,,
dinov2l_frozen,18,simple,stratum,mid,MEL,3,0.0,0.48756218905472637,,,
dinov2l_frozen,18,simple,stratum,mid,LYM,2,0.0,0.6716417910447761,,,
dinov2l_frozen,18,simple,stratum,mid,OTH,2,0.0,0.7835820895522387,,,
dinov2l_frozen,18,simple,stratum,dark,KC,4,0.75,0.9140625,,,
dinov2l_frozen,18,simple,stratum,dark,MEL,5,0.0,0.734375,,,
dinov2l_frozen,18,simple,stratum,dark,LYM,7,0.5714285714285714,0.9330357142857143,,,
dinov2l_frozen,18,simple,stratum,dark,OTH,3,0.3333333333333333,0.8854166666666666,,,
dinov2l_frozen,18,simple,overall,light,,20,0.15,,all,84.0,0.64140625
dinov2l_frozen,18,simple,overall,mid,,30,0.2,,all,97.0,0.7532338308457712
dinov2l_frozen,18,simple,overall,dark,,19,0.42105263157894735,,all,83.0,0.8692434210526316
dinov2l_frozen,18,simple,overall,light,,20,0.15,,noLYM,84.0,0.64140625
dinov2l_frozen,18,simple,overall,mid,,28,0.21428571428571427,,noLYM,95.0,0.7590618336886994
dinov2l_frozen,18,simple,overall,dark,,12,0.3333333333333333,,noLYM,76.0,0.83203125
dinov2l_frozen,18,fair,stratum,light,KC,16,0.375,0.767578125,,,
dinov2l_frozen,18,fair,stratum,light,MEL,3,0.0,0.3958333333333333,,,
dinov2l_frozen,18,fair,stratum,light,OTH,1,0.0,0.515625,,,
dinov2l_frozen,18,fair,stratum,mid,KC,23,0.43478260869565216,0.8131083711875405,,,
dinov2l_frozen,18,fair,stratum,mid,MEL,3,0.0,0.417910447761194,,,
dinov2l_frozen,18,fair,stratum,mid,LYM,2,0.0,0.7537313432835822,,,
dinov2l_frozen,18,fair,stratum,mid,OTH,2,0.5,0.7985074626865672,,,
dinov2l_frozen,18,fair,stratum,dark,KC,4,0.75,0.9609375,,,
dinov2l_frozen,18,fair,stratum,dark,MEL,5,0.0,0.753125,,,
dinov2l_frozen,18,fair,stratum,dark,LYM,7,0.8571428571428571,0.953125,,,
dinov2l_frozen,18,fair,stratum,dark,OTH,3,0.3333333333333333,0.9479166666666666,,,
dinov2l_frozen,18,fair,overall,light,,20,0.3,,all,84.0,0.69921875
dinov2l_frozen,18,fair,overall,mid,,30,0.36666666666666664,,all,97.0,0.7686567164179104
dinov2l_frozen,18,fair,overall,dark,,19,0.5263157894736842,,all,83.0,0.9013157894736842
dinov2l_frozen,18,fair,overall,light,,20,0.3,,noLYM,84.0,0.69921875
dinov2l_frozen,18,fair,overall,mid,,28,0.39285714285714285,,noLYM,95.0,0.7697228144989339
dinov2l_frozen,18,fair,overall,dark,,12,0.3333333333333333,,noLYM,76.0,0.87109375
dinov2l_frozen,19,source,stratum,light,KC,17,0.8235294117647058,0.7265625,,,
dinov2l_frozen,19,source,stratum,light,MEL,1,0.0,0.171875,,,
dinov2l_frozen,19,source,stratum,light,LYM,1,1.0,0.765625,,,
dinov2l_frozen,19,source,stratum,light,OTH,1,0.0,0.109375,,,
dinov2l_frozen,19,source,stratum,mid,KC,23,0.9130434782608695,0.754704737183647,,,
dinov2l_frozen,19,source,stratum,mid,MEL,5,0.8,0.5253731343283583,,,
dinov2l_frozen,19,source,stratum,mid,LYM,2,0.5,0.5970149253731343,,,
dinov2l_frozen,19,source,stratum,dark,KC,2,1.0,0.9453125,,,
dinov2l_frozen,19,source,stratum,dark,MEL,4,0.25,0.58984375,,,
dinov2l_frozen,19,source,stratum,dark,LYM,10,0.5,0.5734375,,,
dinov2l_frozen,19,source,stratum,dark,OTH,3,1.0,0.828125,,,
dinov2l_frozen,19,source,overall,light,,20,0.75,,all,84.0,0.669921875
dinov2l_frozen,19,source,overall,mid,,30,0.8666666666666667,,all,97.0,0.7059701492537314
dinov2l_frozen,19,source,overall,dark,,19,0.5789473684210527,,all,83.0,0.65625
dinov2l_frozen,19,source,overall,light,,19,0.7368421052631579,,noLYM,83.0,0.6648848684210525
dinov2l_frozen,19,source,overall,mid,,28,0.8928571428571429,,noLYM,95.0,0.7137526652452025
dinov2l_frozen,19,source,overall,dark,,9,0.6666666666666666,,noLYM,73.0,0.748263888888889
dinov2l_frozen,19,simple,stratum,light,KC,17,0.29411764705882354,0.7196691176470589,,,
dinov2l_frozen,19,simple,stratum,light,MEL,1,0.0,0.546875,,,
dinov2l_frozen,19,simple,stratum,light,LYM,1,0.0,0.859375,,,
dinov2l_frozen,19,simple,stratum,light,OTH,1,0.0,0.125,,,
dinov2l_frozen,19,simple,stratum,mid,KC,23,0.13043478260869565,0.8001297858533419,,,
dinov2l_frozen,19,simple,stratum,mid,MEL,5,0.0,0.37014925373134333,,,
dinov2l_frozen,19,simple,stratum,mid,LYM,2,0.0,0.7611940298507462,,,
dinov2l_frozen,19,simple,stratum,dark,KC,2,0.5,0.890625,,,
dinov2l_frozen,19,simple,stratum,dark,MEL,4,0.0,0.1796875,,,
dinov2l_frozen,19,simple,stratum,dark,LYM,10,0.5,0.8921875,,,
dinov2l_frozen,19,simple,stratum,dark,OTH,3,0.3333333333333333,0.6666666666666666,,,
dinov2l_frozen,19,simple,overall,light,,20,0.25,,all,84.0,0.68828125
dinov2l_frozen,19,simple,overall,mid,,30,0.1,,all,97.0,0.7258706467661692
dinov2l_frozen,19,simple,overall,dark,,19,0.3684210526315789,,all,83.0,0.7064144736842104
dinov2l_frozen,19,simple,overall,light,,19,0.2631578947368421,,noLYM,83.0,0.6792763157894737
dinov2l_frozen,19,simple,overall,mid,,28,0.10714285714285714,,noLYM,95.0,0.7233475479744137
dinov2l_frozen,19,simple,overall,dark,,9,0.2222222222222222,,noLYM,73.0,0.49999999999999994
dinov2l_frozen,19,fair,stratum,light,KC,17,0.35294117647058826,0.75,,,
dinov2l_frozen,19,fair,stratum,light,MEL,1,0.0,0.546875,,,
dinov2l_frozen,19,fair,stratum,light,LYM,1,0.0,0.875,,,
dinov2l_frozen,19,fair,stratum,light,OTH,1,0.0,0.234375,,,
dinov2l_frozen,19,fair,stratum,mid,KC,23,0.30434782608695654,0.8293316028552887,,,
dinov2l_frozen,19,fair,stratum,mid,MEL,5,0.0,0.4656716417910448,,,
dinov2l_frozen,19,fair,stratum,mid,LYM,2,0.5,0.7388059701492536,,,
dinov2l_frozen,19,fair,stratum,dark,KC,2,1.0,0.984375,,,
dinov2l_frozen,19,fair,stratum,dark,MEL,4,0.0,0.1171875,,,
dinov2l_frozen,19,fair,stratum,dark,LYM,10,0.7,0.9109375,,,
dinov2l_frozen,19,fair,stratum,dark,OTH,3,0.3333333333333333,0.8541666666666666,,,
dinov2l_frozen,19,fair,overall,light,,20,0.3,,all,84.0,0.7203125
dinov2l_frozen,19,fair,overall,mid,,30,0.26666666666666666,,all,97.0,0.762686567164179
dinov2l_frozen,19,fair,overall,dark,,19,0.5263157894736842,,all,83.0,0.7425986842105263
dinov2l_frozen,19,fair,overall,light,,19,0.3157894736842105,,noLYM,83.0,0.7121710526315789
dinov2l_frozen,19,fair,overall,mid,,28,0.25,,noLYM,95.0,0.7643923240938166
dinov2l_frozen,19,fair,overall,dark,,9,0.3333333333333333,,noLYM,73.0,0.5555555555555556
